mechanism,adaptive_gain_scale,adaptive_gain_value,selected_coupling_memory_gain_rad_h,condition,D_period_h,V_period_h,mean_DV_period_h,mean_gap_h,mean_tau_D_h,mean_K_effective_rad_h,mean_gap_rad,delta_omega_rad_h,K_effective_rad_h,locking_ratio,phase_lock_possible,fractional_change,percent_change,D_period_change_h,V_period_change_h,mean_DV_period_change_h,gap_change_h,baseline_phase_lock_possible
adaptive period,0.0,0.0,-0.484,SP,23.829787234042556,23.914590747330962,23.87218899068676,0.2032407553702561,23.959188627026233,0.0035750484417668123,0.053208305331769734,0.0008042915614839274,0.0035750484417668123,0.22497361212997755,True,-1.0,-100.0,-0.1702127659574444,-0.08540925266903798,-0.1278110093132412,0.18507183193368304,True
adaptive period,0.0,0.0,-0.484,LP,23.829787234042556,23.914590747330962,23.87218899068676,0.2534270195179179,23.959188627026233,0.0035750484417668123,0.06634703856155401,0.0008042915614839274,0.0035750484417668123,0.22497361212997755,True,-1.0,-100.0,0.33328373753905893,0.3356433789099107,0.3344635582244848,-0.614787489375755,True
adaptive period,0.0,0.0,-0.484,LD,23.829787234042556,23.914590747330962,23.87218899068676,0.22744960940778475,23.959188627026233,0.0035750484417668123,0.05954616849811371,0.0008042915614839274,0.0035750484417668123,0.22497361212997755,True,-1.0,-100.0,0.08420419517329947,0.16900770846170587,0.12660595181750267,-0.21161648541144723,True
adaptive period,0.0,0.0,-0.484,T22,23.829787234042556,23.914590747330962,23.87218899068676,0.24784876131460656,23.959188627026233,0.0035750484417668123,0.06488665397894151,0.0008042915614839274,0.0035750484417668123,0.22497361212997755,True,-1.0,-100.0,-1.0591016548463372,-0.791291605610219,-0.9251966302282781,1.5462392181834095,False
adaptive period,0.0,0.0,-0.484,T26,23.829787234042556,23.914590747330962,23.87218899068676,0.21865382195464586,23.959188627026233,0.0035750484417668123,0.05724343672767051,0.0008042915614839274,0.0035750484417668123,0.22497361212997755,True,-1.0,-100.0,1.0501262170933998,0.9008921171939761,0.975509167143688,-2.0100798748877056,False
adaptive period,0.05,0.39972355534009324,-0.484,SP,23.829787234042556,23.914590747330962,23.87218899068676,0.1950454698727813,23.961647220274443,0.0035750484417668123,0.05106278460569159,0.0007773837871707934,0.0035750484417668123,0.21744706395827332,True,-0.95,-95.0,-0.1702127659574444,-0.08540925266903798,-0.1278110093132412,0.1768765464362082,True
adaptive period,0.05,0.39972355534009324,-0.484,LP,23.829787234042556,23.829787234042556,23.829787234042556,0.2782981286235514,23.9517143927262,0.0035750484417668123,0.0728582796992947,0.0008861263312990308,0.0035750484417668123,0.2478641466634509,True,-0.95,-95.0,0.33328373753905893,0.2508398656215043,0.2920618015802816,-0.5899163802701215,True
adaptive period,0.05,0.39972355534009324,-0.484,LD,23.829787234042556,23.914590747330962,23.87218899068676,0.236166224896973,23.956569197560782,0.0035750484417668123,0.061828173096863774,0.0008329656648847217,0.0035750484417668123,0.23299423167342165,True,-0.95,-95.0,0.08420419517329947,0.16900770846170587,0.12660595181750267,-0.20289986992225897,True
adaptive period,0.05,0.39972355534009324,-0.484,T22,23.914590747330962,23.914590747330962,23.914590747330962,0.18100550347062785,23.979359845394068,0.0035750484417668123,0.04738712999688719,0.0005836931871349149,0.0035750484417668123,0.16326860926294187,True,-0.95,-95.0,-0.9742981415579308,-0.791291605610219,-0.8827948735840749,1.4793959603394309,False
adaptive period,0.05,0.39972355534009324,-0.484,T26,23.829787234042556,23.829787234042556,23.829787234042556,0.2977438376265606,23.935392846510435,0.0035750484417668123,0.07794915441160291,0.0010650072444595149,0.0035750484417668123,0.29790008773508575,True,-0.95,-95.0,1.0501262170933998,0.8160886039055697,0.9331074104994848,-1.9309898592157908,False
adaptive period,0.1,0.7994471106801865,-0.484,SP,23.829787234042556,23.914590747330962,23.87218899068676,0.18674742604262679,23.96413728630743,0.0035750484417668123,0.04889036181102663,0.00075013719045669,0.0035750484417668123,0.20982574157399875,True,-0.9,-90.0,-0.1702127659574444,-0.08540925266903798,-0.1278110093132412,0.16857850260605373,True
adaptive period,0.1,0.7994471106801865,-0.484,LP,23.829787234042556,23.829787234042556,23.829787234042556,0.3036775570097841,23.94409372040613,0.0035750484417668123,0.07950259851350278,0.0009696170401174986,0.0035750484417668123,0.27121787464180697,True,-0.9,-90.0,0.33328373753905893,0.2508398656215043,0.2920618015802816,-0.5645369518838887,True
adaptive period,0.1,0.7994471106801865,-0.484,LD,23.829787234042556,23.914590747330962,23.87218899068676,0.24504699910117522,23.953901225458807,0.0035750484417668123,0.06415315434670639,0.0008621775964658407,0.0035750484417668123,0.24116529062743186,True,-0.9,-90.0,0.08420419517329947,0.16900770846170587,0.12660595181750267,-0.19401909571805676,True
adaptive period,0.1,0.7994471106801865,-0.484,T22,23.914590747330962,23.914590747330962,23.914590747330962,0.1131900556051833,23.999867786116784,0.0035750484417668123,0.02963308726238867,0.0003597924684263787,0.0035750484417668123,0.10063988622446943,True,-0.9,-90.0,-0.9742981415579308,-0.791291605610219,-0.8827948735840749,1.4115805124739862,False
adaptive period,0.1,0.7994471106801865,-0.484,T26,23.745583038869256,23.829787234042556,23.787685136455906,0.3785444281909331,23.91114660662504,0.0035750484417668123,0.09910269955516536,0.001331192076103549,0.0035750484417668123,0.37235637440640246,True,-0.9,-90.0,0.9659220219201003,0.8160886039055697,0.891005312912835,-1.8501892686514183,False
adaptive period,0.15000000000000002,1.1991706660202799,-0.484,SP,23.829787234042556,23.914590747330962,23.87218899068676,0.17834523609544348,23.966659263075954,0.0035750484417668123,0.04669067362668187,0.0007225471936868066,0.0035750484417668123,0.2021083645316199,True,-0.85,-85.0,-0.1702127659574444,-0.08540925266903798,-0.1278110093132412,0.1601763126588704,True
adaptive period,0.15000000000000002,1.1991706660202799,-0.484,LP,23.829787234042556,23.829787234042556,23.829787234042556,0.3295805158461518,23.93632249789119,0.0035750484417668123,0.0862839772790504,0.0010548118977416476,0.0035750484417668123,0.2950482811417103,True,-0.85,-85.0,0.33328373753905893,0.2508398656215043,0.2920618015802816,-0.5386339930475211,True
adaptive period,0.15000000000000002,1.1991706660202799,-0.484,LD,23.829787234042556,23.914590747330962,23.87218899068676,0.2540964970399276,23.951183386181736,0.0035750484417668123,0.06652230736696142,0.0008919422210016403,0.0035750484417668123,0.24949094691450857,True,-0.85,-85.0,0.08420419517329947,0.16900770846170587,0.12660595181750267,-0.18496959777930438,True
adaptive period,0.15000000000000002,1.1991706660202799,-0.484,T22,24.0,24.0,24.0,0.04438315745218637,24.02071887582278,0.0035750484417668123,0.011619483449575647,0.0001325372967380667,0.0035750484417668123,0.03707286737422945,True,-0.85,-85.0,-0.8888888888888928,-0.7058823529411811,-0.797385620915037,1.3427736143209894,False
adaptive period,0.15000000000000002,1.1991706660202799,-0.484,T26,23.661971830985912,23.745583038869256,23.703777434927584,0.46112349634069155,23.88643587944346,0.0035750484417668123,0.12072184904179638,0.0016030322497657679,0.0035750484417668123,0.44839455349408885,True,-0.85,-85.0,0.8823108140367566,0.7318844087322702,0.8070976113845134,-1.7676102005016598,False
adaptive period,0.2,1.598894221360373,-0.484,SP,23.914590747330962,23.914590747330962,23.914590747330962,0.16983749872235324,23.96921359313653,0.0035750484417668123,0.0444633531908509,0.0006946091754975736,0.0035750484417668123,0.19429364015954234,True,-0.8,-80.0,-0.08540925266903798,-0.08540925266903798,-0.08540925266903798,0.15166857528578015,True
adaptive period,0.2,1.598894221360373,-0.484,LP,23.745583038869256,23.829787234042556,23.787685136455906,0.35602281553331305,23.928396465133044,0.0035750484417668123,0.09320655514915087,0.0011417609210402913,0.0035750484417668123,0.31936935670612215,True,-0.8,-80.0,0.24907954236575947,0.2508398656215043,0.24995970399363188,-0.5121916933603599,True
adaptive period,0.2,1.598894221360373,-0.484,LD,23.829787234042556,23.829787234042556,23.829787234042556,0.26331944343793784,23.948414310035613,0.0035750484417668123,0.06893686908766487,0.0009222749180759493,0.0035750484417668123,0.2579755024578506,True,-0.8,-80.0,0.08420419517329947,0.08420419517329947,0.08420419517329947,-0.17574665138129414,True
adaptive period,0.2,1.598894221360373,-0.484,T22,24.0,24.0,24.0,-0.025434945175606707,24.041919641776644,0.0035750484417668123,-0.006658853075678765,-9.812482272075762e-05,0.0035750484417668123,0.02744713094636102,True,-0.8,-80.0,-0.8888888888888928,-0.7058823529411811,-0.797385620915037,1.2729555116931963,False
adaptive period,0.2,1.598894221360373,-0.484,T26,23.661971830985912,23.745583038869256,23.703777434927584,0.5455529613111629,23.86124601370547,0.0035750484417668123,0.14282543128327552,0.0018807228950107335,0.0035750484417668123,0.5260692059549459,True,-0.8,-80.0,0.8823108140367566,0.7318844087322702,0.8070976113845134,-1.6831807355311885,False
adaptive period,0.25,1.998617776700466,-0.484,SP,23.914590747330962,23.914590747330962,23.914590747330962,0.161222799366117,23.971800723577086,0.0035750484417668123,0.04220803017331453,0.0006663184718050941,0.0035750484417668123,0.18638026383659156,True,-0.75,-75.0,-0.08540925266903798,-0.08540925266903798,-0.08540925266903798,0.14305387592954394,True
adaptive period,0.25,1.998617776700466,-0.484,LP,23.745583038869256,23.829787234042556,23.787685136455906,0.3830208953319145,23.92031120774832,0.0035750484417668123,0.10027463591217732,0.0012305160167474516,0.0035750484417668123,0.34419562050446584,True,-0.75,-75.0,0.24907954236575947,0.2508398656215043,0.24995970399363188,-0.4851936135617584,True
adaptive period,0.25,1.998617776700466,-0.484,LD,23.829787234042556,23.829787234042556,23.829787234042556,0.2727207293321556,23.94559258037013,0.0035750484417668123,0.07139811997929586,0.0009531916030355303,0.0035750484417668123,0.26662340904238396,True,-0.75,-75.0,0.08420419517329947,0.08420419517329947,0.08420419517329947,-0.1663453654870764,True
adaptive period,0.25,1.998617776700466,-0.484,T22,24.086021505376344,24.086021505376344,24.086021505376344,-0.09628451796081848,24.06347671150378,0.0035750484417668123,-0.025207227856678487,-0.0003322467436840393,0.0035750484417668123,0.09293489279821919,True,-0.75,-75.0,-0.8028673835125488,-0.6198608475648371,-0.7113641155386929,1.2021059389079845,False
adaptive period,0.25,1.998617776700466,-0.484,T26,23.57894736842105,23.661971830985912,23.62045959970348,0.6319090735351616,23.835561698357914,0.0035750484417668123,0.16543340859623298,0.0021644686367392474,0.0035750484417668123,0.6054375687478945,True,-0.75,-75.0,0.7992863514718955,0.6482732008489265,0.7237797761604092,-1.5968246233071899,False
adaptive period,0.30000000000000004,2.3983413320405598,-0.484,SP,23.914590747330962,23.914590747330962,23.914590747330962,0.15249971052701083,23.974421105933484,0.0035750484417668123,0.03992433085551894,0.0006376703768953274,0.0035750484417668123,0.17836691929695545,True,-0.7,-70.0,-0.08540925266903798,-0.08540925266903798,-0.08540925266903798,0.13433078709043778,True
adaptive period,0.30000000000000004,2.3983413320405598,-0.484,LP,23.745583038869256,23.829787234042556,23.787685136455906,0.4105918547854797,23.91206215022208,0.0035750484417668123,0.10749269621815584,0.0013211310687834543,0.0035750484417668123,0.3695421447577764,True,-0.7,-70.0,0.24907954236575947,0.2508398656215043,0.24995970399363188,-0.4576226541081932,True
adaptive period,0.30000000000000004,2.3983413320405598,-0.484,LD,23.829787234042556,23.829787234042556,23.829787234042556,0.28230541899375217,23.94271673169607,0.0035750484417668123,0.07390738586494669,0.0009847087489174844,0.0035750484417668123,0.27543927444821836,True,-0.7,-70.0,0.08420419517329947,0.08420419517329947,0.08420419517329947,-0.1567606758254798,True
adaptive period,0.30000000000000004,2.3983413320405598,-0.484,T22,24.086021505376344,24.086021505376344,24.086021505376344,-0.16818635649922284,24.085396812280944,0.0035750484417668123,-0.04403108516766604,-0.0005698816497347603,0.0035750484417668123,0.15940529450647697,True,-0.7,-70.0,-0.8028673835125488,-0.6198608475648371,-0.7113641155386929,1.1302041003695802,False
adaptive period,0.30000000000000004,2.3983413320405598,-0.484,T26,23.57894736842105,23.661971830985912,23.62045959970348,0.720272759794388,23.80936692342876,0.0035750484417668123,0.1885669675625746,0.0024544841977298115,0.0035750484417668123,0.6865597033747575,True,-0.7,-70.0,0.7992863514718955,0.6482732008489265,0.7237797761604092,-1.5084609370479636,False
adaptive period,0.35000000000000003,2.7980648873806526,-0.484,SP,23.914590747330962,23.914590747330962,23.914590747330962,0.14366679209958996,23.977075196096482,0.0035750484417668123,0.037611878218740326,0.0006086601446213535,0.0035750484417668123,0.17025227896507877,True,-0.6499999999999999,-64.99999999999999,-0.08540925266903798,-0.08540925266903798,-0.08540925266903798,0.12549786866301688,True
adaptive period,0.35000000000000003,2.7980648873806526,-0.484,LP,23.745583038869256,23.745583038869256,23.745583038869256,0.43875348706783684,23.903644548756024,0.0035750484417668123,0.11486539430910171,0.0014136620303877856,0.0035750484417668123,0.39542458050978035,True,-0.6499999999999999,-64.99999999999999,0.24907954236575947,0.16663567044820482,0.20785760640698214,-0.42946102182583606,True
adaptive period,0.35000000000000003,2.7980648873806526,-0.484,LD,23.829787234042556,23.829787234042556,23.829787234042556,0.29207875718219195,23.939785247717165,0.0035750484417668123,0.07646603981943427,0.0010168434094008916,0.0035750484417668123,0.2844278688705994,True,-0.6499999999999999,-64.99999999999999,0.08420419517329947,0.08420419517329947,0.08420419517329947,-0.14698733763704003,True
adaptive period,0.35000000000000003,2.7980648873806526,-0.484,T22,24.1726618705036,24.1726618705036,24.1726618705036,-0.24116180560144507,24.107686770486307,0.0035750484417668123,-0.0631360130669958,-0.0008110830232954114,0.0035750484417668123,0.22687329598660455,True,-0.6499999999999999,-64.99999999999999,-0.7162270183852932,-0.5332204824375815,-0.6247237504114374,1.0572286512673579,False
adaptive period,0.35000000000000003,2.7980648873806526,-0.484,T26,23.496503496503497,23.57894736842105,23.537725432462274,0.810730002358233,23.78264493799907,0.0035750484417668123,0.21224861828778838,0.002750995048645677,0.0035750484417668123,0.7694986776979496,True,-0.6499999999999999,-64.99999999999999,0.7168424795543409,0.5652487382840654,0.6410456089192031,-1.4180036944841183,False
adaptive period,0.4,3.197788442720746,-0.484,SP,23.914590747330962,23.914590747330962,23.914590747330962,0.13472259174235904,23.979763454208495,0.0035750484417668123,0.03527029204086434,0.0005792829897143803,0.0035750484417668123,0.16203500432237355,True,-0.6,-60.0,-0.08540925266903798,-0.08540925266903798,-0.08540925266903798,0.11655366830578597,True
adaptive period,0.4,3.197788442720746,-0.484,LP,23.745583038869256,23.745583038869256,23.745583038869256,0.46752431439688585,23.89505348373961,0.0035750484417668123,0.12239757929032179,0.0015081670213751286,0.0035750484417668123,0.4218591848310124,True,-0.6,-60.0,0.24907954236575947,0.16663567044820482,0.20785760640698214,-0.40069019449678706,True
adaptive period,0.4,3.197788442720746,-0.484,LD,23.829787234042556,23.829787234042556,23.829787234042556,0.3020461767499625,23.936796559271816,0.0035750484417668123,0.07907550416021386,0.0010496132428381988,0.0035750484417668123,0.2935941316418843,True,-0.6,-60.0,0.08420419517329947,0.08420419517329947,0.08420419517329947,-0.1370199180692695,True
adaptive period,0.4,3.197788442720746,-0.484,T22,24.1726618705036,24.1726618705036,24.1726618705036,-0.3152327795183298,24.13035351080267,0.0035750484417668123,-0.082527748692123,-0.0010559046126557003,0.0035750484417668123,0.2953539315215168,True,-0.6,-60.0,-0.7162270183852932,-0.5332204824375815,-0.6247237504114374,0.9831576773504731,False
adaptive period,0.4,3.197788442720746,-0.484,T26,23.414634146341463,23.496503496503497,23.45556882142248,0.9033722560538219,23.7553782050132,0.0035750484417668123,0.236502303589627,0.003054238109993501,0.0035750484417668123,0.8543207622898885,True,-0.6,-60.0,0.6349731293923071,0.48280486636651077,0.5588889978794107,-1.3253614407885297,False
adaptive period,0.45,3.5975119980608388,-0.484,SP,23.914590747330962,23.914590747330962,23.914590747330962,0.1256656452821545,23.982486344549674,0.0035750484417668123,0.03289918900225312,0.000549534089212933,0.0035750484417668123,0.153713746306987,True,-0.55,-55.00000000000001,-0.08540925266903798,-0.08540925266903798,-0.08540925266903798,0.10749672184558141,True
adaptive period,0.45,3.5975119980608388,-0.484,LP,23.661971830985912,23.745583038869256,23.703777434927584,0.49692362566860787,23.886283851820803,0.0035750484417668123,0.13009430098297523,0.001604706430849645,0.0035750484417668123,0.44886284954969413,True,-0.55,-55.00000000000001,0.1654683344824157,0.16663567044820482,0.16605200246531027,-0.37129088322506504,True
adaptive period,0.45,3.5975119980608388,-0.484,LD,23.829787234042556,23.829787234042556,23.829787234042556,0.3122133066167253,23.93374904218022,0.0035750484417668123,0.08173725253500681,0.0010830365374219775,0.0035750484417668123,0.30294317827109885,True,-0.55,-55.00000000000001,0.08420419517329947,0.08420419517329947,0.08420419517329947,-0.12685278820250667,True
adaptive period,0.45,3.5975119980608388,-0.484,T22,24.259927797833935,24.259927797833935,24.259927797833935,-0.39042178313020404,24.153404055267522,0.0035750484417668123,-0.1022121838069397,-0.0013044003969951978,0.0035750484417668123,0.36486229997783043,True,-0.55,-55.00000000000001,-0.6289610910549577,-0.4459545551072459,-0.5374578230811018,0.9079686737385989,False
adaptive period,0.45,3.5975119980608388,-0.484,T26,23.333333333333332,23.496503496503497,23.414918414918414,0.9982969077320174,23.727548352639978,0.0035750484417668123,0.2613535192860261,0.0033644625110207937,0.0035750484417668123,0.9410956427091249,True,-0.55,-55.00000000000001,0.5536723163841764,0.48280486636651077,0.5182385913753436,-1.230436789110334,False
adaptive period,0.5,3.997235553400932,-0.484,SP,23.914590747330962,23.914590747330962,23.914590747330962,0.11649447715481587,23.985244335412652,0.0035750484417668123,0.03049818280111279,0.0005194085840184437,0.0035750484417668123,0.14528714574892546,True,-0.5,-50.0,-0.08540925266903798,-0.08540925266903798,-0.08540925266903798,0.0983255537182428,True
adaptive period,0.5,3.997235553400932,-0.484,LP,23.661971830985912,23.745583038869256,23.703777434927584,0.5269715164783485,23.87733035755143,0.0035750484417668123,0.13796082040162103,0.0017033430257374915,0.0035750484417668123,0.47645313161006797,True,-0.5,-50.0,0.1654683344824157,0.16663567044820482,0.16605200246531027,-0.3412429924153244,True
adaptive period,0.5,3.997235553400932,-0.484,LD,23.745583038869256,23.829787234042556,23.787685136455906,0.3225859801344928,23.930641014991842,0.0035750484417668123,0.0844528121117988,0.001117132237550278,0.0035750484417668123,0.3124803078187617,True,-0.5,-50.0,0.0,0.08420419517329947,0.042102097586649734,-0.11648011468473918,True
adaptive period,0.5,3.997235553400932,-0.484,T22,24.347826086956523,24.259927797833935,24.303876942395227,-0.4667519341385109,24.176845522163507,0.0035750484417668123,-0.12219537061153107,-0.001556624549360175,0.0035750484417668123,0.43541355444987506,True,-0.5,-50.0,-0.5410628019323696,-0.4459545551072459,-0.4935086785198095,0.831638522730292,False
adaptive period,0.5,3.997235553400932,-0.484,T26,23.333333333333332,23.414634146341463,23.3739837398374,1.0956077831853432,23.699136121867014,0.0035750484417668123,0.2868294469059061,0.003681930411096046,0.0035750484417668123,1.0298966492539083,False,-0.5,-50.0,0.5536723163841764,0.400935516204477,0.47730391629432845,-1.1331259136570082,False
adaptive period,0.55,4.396959108741026,-0.484,SP,23.914590747330962,23.914590747330962,23.914590747330962,0.10720760088423277,23.988037898965334,0.0035750484417668123,0.02806688427890769,0.0004889015805820685,0.0035750484417668123,0.13675383384188497,True,-0.44999999999999996,-44.99999999999999,-0.08540925266903798,-0.08540925266903798,-0.08540925266903798,0.0890386774476597,True
adaptive period,0.55,4.396959108741026,-0.484,LP,23.661971830985912,23.745583038869256,23.703777434927584,0.5576889317120276,23.868187504580337,0.0035750484417668123,0.14600262090457047,0.0018041420655254825,0.0035750484417668123,0.5046482851666938,True,-0.44999999999999996,-44.99999999999999,0.1654683344824157,0.16663567044820482,0.16605200246531027,-0.3105255771816453,True
adaptive period,0.55,4.396959108741026,-0.484,LD,23.745583038869256,23.829787234042556,23.787685136455906,0.33317024386485355,23.927470736628173,0.0035750484417668123,0.08722376587671199,0.0011519199714525308,0.0035750484417668123,0.32221101062430485,True,-0.44999999999999996,-44.99999999999999,0.0,0.08420419517329947,0.042102097586649734,-0.10589585095437842,True
adaptive period,0.55,4.396959108741026,-0.484,T22,24.347826086956523,24.347826086956523,24.347826086956523,-0.5442469862986817,24.200685124743075,0.0035750484417668123,-0.14248352782452695,-0.001812631397557385,0.0035750484417668123,0.5070228913210392,True,-0.44999999999999996,-44.99999999999999,-0.5410628019323696,-0.3580562659846578,-0.44955953395851367,0.7541434705701212,False
adaptive period,0.55,4.396959108741026,-0.484,T26,23.252595155709344,23.414634146341463,23.333614651025403,1.1954157072529121,23.67012130997593,0.0035750484417668123,0.31295910032429963,0.004006917889748718,0.0035750484417668123,1.1208010059210478,False,-0.44999999999999996,-44.99999999999999,0.47293413876018775,0.400935516204477,0.43693482748233237,-1.0333179895894393,False
adaptive period,0.6000000000000001,4.7966826640811195,-0.484,SP,23.914590747330962,23.914590747330962,23.914590747330962,0.09780351960179297,23.9908675111011,0.0035750484417668123,0.02560490155635151,0.00045800815273105977,0.0035750484417668123,0.12811243265411787,True,-0.3999999999999999,-39.99999999999999,-0.08540925266903798,-0.08540925266903798,-0.08540925266903798,0.0796345961652199,True
adaptive period,0.6000000000000001,4.7966826640811195,-0.484,LP,23.661971830985912,23.661971830985912,23.661971830985912,0.589097710905717,23.858849586365594,0.0035750484417668123,0.15422542006899703,0.001907171423623788,0.0035750484417668123,0.533467295531596,True,-0.3999999999999999,-39.99999999999999,0.1654683344824157,0.08302446256486107,0.12424639852363839,-0.27911679798795586,True
adaptive period,0.6000000000000001,4.7966826640811195,-0.484,LD,23.745583038869256,23.829787234042556,23.787685136455906,0.34397236679233356,23.924236403915188,0.0035750484417668123,0.0900517550460574,0.0011874200801469947,0.0035750484417668123,0.33214097640594875,True,-0.3999999999999999,-39.99999999999999,0.0,0.08420419517329947,0.042102097586649734,-0.09509372802689842,True
adaptive period,0.6000000000000001,4.7966826640811195,-0.484,T22,24.436363636363637,24.347826086956523,24.39209486166008,-0.6229313537292235,24.22493016978096,0.0035750484417668123,-0.1630830470472061,-0.002072475382931538,0.0035750484417668123,0.5797055387331499,True,-0.3999999999999999,-39.99999999999999,-0.45252525252525544,-0.3580562659846578,-0.4052907592549566,0.6754591031395795,False
adaptive period,0.6000000000000001,4.7966826640811195,-0.484,T26,23.17241379310345,23.333333333333332,23.25287356321839,1.2978391236226539,23.64048270950738,0.0035750484417668123,0.3397734880261954,0.004339715912263398,0.0035750484417668123,1.2138901004985212,False,-0.3999999999999999,-39.99999999999999,0.3927527761542926,0.31963470319634624,0.3561937396753194,-0.9308945732196976,False
adaptive period,0.65,5.1964062194212115,-0.484,SP,23.914590747330962,23.914590747330962,23.914590747330962,0.08828072660846299,23.99373365127576,0.0035750484417668123,0.02311184018055969,0.0004267233436406892,0.0035750484417668123,0.11936155568001192,True,-0.35,-35.0,-0.08540925266903798,-0.08540925266903798,-0.08540925266903798,0.07011180317188992,True
adaptive period,0.65,5.1964062194212115,-0.484,LP,23.57894736842105,23.661971830985912,23.62045959970348,0.6212206365899862,23.84931067637479,0.0035750484417668123,0.16263518234745625,0.002012501715802917,0.0035750484417668123,0.5629299151002064,True,-0.35,-35.0,0.08244387191755465,0.08302446256486107,0.08273416724120608,-0.24699387230368675,True
adaptive period,0.65,5.1964062194212115,-0.484,LD,23.745583038869256,23.829787234042556,23.787685136455906,0.3549988499985817,23.92093614899975,0.0035750484417668123,0.09293848159903077,0.0012236536478004156,0.0035750484417668123,0.3422761027528002,True,-0.35,-35.0,0.0,0.08420419517329947,0.042102097586649734,-0.08406724482065026,True
adaptive period,0.65,5.1964062194212115,-0.484,T22,24.436363636363637,24.436363636363637,24.436363636363637,-0.7028301363310089,24.249588055948443,0.0035750484417668123,-0.18400049941825083,-0.0023362110169982686,0.0035750484417668123,0.653476744455999,True,-0.35,-35.0,-0.45252525252525544,-0.26951871657754367,-0.36102198455139956,0.5955603205377941,False
adaptive period,0.65,5.1964062194212115,-0.484,T26,23.17241379310345,23.333333333333332,23.25287356321839,1.4030047817273839,23.610198042281098,0.0035750484417668123,0.36730579293550836,0.004680631378533473,0.0035750484417668123,1.3092497779471415,False,-0.35,-35.0,0.3927527761542926,0.31963470319634624,0.3561937396753194,-0.8257289151149676,False
adaptive period,0.7000000000000001,5.596129774761305,-0.484,SP,23.914590747330962,24.0,23.95729537366548,0.07863770598119582,23.99663680233044,0.0035750484417668123,0.020587303283806577,0.0003950421679600469,0.0035750484417668123,0.11049980843471158,True,-0.29999999999999993,-29.999999999999993,-0.08540925266903798,0.0,-0.04270462633451899,0.06046878254462275,True
adaptive period,0.7000000000000001,5.596129774761305,-0.484,LP,23.57894736842105,23.661971830985912,23.62045959970348,0.6540814858561395,23.839564617740276,0.0035750484417668123,0.17123813256789533,0.0021202064361913187,0.0035750484417668123,0.5930567013921352,True,-0.29999999999999993,-29.999999999999993,0.08244387191755465,0.08302446256486107,0.08273416724120608,-0.21413302303753345,True
adaptive period,0.7000000000000001,5.596129774761305,-0.484,LD,23.745583038869256,23.829787234042556,23.787685136455906,0.36625643682401615,23.917568036643775,0.0035750484417668123,0.09588571093802528,0.0012606425335687232,0.0035750484417668123,0.35262250403121964,True,-0.29999999999999993,-29.999999999999993,0.0,0.08420419517329947,0.042102097586649734,-0.07280965799521583,True
adaptive period,0.7000000000000001,5.596129774761305,-0.484,T22,24.525547445255473,24.436363636363637,24.480955540809553,-0.7839691463452485,24.274666272003188,0.0035750484417668123,-0.20524264256660785,-0.0026038928359066182,0.0035750484417668123,0.7283517631497484,True,-0.29999999999999993,-29.999999999999993,-0.3633414436334199,-0.26951871657754367,-0.31643008010548357,0.5144213105235544,False
adaptive period,0.7000000000000001,5.596129774761305,-0.484,T26,23.09278350515464,23.252595155709344,23.172689330431993,1.511048499145047,23.579243887986955,0.0035750484417668123,0.3955915720109969,0.005029988263797969,0.0035750484417668123,1.4069706594834601,False,-0.29999999999999993,-29.999999999999993,0.31312248820548305,0.23889652557235763,0.2760095068889221,-0.7176851976973044,False
adaptive period,0.75,5.995853330101398,-0.484,SP,23.914590747330962,24.0,23.95729537366548,0.06887293322699534,23.999577450299796,0.0035750484417668123,0.018030891754759075,0.0003629596140994895,0.0035750484417668123,0.1015257890939549,True,-0.25,-25.0,-0.08540925266903798,0.0,-0.04270462633451899,0.050704009790422264,True
adaptive period,0.75,5.995853330101398,-0.484,LP,23.57894736842105,23.661971830985912,23.62045959970348,0.6877050854021076,23.829605012333545,0.0035750484417668123,0.18004077034463353,0.0022303621013579633,0.0035750484417668123,0.6238690573534449,True,-0.25,-25.0,0.08244387191755465,0.08302446256486107,0.08273416724120608,-0.1805094234915653,True
adaptive period,0.75,5.995853330101398,-0.484,LD,23.745583038869256,23.829787234042556,23.787685136455906,0.37775212354513377,23.91413006138957,0.0035750484417668123,0.09889527468394467,0.0012984094050004225,0.0035750484417668123,0.363186520728301,True,-0.25,-25.0,0.0,0.08420419517329947,0.042102097586649734,-0.06131397127409821,True
adaptive period,0.75,5.995853330101398,-0.484,T22,24.525547445255473,24.525547445255473,24.525547445255473,-0.8663749360750551,24.300172394788945,0.0035750484417668123,-0.22681642786897663,-0.0028755753527137107,0.0035750484417668123,0.8043458430153697,True,-0.25,-25.0,-0.3633414436334199,-0.18033490768570815,-0.27183817565956403,0.43201552079374783,False
adaptive period,0.75,5.995853330101398,-0.484,T26,23.013698630136986,23.17241379310345,23.093056211620215,1.6221160090692177,23.547595606807075,0.0035750484417668123,0.4246689781135207,0.0053881288609377576,0.0035750484417668123,1.5071484900705034,False,-0.25,-25.0,0.23403761318783012,0.1587151629664625,0.19637638807714453,-0.6066176877731337,False
adaptive period,0.8,6.395576885441492,-0.484,SP,23.914590747330962,24.0,23.95729537366548,0.05898487598566093,24.002556084204674,0.0035750484417668123,0.01544220442245478,0.00033047064668678683,0.0035750484417668123,0.09243808918109822,True,-0.19999999999999996,-19.999999999999996,-0.08540925266903798,0.0,-0.04270462633451899,0.040815952549087854,True
adaptive period,0.8,6.395576885441492,-0.484,LP,23.57894736842105,23.661971830985912,23.62045959970348,0.7221173703418385,23.819425209220427,0.0035750484417668123,0.18904988547462498,0.002343048403047554,0.0035750484417668123,0.6553892740792078,True,-0.19999999999999996,-19.999999999999996,0.08244387191755465,0.08302446256486107,0.08273416724120608,-0.14609713855183437,True
adaptive period,0.8,6.395576885441492,-0.484,LD,23.745583038869256,23.829787234042556,23.787685136455906,0.38949317059825117,23.910620144589558,0.0035750484417668123,0.10196907361457182,0.0013369777730887766,0.0035750484417668123,0.37397472925654496,True,-0.19999999999999996,-19.999999999999996,0.0,0.08420419517329947,0.042102097586649734,-0.04957292422098081,True
adaptive period,0.8,6.395576885441492,-0.484,T22,24.615384615384613,24.525547445255473,24.57046603032004,-0.9500748267875119,24.32611408703922,0.0035750484417668123,-0.24872900801635353,-0.0031513130074558027,0.0035750484417668123,0.8814742118286943,True,-0.19999999999999996,-19.999999999999996,-0.27350427350427964,-0.18033490768570815,-0.22691959059499567,0.34831563008129107,False
adaptive period,0.8,6.395576885441492,-0.484,T26,23.013698630136986,23.17241379310345,23.093056211620215,1.7363639037332061,23.51522725546604,0.0035750484417668123,0.4545790069938946,0.005755415135197062,0.0035750484417668123,1.609884517355714,False,-0.19999999999999996,-19.999999999999996,0.23403761318783012,0.1587151629664625,0.19637638807714453,-0.4923697931091453,False
adaptive period,0.8500000000000001,6.795300440781586,-0.484,SP,23.914590747330962,24.0,23.95729537366548,0.04897199478520716,24.0055731958284,0.0035750484417668123,0.012820838254070372,0.0002975702092028465,0.0035750484417668123,0.08323529430437182,True,-0.1499999999999999,-14.999999999999991,-0.08540925266903798,0.0,-0.04270462633451899,0.030803071348634088,True
adaptive period,0.8500000000000001,6.795300440781586,-0.484,LP,23.496503496503497,23.57894736842105,23.537725432462274,0.7573454470878457,23.809018292455516,0.0035750484417668123,0.1982725744000711,0.002458348370181551,0.0035750484417668123,0.6876405761278634,True,-0.1499999999999999,-14.999999999999991,0.0,0.0,0.0,-0.11086906180582723,True
adaptive period,0.8500000000000001,6.795300440781586,-0.484,LD,23.745583038869256,23.829787234042556,23.787685136455906,0.4014871143812881,23.907036131292852,0.0035750484417668123,0.1051090807542683,0.0013763720290682624,0.0035750484417668123,0.38499395224643457,True,-0.1499999999999999,-14.999999999999991,0.0,0.08420419517329947,0.042102097586649734,-0.03757898043794389,True
adaptive period,0.8500000000000001,6.795300440781586,-0.484,T22,24.70588235294118,24.615384615384613,24.660633484162897,-1.0350969388059117,24.352499094979486,0.0035750484417668123,-0.2709877448921613,-0.0034311601150093796,0.0035750484417668123,0.9597520623563013,True,-0.1499999999999999,-14.999999999999991,-0.18300653594771177,-0.09049773755656787,-0.13675213675213982,0.26329351806289125,False
adaptive period,0.8500000000000001,6.795300440781586,-0.484,T26,22.935153583617748,23.09278350515464,23.013968544386195,1.8539606861693476,23.48211149603421,0.0035750484417668123,0.4853657726428262,0.006132230203563682,0.0035750484417668123,1.7152859054779952,False,-0.1499999999999999,-14.999999999999991,0.1554925666685918,0.07908487501765293,0.11728872084312414,-0.37477301067300384,False
adaptive period,0.9,7.1950239961216775,-0.484,SP,23.914590747330962,24.0,23.95729537366548,0.038832743851241344,24.008629279475894,0.0035750484417668123,0.010166388566816167,0.0002642532268030684,0.0035750484417668123,0.07391598494605928,True,-0.09999999999999998,-9.999999999999998,-0.08540925266903798,0.0,-0.04270462633451899,0.02066382041466827,True
adaptive period,0.9,7.1950239961216775,-0.484,LP,23.496503496503497,23.57894736842105,23.537725432462274,0.7934176606467964,23.798377068171334,0.0035750484417668123,0.2077162578263646,0.002576348540789253,0.0035750484417668123,0.7206471696131772,True,-0.09999999999999998,-9.999999999999998,0.0,0.0,0.0,-0.07479684824687649,True
adaptive period,0.9,7.1950239961216775,-0.484,LD,23.745583038869256,23.745583038869256,23.745583038869256,0.41374177966889636,23.90337578698104,0.0035750484417668123,0.10831734462424764,0.001416617483050886,0.0035750484417668123,0.39625126935364946,True,-0.09999999999999998,-9.999999999999998,0.0,0.0,0.0,-0.02532431515033562,True
adaptive period,0.9,7.1950239961216775,-0.484,T22,24.70588235294118,24.615384615384613,24.660633484162897,-1.1214702227908593,24.37933524572267,0.0035750484417668123,-0.29360021776162265,-0.0037151708107392434,0.0035750484417668123,1.039194537152392,False,-0.09999999999999998,-9.999999999999998,-0.18300653594771177,-0.09049773755656787,-0.13675213675213982,0.17692023407794366,False
adaptive period,0.9,7.1950239961216775,-0.484,T26,22.857142857142858,23.09278350515464,22.97496318114875,1.9750879443776788,23.44821949672792,0.0035750484417668123,0.5170768146875567,0.006518979952600035,0.0035750484417668123,1.82346618760173,False,-0.09999999999999998,-9.999999999999998,0.07748184019370186,0.07908487501765293,0.0782833576056774,-0.2536457524646727,False
adaptive period,0.9500000000000001,7.594747551461771,-0.484,SP,24.0,24.0,24.0,0.02856557197422483,24.011724831714677,0.0035750484417668123,0.007478449254984601,0.00023051460933598555,0.0035750484417668123,0.06447873730686114,True,-0.04999999999999993,-4.999999999999993,0.0,0.0,0.0,0.010396648537651758,True
adaptive period,0.9500000000000001,7.594747551461771,-0.484,LP,23.496503496503497,23.57894736842105,23.537725432462274,0.8303636667021854,23.787494050913974,0.0035750484417668123,0.2173886995932891,0.0026971391445880233,0.0035750484417668123,0.7544342932749407,True,-0.04999999999999993,-4.999999999999993,0.0,0.0,0.0,-0.03785084219148749,True
adaptive period,0.9500000000000001,7.594747551461771,-0.484,LD,23.745583038869256,23.745583038869256,23.745583038869256,0.4262652926773978,23.89963679414478,0.0035750484417668123,0.111595992662968,0.001457740404610719,0.0035750484417668123,0.4077540286112303,True,-0.04999999999999993,-4.999999999999993,0.0,0.0,0.0,-0.012800802141834156,True
adaptive period,0.9500000000000001,7.594747551461771,-0.484,T22,24.797047970479706,24.70588235294118,24.751465161710442,-1.2092244921959396,24.406630444452897,0.0035750484417668123,-0.31657423176863436,-0.004003398993940532,0.0035750484417668123,1.1198167127385905,False,-0.04999999999999993,-4.999999999999993,-0.0918409184091864,0.0,-0.04592045920459498,0.08916596467286331,False
adaptive period,0.9500000000000001,7.594747551461771,-0.484,T26,22.779661016949156,23.013698630136986,22.89667982354307,2.0999416638894086,23.413520823856874,0.0035750484417668123,0.5497634420201744,0.006916094810311135,0.0035750484417668123,1.9345457615374733,False,-0.04999999999999993,-4.999999999999993,0.0,0.0,0.0,-0.12879203295294284,False
adaptive period,1.0,7.994471106801864,-0.484,SP,24.0,24.0,24.0,0.018168923436573073,24.014860351096825,0.0035750484417668123,0.004756613032664448,0.00019634925456751828,0.0035750484417668123,0.05492212420777191,True,0.0,0.0,0.0,0.0,0.0,0.0,True
adaptive period,1.0,7.994471106801864,-0.484,LP,23.496503496503497,23.57894736842105,23.537725432462274,0.8682145088936729,23.776361449173283,0.0035750484417668123,0.22729802690670275,0.002820814296992824,0.0035750484417668123,0.789028272746637,True,0.0,0.0,0.0,0.0,0.0,0.0,True
adaptive period,1.0,7.994471106801864,-0.484,LD,23.745583038869256,23.745583038869256,23.745583038869256,0.439066094819232,23.895816748692454,0.0035750484417668123,0.11494723482703822,0.0014997680654259549,0.0035750484417668123,0.41950985835726456,True,0.0,0.0,0.0,0.0,0.0,0.0,True
adaptive period,1.0,7.994471106801864,-0.484,T22,24.888888888888893,24.70588235294118,24.797385620915037,-1.298390456868803,24.434392671392796,0.0035750484417668123,-0.33991782673251053,-0.004295898269084941,0.0035750484417668123,1.2016335831695417,False,0.0,0.0,0.0,0.0,0.0,0.0,False
adaptive period,1.0,7.994471106801864,-0.484,T26,22.779661016949156,23.013698630136986,22.89667982354307,2.2287336968423515,23.37798332396323,0.0035750484417668123,0.5834811174006628,0.007324031689690758,0.0035750484417668123,2.04865243338386,False,0.0,0.0,0.0,0.0,0.0,0.0,False
adaptive period,1.05,8.394194662141958,-0.484,SP,24.0,24.0,24.0,0.007641239003337527,24.018036337860902,0.0035750484417668123,0.002000471693100747,0.00016175205162183293,0.0035750484417668123,0.045244716052545014,True,0.050000000000000044,5.000000000000004,0.0,0.0,0.0,-0.010527684433235547,True
adaptive period,1.05,8.394194662141958,-0.484,LP,23.414634146341463,23.57894736842105,23.496790757381255,0.9070027017459544,23.764971150051338,0.0035750484417668123,0.2374527520492654,0.002947472205401813,0.0035750484417668123,0.8244565782569238,True,0.050000000000000044,5.000000000000004,-0.08186935016203378,0.0,-0.04093467508101867,0.03878819285228152,True
adaptive period,1.05,8.394194662141958,-0.484,LD,23.745583038869256,23.745583038869256,23.745583038869256,0.45215295718937987,23.891913156181552,0.0035750484417668123,0.11837336738375466,0.0015427287840998338,0.0035750484417668123,0.4315266797720389,True,0.050000000000000044,5.000000000000004,0.0,0.0,0.0,0.01308686237014789,True
adaptive period,1.05,8.394194662141958,-0.484,T22,24.888888888888893,24.797047970479706,24.842968429684298,-1.388999757748084,24.4626299785501,0.0035750484417668123,-0.3636392862316152,-0.004592721884892792,0.0035750484417668123,1.2846600429903654,False,0.050000000000000044,5.000000000000004,0.0,0.09116561753852537,0.04558280876926091,-0.09060930087928099,False
adaptive period,1.05,8.394194662141958,-0.484,T26,22.702702702702705,22.935153583617748,22.818928143160228,2.361693408049959,23.341572995075012,0.0035750484417668123,0.6182898883967661,0.007743276123963361,0.0035750484417668123,2.1659220147899823,False,0.050000000000000044,5.000000000000004,-0.0769583142464505,-0.07854504651923833,-0.07775168038284264,0.13295971120760752,False
adaptive period,1.1,8.793918217482052,-0.484,SP,24.0,24.0,24.0,-0.0030190430210659206,24.021253293612872,0.0035750484417668123,-0.0007903836146543526,0.0001267178846484085,0.0035750484417668123,0.03544508185343181,True,0.10000000000000009,10.000000000000009,0.0,0.0,0.0,-0.02118796645763899,True
adaptive period,1.1,8.793918217482052,-0.484,LP,23.414634146341463,23.496503496503497,23.45556882142248,0.9467623197442725,23.753314703008506,0.0035750484417668123,0.24786179570035308,0.003077215388677279,0.0035750484417668123,0.86074788602207,True,0.10000000000000009,10.000000000000009,-0.08186935016203378,-0.08244387191755465,-0.08215661103979244,0.07854781085059959,True
adaptive period,1.1,8.793918217482052,-0.484,LD,23.661971830985912,23.745583038869256,23.703777434927584,0.4655349958287352,23.88792342786273,0.0035750484417668123,0.12187677690704246,0.0015866519732868345,0.0035750484417668123,0.4438127200600115,True,0.10000000000000009,10.000000000000009,-0.08361120788334375,0.0,-0.041805603941671876,0.02646890100950322,True
adaptive period,1.1,8.793918217482052,-0.484,T22,24.981412639405207,24.797047970479706,24.88923030494246,-1.4810850025846378,24.491350486239625,0.0035750484417668123,-0.3877471469551598,-0.004893922671259154,0.0035750484417668123,1.3689108695938526,False,0.10000000000000009,10.000000000000009,0.0925237505163139,0.09116561753852537,0.09184468402742141,-0.18269454571583488,False
adaptive period,1.1,8.793918217482052,-0.484,T26,22.62626262626263,22.935153583617748,22.78070810494019,2.4990695211232454,23.304253845857094,0.0035750484417668123,0.6542548706975791,0.008174344616276141,0.0035750484417668123,2.286498980203,False,0.10000000000000009,10.000000000000009,-0.15339839068652594,-0.07854504651923833,-0.11597171860288213,0.270335824280894,False
adaptive period,1.1500000000000001,9.193641772822145,-0.484,SP,24.0,24.0,24.0,-0.013813485666102762,24.024511720984844,0.0035750484417668123,-0.003616362090758029,9.124163672746821e-05,0.0035750484417668123,0.025521790323595167,True,0.15000000000000013,15.000000000000014,0.0,0.0,0.0,-0.031982409102675836,True
adaptive period,1.1500000000000001,9.193641772822145,-0.484,LP,23.414634146341463,23.496503496503497,23.45556882142248,0.9875290931064109,23.74138330262125,0.0035750484417668123,0.2585345120091076,0.0032101509108218296,0.0035750484417668123,0.8979321436090393,True,0.15000000000000013,15.000000000000014,-0.08186935016203378,-0.08244387191755465,-0.08215661103979244,0.119314584212738,True
adaptive period,1.1500000000000001,9.193641772822145,-0.484,LD,23.661971830985912,23.745583038869256,23.703777434927584,0.47922168781402,23.883844876526087,0.0035750484417668123,0.12545994448978556,0.0016315681892604683,0.0035750484417668123,0.4563765263147418,True,0.15000000000000013,15.000000000000014,-0.08361120788334375,0.0,-0.041805603941671876,0.04015559299478805,True
adaptive period,1.1500000000000001,9.193641772822145,-0.484,T22,24.981412639405207,24.888888888888893,24.93515076414705,-1.5746798025870534,24.520562379376994,0.0035750484417668123,-0.41225020829697606,-0.005199552974068988,0.0035750484417668123,1.4544007049871848,False,0.15000000000000013,15.000000000000014,0.0925237505163139,0.18300653594771177,0.13776514323201283,-0.2762893457182505,False
adaptive period,1.1500000000000001,9.193641772822145,-0.484,T26,22.5503355704698,22.857142857142858,22.70373921380633,2.641132190467004,23.265987741282785,0.0035750484417668123,0.6914467905608882,0.008617787229770468,0.0035750484417668123,2.410537191353833,False,0.15000000000000013,15.000000000000014,-0.22932544647935416,-0.15655577299412826,-0.1929406097367412,0.41239849362465275,False
adaptive period,1.2000000000000002,9.593365328162239,-0.484,SP,24.0,24.0,24.0,-0.024743652095678515,24.02781212327062,0.0035750484417668123,-0.006477872970563775,5.531819402426752e-05,0.0035750484417668123,0.015473411039132355,True,0.20000000000000018,20.000000000000018,0.0,0.0,0.0,-0.042912575532251584,True
adaptive period,1.2000000000000002,9.593365328162239,-0.484,LP,23.333333333333332,23.496503496503497,23.414918414918414,1.0293405108578273,23.729167770280487,0.0035750484417668123,0.2694807155794429,0.003346390629938245,0.0035750484417668123,0.936040639573666,True,0.20000000000000018,20.000000000000018,-0.16317016317016453,-0.08244387191755465,-0.12280701754385959,0.1611260019641544,True
adaptive period,1.2000000000000002,9.593365328162239,-0.484,LD,23.661971830985912,23.745583038869256,23.703777434927584,0.4932228882249741,23.87967471213829,0.0035750484417668123,0.12912545018582652,0.0016775091840671719,0.0035750484417668123,0.46922698010719427,True,0.20000000000000018,20.000000000000018,-0.08361120788334375,0.0,-0.041805603941671876,0.05415679340574214,True
adaptive period,1.2000000000000002,9.593365328162239,-0.484,T22,25.074626865671643,24.888888888888893,24.981757877280266,-1.6698188098590083,24.550273903541267,0.0035750484417668123,-0.4371575421565927,-0.005509664587948604,0.0035750484417668123,1.5411440369814098,False,0.20000000000000018,20.000000000000018,0.18573797678275028,0.18300653594771177,0.18437225636522925,-0.3714283529902054,False
adaptive period,1.2000000000000002,9.593365328162239,-0.484,T26,22.5503355704698,22.857142857142858,22.70373921380633,2.7881753278386054,23.22673423326406,0.0035750484417668123,0.7299425939048397,0.00907419044764346,0.0035750484417668123,2.5382006972635414,False,0.20000000000000018,20.000000000000018,-0.22932544647935416,-0.15655577299412826,-0.1929406097367412,0.559441630996254,False
adaptive period,1.25,9.993088883502331,-0.484,SP,24.0,24.0,24.0,-0.035811104331348466,24.031155004036787,0.0035750484417668123,-0.009375325190358497,1.8942450205283734e-05,0.0035750484417668123,0.00529851567435608,True,0.25,25.0,0.0,0.0,0.0,-0.05398002776792154,True
adaptive period,1.25,9.993088883502331,-0.484,LP,23.333333333333332,23.496503496503497,23.414918414918414,1.072235931881492,23.716658534753176,0.0035750484417668123,0.2807107105428251,0.003486051463657769,0.0035750484417668123,0.9751060777053245,True,0.25,25.0,-0.16317016317016453,-0.08244387191755465,-0.12280701754385959,0.2040214229878191,True
adaptive period,1.25,9.993088883502331,-0.484,LD,23.661971830985912,23.745583038869256,23.703777434927584,0.5075488480464284,23.875410037258593,0.0035750484417668123,0.13287597769671847,0.0017245079604218394,0.0035750484417668123,0.4823733128409237,True,0.25,25.0,-0.08361120788334375,0.0,-0.041805603941671876,0.06848275322719644,True
adaptive period,1.25,9.993088883502331,-0.484,T22,25.168539325842698,24.981412639405207,25.074975982623954,-1.7665377554556385,24.58049336080384,0.0035750484417668123,-0.4624785029023697,-0.005824308687007507,0.0035750484417668123,1.6291551798187929,False,0.25,25.0,0.27965043695380487,0.27553028646402566,0.27759036170891704,-0.46814729858683557,False
adaptive period,1.25,9.993088883502331,-0.484,T26,22.47491638795987,22.779661016949156,22.627288702454514,2.9405192150017445,23.186450374465178,0.0035750484417668123,0.7698261302990922,0.009544180337098307,0.0035750484417668123,2.6696646192524067,False,0.25,25.0,-0.3047446289892868,-0.23403761318783012,-0.2693911210885567,0.7117855181593931,False
adaptive period,1.3,10.392812438842423,-0.484,SP,24.0,24.0,24.0,-0.047017401895708716,24.034540866708202,0.0035750484417668123,-0.01230912703220311,-1.7890688872479465e-05,0.0035750484417668123,0.00500432068652971,True,0.30000000000000004,30.000000000000004,0.0,0.0,0.0,-0.06518632533228179,True
adaptive period,1.3,10.392812438842423,-0.484,LP,23.333333333333332,23.414634146341463,23.3739837398374,1.1162567046858762,23.703845611523356,0.0035750484417668123,0.2922353219134583,0.0036292556723291347,0.0035750484417668123,1.0151626562395706,False,0.30000000000000004,30.000000000000004,-0.16317016317016453,-0.16431322207958843,-0.1637416926248747,0.24804219579220332,True
adaptive period,1.3,10.392812438842423,-0.484,LD,23.661971830985912,23.745583038869256,23.703777434927584,0.5222102330645519,23.87104784222094,0.0035750484417668123,0.13671431931875083,0.001772598829510419,0.0035750484417668123,0.4958251219204149,True,0.30000000000000004,30.000000000000004,-0.08361120788334375,0.0,-0.041805603941671876,0.08314413824531997,True
adaptive period,1.3,10.392812438842423,-0.484,T22,25.168539325842698,24.981412639405207,25.074975982623954,-1.8648734878406859,24.611229105321666,0.0035750484417668123,-0.4882227374395561,-0.006143535753634688,0.0035750484417668123,1.7184482542559654,False,0.30000000000000004,30.000000000000004,0.27965043695380487,0.27553028646402566,0.27759036170891704,-0.5664830309718829,False
adaptive period,1.3,10.392812438842423,-0.484,T26,22.47491638795987,22.779661016949156,22.627288702454514,3.098513436612892,23.1450905132772,0.0035750484417668123,0.8111889207926938,0.01002842605608295,0.0035750484417668123,2.8051161318325626,False,0.30000000000000004,30.000000000000004,-0.3047446289892868,-0.23403761318783012,-0.2693911210885567,0.8697797397705407,False
adaptive period,1.35,10.792535994182517,-0.484,SP,24.0,24.0,24.0,-0.05836410037084288,24.037970214126528,0.0035750484417668123,-0.015279685746534774,-5.518630018475079e-05,0.0035750484417668123,0.015436518157353236,True,0.3500000000000001,35.00000000000001,0.0,0.0,0.0,-0.07653302380741595,True
adaptive period,1.35,10.792535994182517,-0.484,LP,23.333333333333332,23.414634146341463,23.3739837398374,1.161446296716097,23.690718580821425,0.0035750484417668123,0.30406592944186345,0.0037761311613807025,0.0035750484417668123,1.0562461524338154,False,0.3500000000000001,35.00000000000001,-0.16317016317016453,-0.16431322207958843,-0.1637416926248747,0.2932317878224241,True
adaptive period,1.35,10.792535994182517,-0.484,LD,23.661971830985912,23.745583038869256,23.703777434927584,0.537218143822227,23.866585000068515,0.0035750484417668123,0.14064338116725442,0.0018218174718761526,0.0035750484417668123,0.5095923877819677,True,0.3500000000000001,35.00000000000001,-0.08361120788334375,0.0,-0.041805603941671876,0.09815204900299501,True
adaptive period,1.35,10.792535994182517,-0.484,T22,25.263157894736842,25.074626865671643,25.16889238020424,-1.9648640114696414,24.642489538693415,0.0035750484417668123,-0.514400195311333,-0.006467395505423301,0.0035750484417668123,1.8090371671235514,False,0.3500000000000001,35.00000000000001,0.37426900584794964,0.36874451273046205,0.37150675928920407,-0.6664735546008385,False
adaptive period,1.35,10.792535994182517,-0.484,T26,22.4,22.779661016949156,22.589830508474577,3.2625401694895024,23.10260606764381,0.0035750484417668123,0.854131019042485,0.010527643747572424,0.0035750484417668123,2.9447555520029804,False,0.3500000000000001,35.00000000000001,-0.3796610169491572,-0.23403761318783012,-0.30684931506849367,1.033806472647151,False
adaptive period,1.4000000000000001,11.19225954952261,-0.484,SP,24.0,24.0,24.0,-0.0698527498687642,24.0414435480805,0.0035750484417668123,-0.018287407151729582,-9.294943826265722e-05,0.0035750484417668123,0.025999490573817514,True,0.40000000000000013,40.000000000000014,0.0,0.0,0.0,-0.08802167330533728,True
adaptive period,1.4000000000000001,11.19225954952261,-0.484,LP,23.252595155709344,23.414634146341463,23.333614651025403,1.2078504341236878,23.67726656424271,0.0035750484417668123,0.3162145042065183,0.0039268118043946365,0.0035750484417668123,1.0983940129365017,False,0.40000000000000013,40.000000000000014,-0.24390834079415313,-0.16431322207958843,-0.20411078143687078,0.33963592523001485,True
adaptive period,1.4000000000000001,11.19225954952261,-0.484,LD,23.661971830985912,23.745583038869256,23.703777434927584,0.5525841367037153,23.862018261226215,0.0035750484417668123,0.14466618869655415,0.001872201001579532,0.0035750484417668123,0.5236854918402947,True,0.40000000000000013,40.000000000000014,-0.08361120788334375,0.0,-0.041805603941671876,0.11351804188448333,True
adaptive period,1.4000000000000001,11.19225954952261,-0.484,T22,25.358490566037737,25.074626865671643,25.21655871585469,-2.0665485251608913,24.674283105077887,0.0035750484417668123,-0.5410211387443565,-0.006795936820309656,0.0035750484417668123,1.9009355903863108,False,0.40000000000000013,40.000000000000014,0.4696016771488445,0.36874451273046205,0.4191730949396515,-0.7681580682920883,False
adaptive period,1.4000000000000001,11.19225954952261,-0.484,T26,22.325581395348838,22.779661016949156,22.552621206149,3.433017865300764,23.058945275094754,0.0035750484417668123,0.8987619754392827,0.011042600873022668,0.0035750484417668123,3.088797551387959,False,0.40000000000000013,40.000000000000014,-0.454079621600318,-0.23403761318783012,-0.3440586173940723,1.2042841684584125,False
adaptive period,1.4500000000000002,11.591983104862704,-0.484,SP,24.0,24.086021505376344,24.043010752688172,-0.08148489340847385,24.04496136880653,0.0035750484417668123,-0.021332695209217403,-0.00013118512960064166,0.0035750484417668123,0.0366946439293027,True,0.4500000000000002,45.000000000000014,0.0,0.08602150537634401,0.043010752688172005,-0.09965381684504693,True
adaptive period,1.4500000000000002,11.591983104862704,-0.484,LP,23.252595155709344,23.414634146341463,23.333614651025403,1.2555172530141632,23.663478199847482,0.0035750484417668123,0.3286936482103777,0.004081437788581277,0.0035750484417668123,1.141645450421982,False,0.4500000000000002,45.000000000000014,-0.24390834079415313,-0.16431322207958843,-0.20411078143687078,0.38730274412049026,True
adaptive period,1.4500000000000002,11.591983104862704,-0.484,LD,23.661971830985912,23.745583038869256,23.703777434927584,0.5683202462231889,23.857344247895487,0.0035750484417668123,0.14878589253509272,0.0019237880338344726,0.0035750484417668123,0.5381152354074744,True,0.4500000000000002,45.000000000000014,-0.08361120788334375,0.0,-0.041805603941671876,0.1292541514039569,True
adaptive period,1.4500000000000002,11.591983104862704,-0.484,T22,25.358490566037737,25.168539325842698,25.263514945940216,-2.1699674598393,24.70661828607454,0.0035750484417668123,-0.5680961525300042,-0.007129207660019898,0.0035750484417668123,1.9941569397299124,False,0.4500000000000002,45.000000000000014,0.4696016771488445,0.46265697290151664,0.4661293250251788,-0.8715770029704972,False
adaptive period,1.4500000000000002,11.591983104862704,-0.484,T26,22.325581395348838,22.779661016949156,22.552621206149,3.610405362680559,23.01405291595287,0.0035750484417668123,0.9452019136565365,0.011574121044713948,0.0035750484417668123,3.2374725079232607,False,0.4500000000000002,45.000000000000014,-0.454079621600318,-0.23403761318783012,-0.3440586173940723,1.3816716658382076,False
adaptive period,1.5,11.991706660202796,-0.484,SP,24.0,24.086021505376344,24.043010752688172,-0.09326206519630051,24.04852417445817,0.0035750484417668123,-0.024415951573275835,-0.0001698983667350329,0.0035750484417668123,0.047523374718544516,True,0.5,50.0,0.0,0.08602150537634401,0.043010752688172005,-0.11143098863287358,True
adaptive period,1.5,11.991706660202796,-0.484,LP,23.252595155709344,23.333333333333332,23.292964244521336,1.3044974633063078,23.649341615624888,0.0035750484417668123,0.3415166372791348,0.004240155984499117,0.0035750484417668123,1.1860415470072914,False,0.5,50.0,-0.24390834079415313,-0.24561403508771917,-0.24476118794093793,0.43628295441263487,True
adaptive period,1.5,11.991706660202796,-0.484,LD,23.661971830985912,23.661971830985912,23.661971830985912,0.5844390085987273,23.852559448154967,0.0035750484417668123,0.15300577465708864,0.001976618756337978,0.0035750484417668123,0.5528928596450345,True,0.5,50.0,-0.08361120788334375,-0.08361120788334375,-0.08361120788334375,0.14537291377949535,True
adaptive period,1.5,11.991706660202796,-0.484,T22,25.454545454545457,25.168539325842698,25.311542390194077,-2.2751625151496473,24.739503595366706,0.0035750484417668123,-0.5956361536097506,-0.007467254991930017,0.0035750484417668123,2.0887143527038896,False,0.5,50.0,0.565656565656564,0.46265697290151664,0.5141567692790403,-0.9767720582808443,False
adaptive period,1.5,11.991706660202796,-0.484,T26,22.325581395348838,22.779661016949156,22.552621206149,2.974998436822859,22.96787000622391,0.0035750484417668123,0.778852769463651,0.012123089426259559,0.0035750484417668123,3.391028016467449,False,0.5,50.0,-0.454079621600318,-0.23403761318783012,-0.3440586173940723,0.7462647399805076,False
adaptive period,1.55,12.39143021554289,-0.484,SP,24.086021505376344,24.086021505376344,24.086021505376344,-0.1051857888037167,24.052132460542918,0.0035750484417668123,-0.02753757511398366,-0.00020909410197700318,0.0035750484417668123,0.05848706818463906,True,0.55,55.00000000000001,0.08602150537634401,0.08602150537634401,0.08602150537634401,-0.12335471224028978,True
adaptive period,1.55,12.39143021554289,-0.484,LP,23.17241379310345,23.333333333333332,23.25287356321839,1.35484452646862,23.63484440119275,0.0035750484417668123,0.3546974675925132,0.004403120342044375,0.0035750484417668123,1.231625365016963,False,0.55,55.00000000000001,-0.3240897034000483,-0.24561403508771917,-0.2848518692438837,0.48663001757494706,True
adaptive period,1.55,12.39143021554289,-0.484,LD,23.57894736842105,23.661971830985912,23.62045959970348,0.6009534866983945,23.847660209749172,0.0035750484417668123,0.15732925491340397,0.0020307350045266626,0.0035750484417668123,0.5680300666144429,True,0.55,55.00000000000001,-0.16663567044820482,-0.08361120788334375,-0.12512343916577606,0.16188739187916257,True
adaptive period,1.55,12.39143021554289,-0.484,T22,25.454545454545457,25.263157894736842,25.35885167464115,-2.382176694332742,24.772947573129034,0.0035750484417668123,-0.6236524002057133,-0.0078101247094566895,0.0035750484417668123,2.184620666453648,False,0.55,55.00000000000001,0.565656565656564,0.5572755417956614,0.5614660537261145,-1.0837862374639389,False
adaptive period,1.55,12.39143021554289,-0.484,T26,22.251655629139073,22.779661016949156,22.515658323044114,2.1692528361286887,22.9203334561416,0.0035750484417668123,0.5679090644800593,0.012690458781879577,0.0035750484417668123,3.549730580883505,False,0.55,55.00000000000001,-0.528005387810083,-0.23403761318783012,-0.38102150049895656,-0.059480860713662764,False
adaptive period,1.6,12.791153770882984,-0.484,SP,24.086021505376344,24.086021505376344,24.086021505376344,-0.11725757523854248,24.05578671932471,0.0035750484417668123,-0.030697961412263122,-0.0002487772407840927,0.0035750484417668123,0.06958709646494897,True,0.6000000000000001,60.00000000000001,0.08602150537634401,0.08602150537634401,0.08602150537634401,-0.13542649867511555,True
adaptive period,1.6,12.791153770882984,-0.484,LP,23.17241379310345,23.333333333333332,23.25287356321839,1.4066148485457366,23.619973577593335,0.0035750484417668123,0.3682509062184671,0.004570492314931396,0.0035750484417668123,1.278442065717193,False,0.6000000000000001,60.00000000000001,-0.3240897034000483,-0.24561403508771917,-0.2848518692438837,0.5384003396520637,True
adaptive period,1.6,12.791153770882984,-0.484,LD,23.57894736842105,23.661971830985912,23.62045959970348,0.6178772964537294,23.842642733546334,0.0035750484417668123,0.1617598979465799,0.0020861803410096025,0.0035750484417668123,0.5835390414957842,True,0.6000000000000001,60.00000000000001,-0.16663567044820482,-0.08361120788334375,-0.12512343916577606,0.17881120163449737,True
adaptive period,1.6,12.791153770882984,-0.484,T22,25.55133079847909,25.263157894736842,25.407244346607968,-2.4910543366390376,24.80695878020108,0.0035750484417668123,-0.6521565003065163,-0.008157861551104595,0.0035750484417668123,2.2818883950766624,False,0.6000000000000001,60.00000000000001,0.6624419095901963,0.5572755417956614,0.6098587256929306,-1.1926638797702347,False
adaptive period,1.6,12.791153770882984,-0.484,T26,22.251655629139073,22.779661016949156,22.515658323044114,1.5325595182112417,22.87137568970815,0.0035750484417668123,0.4012231436334625,0.013277256268504234,0.0035750484417668123,3.713867513902141,False,0.6000000000000001,60.00000000000001,-0.528005387810083,-0.23403761318783012,-0.38102150049895656,-0.6961741786311098,False
adaptive period,1.6500000000000001,13.190877326223077,-0.484,SP,24.086021505376344,24.086021505376344,24.086021505376344,-0.1294789209041452,24.059487439190498,0.0035750484417668123,-0.03389750222559971,-0.0002889526347540361,0.0035750484417668123,0.08082481663136118,True,0.6500000000000001,65.00000000000001,0.08602150537634401,0.08602150537634401,0.08602150537634401,-0.14764784434071826,True
adaptive period,1.6500000000000001,13.190877326223077,-0.484,LP,23.09278350515464,23.252595155709344,23.172689330431993,1.4598679900554086,23.604715565032105,0.0035750484417668123,0.3821925460640807,0.004742441316104906,0.0035750484417668123,1.3265390367021603,False,0.6500000000000001,65.00000000000001,-0.40371999134885783,-0.3263522127117078,-0.36503610203028103,0.5916534811617357,True
adaptive period,1.6500000000000001,13.190877326223077,-0.484,LD,23.57894736842105,23.661971830985912,23.62045959970348,0.6352246348418372,23.837503066645095,0.0035750484417668123,0.1663014205165312,0.0021430001394456277,0.0035750484417668123,0.5994324760496232,True,0.6500000000000001,65.00000000000001,-0.16663567044820482,-0.08361120788334375,-0.12512343916577606,0.19615854002260524,True
adaptive period,1.6500000000000001,13.190877326223077,-0.484,T22,25.64885496183206,25.263157894736842,25.456006428284454,-2.601841146415187,24.84154579203026,0.0035750484417668123,-0.6811604192821331,-0.008510509018310686,0.0035750484417668123,2.380529706642167,False,0.6500000000000001,65.00000000000001,0.7599660729431683,0.5572755417956614,0.6586208073694166,-1.303450689546384,False
adaptive period,1.6500000000000001,13.190877326223077,-0.484,T26,22.251655629139073,22.857142857142858,22.554399243140963,1.0120976219686317,22.820924219823162,0.0035750484417668123,0.26496653782436275,0.01388459108083967,0.0035750484417668123,3.8837490755727533,False,0.6500000000000001,65.00000000000001,-0.528005387810083,-0.15655577299412826,-0.3422805804021074,-1.2166360748737197,False
adaptive period,1.7000000000000002,13.590600881563171,-0.484,SP,24.086021505376344,24.086021505376344,24.086021505376344,-0.14185130544075983,24.063235103979103,0.0035750484417668123,-0.037136584922901075,-0.00032962507422229503,0.0035750484417668123,0.09220156861969461,True,0.7000000000000002,70.00000000000001,0.08602150537634401,0.08602150537634401,0.08602150537634401,-0.16002022887733292,True
adaptive period,1.7000000000000002,13.590600881563171,-0.484,LP,23.09278350515464,23.252595155709344,23.172689330431993,1.514666894525653,23.589056148392306,0.0035750484417668123,0.3965388657064548,0.004919145206767672,0.0035750484417668123,1.3759660286831241,False,0.7000000000000002,70.00000000000001,-0.40371999134885783,-0.3263522127117078,-0.36503610203028103,0.64645238563198,True
adaptive period,1.7000000000000002,13.590600881563171,-0.484,LD,23.57894736842105,23.661971830985912,23.62045959970348,0.6530103095470403,23.83223709510831,0.0035750484417668123,0.1709576992659482,0.002201241673153942,0.0035750484417668123,0.6157235934028558,True,0.7000000000000002,70.00000000000001,-0.16663567044820482,-0.08361120788334375,-0.12512343916577606,0.21394421472780834,True
adaptive period,1.7000000000000002,13.590600881563171,-0.484,T22,25.64885496183206,25.358490566037737,25.5036727639349,-2.714584217841843,24.876717192387645,0.0035750484417668123,-0.7106764863602274,-0.008868109292231141,0.0035750484417668123,2.4805563999150912,False,0.7000000000000002,70.00000000000001,0.7599660729431683,0.6526082130965563,0.7062871430198641,-1.4161937609730402,False
adaptive period,1.7000000000000002,13.590600881563171,-0.484,T26,22.251655629139073,22.935153583617748,22.59340460637841,0.6086061233491207,22.76890117270732,0.0035750484417668123,0.15933271050361342,0.01451366307877111,0.0035750484417668123,4.059710886490356,False,0.7000000000000002,70.00000000000001,-0.528005387810083,-0.07854504651923833,-0.30327521716466066,-1.6201275734932308,False
adaptive period,1.75,13.990324436903261,-0.484,SP,24.086021505376344,24.086021505376344,24.086021505376344,-0.15437618944443107,24.067030192270504,0.0035750484417668123,-0.04041559188731757,-0.0003707992804451443,0.0035750484417668123,0.10371867304318061,True,0.75,75.0,0.08602150537634401,0.08602150537634401,0.08602150537634401,-0.17254511288100416,True
adaptive period,1.75,13.990324436903261,-0.484,LP,23.09278350515464,23.252595155709344,23.172689330431993,1.5710781376582206,23.572980440341954,0.0035750484417668123,0.4113072946235499,0.005100790821982448,0.0035750484417668123,1.4267753025079581,False,0.75,75.0,-0.40371999134885783,-0.3263522127117078,-0.36503610203028103,0.7028636287645477,True
adaptive period,1.75,13.990324436903261,-0.484,LD,23.57894736842105,23.661971830985912,23.62045959970348,0.671249770420994,23.82684053630083,0.0035750484417668123,0.17573277895653583,0.002260954208766819,0.0035750484417668123,0.6324261742449119,True,0.75,75.0,-0.16663567044820482,-0.08361120788334375,-0.12512343916577606,0.232183675601762,True
adaptive period,1.75,13.990324436903261,-0.484,T22,25.74712643678161,25.358490566037737,25.55280850140967,-2.8293320541188445,24.91248156686159,0.0035750484417668123,-0.7407173996488234,-0.009230703149635755,0.0035750484417668123,2.5819798808303367,False,0.75,75.0,0.8582375478927169,0.6526082130965563,0.7554228804946348,-1.5309415972500415,False
adaptive period,1.75,13.990324436903261,-0.484,T26,22.325581395348838,23.013698630136986,22.66964001274291,0.2694068866031268,22.71522275427248,0.0035750484417668123,0.07053055798157347,0.01516577254961543,0.0035750484417668123,4.242116658458594,False,0.75,75.0,-0.454079621600318,0.0,-0.22703981080016078,-1.9593268102392247,False
adaptive period,1.8,14.390047992243355,-0.484,SP,24.086021505376344,24.086021505376344,24.086021505376344,-0.1670550120561579,24.070873176633707,0.0035750484417668123,-0.04373489988508166,-0.0004124798973498822,0.0035750484417668123,0.11537742888486063,True,0.8,80.0,0.08602150537634401,0.08602150537634401,0.08602150537634401,-0.18522393549273097,True
adaptive period,1.8,14.390047992243355,-0.484,LP,23.013698630136986,23.252595155709344,23.133146892923165,1.6291721993494597,23.55647284183231,0.0035750484417668123,0.4265162844090824,0.005287574536108008,0.0035750484417668123,1.4790217873229305,False,0.8,80.0,-0.48280486636651077,-0.3263522127117078,-0.40457853953910927,0.7609576904557868,True
adaptive period,1.8,14.390047992243355,-0.484,LD,23.57894736842105,23.661971830985912,23.62045959970348,0.6899591428717821,23.821308930806158,0.0035750484417668123,0.18063088121025841,0.002322189105258332,0.0035750484417668123,0.6495545845277249,True,0.8,80.0,-0.16663567044820482,-0.08361120788334375,-0.12512343916577606,0.2508930480525501,True
adaptive period,1.8,14.390047992243355,-0.484,T22,25.74712643678161,25.358490566037737,25.55280850140967,-2.9461345796884117,24.948847496134515,0.0035750484417668123,-0.7712962293363307,-0.009598329878076628,0.0035750484417668123,2.6848111387640583,False,0.8,80.0,0.8582375478927169,0.6526082130965563,0.7554228804946348,-1.6477441228196088,False
adaptive period,1.8,14.390047992243355,-0.484,T26,22.325581395348838,23.09278350515464,22.70918245025174,0.013225698277835903,22.659798649829373,0.0035750484417668123,0.0034624797123537043,0.01584233128566459,0.0035750484417668123,4.431361293061307,False,0.8,80.0,-0.454079621600318,0.07908487501765293,-0.18749737329133254,-2.2155079985645156,False
adaptive period,1.85,14.789771547583449,-0.484,SP,24.086021505376344,24.086021505376344,24.086021505376344,-0.17988918841662485,24.074764522831096,0.0035750484417668123,-0.04709487939915823,-0.000454671482831015,0.0035750484417668123,0.1271791110629856,True,0.8500000000000001,85.00000000000001,0.08602150537634401,0.08602150537634401,0.08602150537634401,-0.19805811185319794,True
adaptive period,1.85,14.789771547583449,-0.484,LP,23.013698630136986,23.17241379310345,23.093056211620215,1.689023761077414,23.539516999767052,0.0035750484417668123,0.4421853866282838,0.005479702871671321,0.0035750484417668123,1.5327632508842919,False,0.8500000000000001,85.00000000000001,-0.48280486636651077,-0.4065335753176029,-0.4446692208420586,0.820809252183741,True
adaptive period,1.85,14.789771547583449,-0.484,LD,23.57894736842105,23.661971830985912,23.62045959970348,0.709155263321359,23.815637633895456,0.0035750484417668123,0.1856564137920764,0.002384999918707331,0.0035750484417668123,0.6671238047696632,True,0.8500000000000001,85.00000000000001,-0.16663567044820482,-0.08361120788334375,-0.12512343916577606,0.27008916850212705,True
adaptive period,1.85,14.789771547583449,-0.484,T22,25.846153846153847,25.454545454545457,25.650349650349654,-3.0650431438538157,24.985823549049346,0.0035750484417668123,-0.8024264186389093,-0.009971027190514292,0.0035750484417668123,2.789060722653186,False,0.8500000000000001,85.00000000000001,0.9572649572649539,0.7486631016042757,0.8529640294346166,-1.7666526869850128,False
adaptive period,1.85,14.789771547583449,-0.484,T26,22.4,23.252595155709344,22.82629757785467,-0.17678490179904296,22.602531347012977,0.0035750484417668123,-0.0462821790631222,0.01654487519131498,0.0035750484417668123,4.627874408084494,False,0.8500000000000001,85.00000000000001,-0.3796610169491572,0.23889652557235763,-0.07038224568839979,-2.4055185986413945,False
adaptive period,1.9000000000000001,15.189495102923543,-0.484,SP,24.086021505376344,24.086021505376344,24.086021505376344,-0.19288010697889596,24.078704688977222,0.0035750484417668123,-0.05049589392570941,-0.0004973784995718766,0.0035750484417668123,0.1391249678636715,True,0.9000000000000001,90.00000000000001,0.08602150537634401,0.08602150537634401,0.08602150537634401,-0.21104903041546902,True
adaptive period,1.9000000000000001,15.189495102923543,-0.484,LP,23.013698630136986,23.17241379310345,23.093056211620215,1.7507120314849134,23.522095761599548,0.0035750484417668123,0.4583353380553556,0.005677393155657184,0.0035750484417668123,1.588060483133308,False,0.9000000000000001,90.00000000000001,-0.48280486636651077,-0.4065335753176029,-0.4446692208420586,0.8824975225912405,True
adaptive period,1.9000000000000001,15.189495102923543,-0.484,LD,23.496503496503497,23.661971830985912,23.579237663744706,0.7288557168846505,23.809821806520045,0.0035750484417668123,0.19081398047431167,0.0024494425131807995,0.0035750484417668123,0.6851494610714335,True,0.9000000000000001,90.00000000000001,-0.24907954236575947,-0.08361120788334375,-0.16634537512454983,0.2897896220654185,True
adaptive period,1.9000000000000001,15.189495102923543,-0.484,T22,25.846153846153847,25.454545454545457,25.650349650349654,-3.1861105138888473,25.023418275473148,0.0035750484417668123,-0.8341217819965335,-0.010348831139594006,0.0035750484417668123,2.894738717017089,False,0.9000000000000001,90.00000000000001,0.9572649572649539,0.7486631016042757,0.8529640294346166,-1.8877200570200443,False
adaptive period,1.9000000000000001,15.189495102923543,-0.484,T26,22.47491638795987,23.414634146341463,22.944775267150668,-0.3173787167228461,22.543315369986065,0.0035750484417668123,-0.08308955373852078,0.017275078675302147,0.0035750484417668123,4.832124363261688,False,0.9000000000000001,90.00000000000001,-0.3047446289892868,0.400935516204477,0.04809544360759688,-2.5461124135651976,False
adaptive period,1.9500000000000002,15.589218658263636,-0.484,SP,24.086021505376344,24.086021505376344,24.086021505376344,-0.20602912667280998,24.082694124649834,0.0035750484417668123,-0.053938299231735064,-0.0005406053053703674,0.0035750484417668123,0.15121621823484907,True,0.9500000000000002,95.00000000000001,0.08602150537634401,0.08602150537634401,0.08602150537634401,-0.22419805010938304,True
adaptive period,1.9500000000000002,15.589218658263636,-0.484,LP,22.935153583617748,23.17241379310345,23.053783688360596,1.8143211033490787,23.504191126591024,0.0035750484417668123,0.47498815412786616,0.005880874227624511,0.0035750484417668123,1.6449774942680622,False,0.9500000000000002,95.00000000000001,-0.5613499128857491,-0.4065335753176029,-0.4839417441016778,0.9461065944554058,True
adaptive period,1.9500000000000002,15.589218658263636,-0.484,LD,23.496503496503497,23.57894736842105,23.537725432462274,0.7490788774362473,23.80385640579667,0.0035750484417668123,0.19610839152608364,0.0025155751781547053,0.0035750484417668123,0.7036478579606299,True,0.9500000000000002,95.00000000000001,-0.24907954236575947,-0.16663567044820482,-0.20785760640698214,0.31001278261701537,True
adaptive period,1.9500000000000002,15.589218658263636,-0.484,T22,25.945945945945944,25.454545454545457,25.700245700245702,-3.309390855443376,25.061640198966142,0.0035750484417668123,-0.8663964999431792,-0.0107317760317725,0.0035750484417668123,3.0018547179374124,False,0.9500000000000002,95.00000000000001,1.057057057057051,0.7486631016042757,0.9028600793306651,-2.0110003985745735,False
adaptive period,1.9500000000000002,15.589218658263636,-0.484,T26,22.5503355704698,23.57894736842105,23.064641469445426,-0.425211742992716,22.482036410781973,0.0035750484417668123,-0.11132017400050231,0.018034771133972394,0.0035750484417668123,5.044622870916818,False,0.9500000000000002,95.00000000000001,-0.22932544647935416,0.5652487382840654,0.16796164590235563,-2.6539454398350673,False
adaptive period,2.0,15.988942213603728,-0.484,SP,24.086021505376344,24.086021505376344,24.086021505376344,-0.21933757391399314,24.086733269950795,0.0035750484417668123,-0.0574224425720341,-0.0005843561429448862,0.0035750484417668123,0.16345404893481488,True,1.0,100.0,0.08602150537634401,0.08602150537634401,0.08602150537634401,-0.23750649735056623,True
adaptive period,2.0,15.988942213603728,-0.484,LP,22.935153583617748,23.09278350515464,23.013968544386195,1.8799403455455577,23.4857841934352,0.0035750484417668123,0.4921672315627484,0.006090387204538084,0.0035750484417668123,1.703581728679507,False,1.0,100.0,-0.5613499128857491,-0.4861638632664125,-0.523756888076079,1.0117258366518849,True
adaptive period,2.0,15.988942213603728,-0.484,LD,23.496503496503497,23.57894736842105,23.537725432462274,0.7698439502450831,23.797736174952355,0.0035750484417668123,0.2015446748750416,0.0025834587529205977,0.0035750484417668123,0.7226360131903096,True,1.0,100.0,-0.24907954236575947,-0.16663567044820482,-0.20785760640698214,0.33077785542585114,True
adaptive period,2.0,15.988942213603728,-0.484,T22,25.945945945945944,25.454545454545457,25.700245700245702,-3.434939697727483,25.10049780926549,0.0035750484417668123,-0.8992651099920503,-0.011119894341507064,0.0035750484417668123,3.110417809055348,False,1.0,100.0,1.057057057057051,0.7486631016042757,0.9028600793306651,-2.13654924085868,False
adaptive period,2.0,15.988942213603728,-0.484,T26,22.62626262626263,23.661971830985912,23.14411722862427,-0.46334871927208504,22.41857034097637,0.0035750484417668123,-0.12130441104295181,0.018825955893495727,0.0035750484417668123,5.265930294413526,False,1.0,100.0,-0.15339839068652594,0.6482732008489265,0.24743740508120027,-2.6920824161144363,False
adaptive coupling,0.0,-0.0,-0.484,SP,23.829787234042556,23.914590747330962,23.87218899068676,0.2032407553702561,23.959188627026233,0.0035750484417668123,0.053208305331769734,0.0008042915614839274,0.0035750484417668123,0.22497361212997755,True,-1.0,-100.0,0.0,0.0,0.0,0.025930759848735968,True
adaptive coupling,0.0,-0.0,-0.484,LP,23.829787234042556,23.914590747330962,23.87218899068676,0.2534270195179179,23.959188627026233,0.0035750484417668123,0.06634703856155401,0.0008042915614839274,0.0035750484417668123,0.22497361212997755,True,-1.0,-100.0,0.16781540305664322,0.0848035132884064,0.1263094581725248,-0.201907734821055,True
adaptive coupling,0.0,-0.0,-0.484,LD,23.829787234042556,23.914590747330962,23.87218899068676,0.22744960940778475,23.959188627026233,0.0035750484417668123,0.05954616849811371,0.0008042915614839274,0.0035750484417668123,0.22497361212997755,True,-1.0,-100.0,0.0,0.0,0.0,-0.04316099648888788,False
adaptive coupling,0.0,-0.0,-0.484,T22,23.829787234042556,23.914590747330962,23.87218899068676,0.24784876131460656,23.959188627026233,0.0035750484417668123,0.06488665397894151,0.0008042915614839274,0.0035750484417668123,0.22497361212997755,True,-1.0,-100.0,-0.0848035132884064,0.0,-0.0424017566442032,0.15116881948926514,True
adaptive coupling,0.0,-0.0,-0.484,T26,23.829787234042556,23.914590747330962,23.87218899068676,0.21865382195464586,23.959188627026233,0.0035750484417668123,0.05724343672767051,0.0008042915614839274,0.0035750484417668123,0.22497361212997755,True,-1.0,-100.0,0.5771920783332121,-0.34533705050297314,0.11592751391511769,-1.6742067282354565,True
adaptive coupling,0.05,-0.0242,-0.484,SP,23.829787234042556,23.914590747330962,23.87218899068676,0.2018071212214772,23.959188627026233,0.003722959245733973,0.05283298078929147,0.0008042915614839274,0.003722959245733973,0.21603555354669565,True,-0.95,-95.0,0.0,0.0,0.0,0.024497125699957073,True
adaptive coupling,0.05,-0.0242,-0.484,LP,23.829787234042556,23.914590747330962,23.87218899068676,0.2599985157114153,23.959188627026233,0.0031269111365309047,0.06806745224193606,0.0008042915614839274,0.0031269111365309047,0.2572159957114209,True,-0.95,-95.0,0.16781540305664322,0.0848035132884064,0.1263094581725248,-0.1953362386275576,True
adaptive coupling,0.05,-0.0242,-0.484,LD,23.829787234042556,23.914590747330962,23.87218899068676,0.2293467459977777,23.959188627026233,0.0034179097892635254,0.06004283769594523,0.0008042915614839274,0.0034179097892635254,0.2353167903993254,True,-0.95,-95.0,0.0,0.0,0.0,-0.04126385989889492,False
adaptive coupling,0.05,-0.0242,-0.484,T22,23.829787234042556,23.914590747330962,23.87218899068676,0.2322744125702798,23.959188627026233,0.004786207872026212,0.06080929901230631,0.0008042915614839274,0.004786207872026212,0.16804359170957517,True,-0.95,-95.0,-0.0848035132884064,0.0,-0.0424017566442032,0.13559447074493836,True
adaptive coupling,0.05,-0.0242,-0.484,T26,23.829787234042556,23.914590747330962,23.87218899068676,0.23595441590982025,23.959188627026233,0.002147842683252172,0.06177272163369682,0.0008042915614839274,0.002147842683252172,0.3744648375578901,True,-0.95,-95.0,0.5771920783332121,-0.34533705050297314,0.11592751391511769,-1.6569061342802822,True
adaptive coupling,0.1,-0.0484,-0.484,SP,23.829787234042556,23.914590747330962,23.87218899068676,0.20038906882707844,23.959188627026233,0.0038708840015391588,0.05246173554057076,0.0008042915614839274,0.0038708840015391588,0.20777981493739447,True,-0.9,-90.0,0.0,0.0,0.0,0.023079073305558306,True
adaptive coupling,0.1,-0.0484,-0.484,LP,23.829787234042556,23.914590747330962,23.87218899068676,0.26683799067291647,23.959188627026233,0.0026788031148658777,0.06985802259972468,0.0008042915614839274,0.0026788031148658777,0.3002428797475087,True,-0.9,-90.0,0.16781540305664322,0.0848035132884064,0.1263094581725248,-0.18849676366605644,True
adaptive coupling,0.1,-0.0484,-0.484,LD,23.829787234042556,23.914590747330962,23.87218899068676,0.23126875651498915,23.959188627026233,0.003260777278151608,0.06054601887269471,0.0008042915614839274,0.003260777278151608,0.2466563929014634,True,-0.9,-90.0,0.0,0.0,0.0,-0.039341849381683475,False
adaptive coupling,0.1,-0.0484,-0.484,T22,23.829787234042556,23.914590747330962,23.87218899068676,0.21819491391679804,23.959188627026233,0.00599740962576264,0.05712329488430584,0.0008042915614839274,0.00599740962576264,0.13410649124731955,True,-0.9,-90.0,-0.0848035132884064,0.0,-0.0424017566442032,0.1215149720914566,True
adaptive coupling,0.1,-0.0484,-0.484,T26,23.829787234042556,23.914590747330962,23.87218899068676,0.255475887324819,23.959188627026233,0.0007207846242638509,0.0668834308990821,0.0008042915614839274,0.0007207846242638509,1.1158556029207247,False,-0.9,-90.0,0.5771920783332121,-0.34533705050297314,0.11592751391511769,-1.6373846628652833,True
adaptive coupling,0.15000000000000002,-0.07260000000000001,-0.484,SP,23.829787234042556,23.914590747330962,23.87218899068676,0.1989863946261298,23.959188627026233,0.00401882268316527,0.05209451629348074,0.0008042915614839274,0.00401882268316527,0.2001311391152143,True,-0.85,-85.0,0.0,0.0,0.0,0.021676399104609667,True
adaptive coupling,0.15000000000000002,-0.07260000000000001,-0.484,LP,23.829787234042556,23.914590747330962,23.87218899068676,0.2739587951393973,23.959188627026233,0.0022307244721971047,0.07172224484968681,0.0008042915614839274,0.0022307244721971047,0.3605517272564628,True,-0.85,-85.0,0.16781540305664322,0.0848035132884064,0.1263094581725248,-0.1813759591995756,True
adaptive coupling,0.15000000000000002,-0.07260000000000001,-0.484,LD,23.829787234042556,23.914590747330962,23.87218899068676,0.23321604036224694,23.959188627026233,0.0031036509182340065,0.06105581659177797,0.0008042915614839274,0.0031036509182340065,0.259143693241627,True,-0.85,-85.0,0.0,0.0,0.0,-0.03739456553442569,False
adaptive coupling,0.15000000000000002,-0.07260000000000001,-0.484,T22,23.829787234042556,23.914590747330962,23.87218899068676,0.2054379960357621,23.959188627026233,0.007208652819700731,0.0537835415928466,0.0008042915614839274,0.007208652819700731,0.11157307496982741,True,-0.85,-85.0,-0.0848035132884064,0.0,-0.0424017566442032,0.10875805421042066,True
adaptive coupling,0.15000000000000002,-0.07260000000000001,-0.484,T26,23.829787234042556,23.829787234042556,23.829787234042556,0.2775750000512497,23.959188627026233,-0.0007061227150553891,0.07266896508176604,0.0008042915614839274,-0.0007061227150553891,1.1390251925557129,False,-0.85,-85.0,0.5771920783332121,-0.43014056379137955,0.07352575727091448,-1.6152855501388528,True
adaptive coupling,0.2,-0.0968,-0.484,SP,23.829787234042556,23.914590747330962,23.87218899068676,0.19759889796615027,23.959188627026233,0.00416677526464955,0.051731270517324734,0.0008042915614839274,0.00416677526464955,0.19302494384745109,True,-0.8,-80.0,0.0,0.0,0.0,0.020288902444630136,True
adaptive coupling,0.2,-0.0968,-0.484,LP,23.829787234042556,23.829787234042556,23.829787234042556,0.2813750183795929,23.959188627026233,0.0017826753043074268,0.07366380755375183,0.0008042915614839274,0.0017826753043074268,0.4511710907424033,True,-0.8,-80.0,0.16781540305664322,0.0,0.08390770152832161,-0.17395973595938002,True
adaptive coupling,0.2,-0.0968,-0.484,LD,23.829787234042556,23.914590747330962,23.87218899068676,0.23518900410182314,23.959188627026233,0.002946530719331025,0.06157233729094894,0.0008042915614839274,0.002946530719331025,0.27296221831569173,True,-0.8,-80.0,0.0,0.0,0.0,-0.03542160179484949,False
adaptive coupling,0.2,-0.0968,-0.484,T22,23.914590747330962,23.914590747330962,23.914590747330962,0.19385328867346038,23.959188627026233,0.008419936587161652,0.05075067229756372,0.0008042915614839274,0.008419936587161652,0.09552228252054484,True,-0.8,-80.0,0.0,0.0,0.0,0.09717334684811894,True
adaptive coupling,0.2,-0.0968,-0.484,T26,23.829787234042556,23.829787234042556,23.829787234042556,0.30267326741227213,23.959188627026233,-0.0021328762439637014,0.07923967611170109,0.0008042915614839274,-0.0021328762439637014,0.37709246551935216,True,-0.8,-80.0,0.5771920783332121,-0.43014056379137955,0.07352575727091448,-1.5901872827778303,True
adaptive coupling,0.25,-0.121,-0.484,SP,23.829787234042556,23.914590747330962,23.87218899068676,0.19622638105999227,23.959188627026233,0.004314741720083461,0.05137194643154858,0.0008042915614839274,0.004314741720083461,0.18640549392336972,True,-0.75,-75.0,0.0,0.0,0.0,0.018916385538472136,True
adaptive coupling,0.25,-0.121,-0.484,LP,23.829787234042556,23.829787234042556,23.829787234042556,0.2891015309620211,23.959188627026233,0.0013346557073384414,0.07568660381765398,0.0008042915614839274,0.0013346557073384414,0.6026210033506233,True,-0.75,-75.0,0.16781540305664322,0.0,0.08390770152832161,-0.1662332233769518,True
adaptive coupling,0.25,-0.121,-0.484,LD,23.829787234042556,23.914590747330962,23.87218899068676,0.23718806159189457,23.959188627026233,0.0027894166912803713,0.06209568931802495,0.0008042915614839274,0.0027894166912803713,0.28833682826883394,True,-0.75,-75.0,0.0,0.0,0.0,-0.03342254430477806,False
adaptive coupling,0.25,-0.121,-0.484,T22,23.914590747330962,23.914590747330962,23.914590747330962,0.183309381040303,23.959188627026233,0.009631260077770518,0.047990283734192334,0.0008042915614839274,0.009631260077770518,0.08350844593432555,True,-0.75,-75.0,0.0,0.0,0.0,0.08662943921496156,True
adaptive coupling,0.25,-0.121,-0.484,T26,23.745583038869256,23.829787234042556,23.787685136455906,0.3312693256422338,23.959188627026233,-0.0035594727994792013,0.08672610664977388,0.0008042915614839274,-0.0035594727994792013,0.22595805805893673,True,-0.75,-75.0,0.4929878831599126,-0.43014056379137955,0.03142365968426475,-1.5615912245478685,True
adaptive coupling,0.30000000000000004,-0.14520000000000002,-0.484,SP,23.829787234042556,23.914590747330962,23.87218899068676,0.1948686489437689,23.959188627026233,0.004462722023612596,0.05101649299472607,0.0008042915614839274,0.004462722023612596,0.180224436392937,True,-0.7,-70.0,0.0,0.0,0.0,0.01755865342224877,True
adaptive coupling,0.30000000000000004,-0.14520000000000002,-0.484,LP,23.829787234042556,23.829787234042556,23.829787234042556,0.2971540299304358,23.959188627026233,0.0008866657777918896,0.07779474311783822,0.0008042915614839274,0.0008866657777918896,0.9070966553901483,True,-0.7,-70.0,0.16781540305664322,0.0,0.08390770152832161,-0.1581807244085371,True
adaptive coupling,0.30000000000000004,-0.14520000000000002,-0.484,LD,23.829787234042556,23.914590747330962,23.87218899068676,0.23921363412454882,23.959188627026233,0.0026323088439372077,0.0626259829670166,0.0008042915614839274,0.0026323088439372077,0.30554604689962184,True,-0.7,-70.0,0.0,0.0,0.0,-0.031396971772123805,False
adaptive coupling,0.30000000000000004,-0.14520000000000002,-0.484,T22,23.914590747330962,23.914590747330962,23.914590747330962,0.1736912852479737,23.959188627026233,0.01084262245716913,0.04547227214396695,0.0008042915614839274,0.01084262245716913,0.0741786929002707,True,-0.7,-70.0,0.0,0.0,0.0,0.07701134342263226,True
adaptive coupling,0.30000000000000004,-0.14520000000000002,-0.484,T26,23.745583038869256,23.829787234042556,23.787685136455906,0.3639535313562688,23.959188627026233,-0.004985909144702273,0.09528281169640972,0.0008042915614839274,-0.004985909144702273,0.1613129196986109,True,-0.7,-70.0,0.4929878831599126,-0.43014056379137955,0.03142365968426475,-1.5289070188338336,True
adaptive coupling,0.35000000000000003,-0.16940000000000002,-0.484,SP,23.829787234042556,23.914590747330962,23.87218899068676,0.19352550943520294,23.959188627026233,0.004610716149436573,0.05066485989365465,0.0008042915614839274,0.004610716149436573,0.17443961749460793,True,-0.6499999999999999,-64.99999999999999,0.0,0.0,0.0,0.01621551391368281,True
adaptive coupling,0.35000000000000003,-0.16940000000000002,-0.484,LP,23.829787234042556,23.829787234042556,23.829787234042556,0.3055490864915583,23.959188627026233,0.0004387056125309059,0.07999256378607933,0.0008042915614839274,0.0004387056125309059,1.833328634306603,False,-0.6499999999999999,-64.99999999999999,0.16781540305664322,0.0,0.08390770152832161,-0.1497856678474146,True
adaptive coupling,0.35000000000000003,-0.16940000000000002,-0.484,LD,23.829787234042556,23.914590747330962,23.87218899068676,0.24126615056710324,23.959188627026233,0.002475207187174083,0.06316333051512503,0.0008042915614839274,0.002475207187174083,0.3249390861708746,True,-0.6499999999999999,-64.99999999999999,0.0,0.0,0.0,-0.02934445532956939,False
adaptive coupling,0.35000000000000003,-0.16940000000000002,-0.484,T22,23.914590747330962,23.914590747330962,23.914590747330962,0.16489824875537595,23.959188627026233,0.012054022906733351,0.04317026057330928,0.0008042915614839274,0.012054022906733351,0.06672391181824053,True,-0.6499999999999999,-64.99999999999999,0.0,0.0,0.0,0.06821830693003451,True
adaptive coupling,0.35000000000000003,-0.16940000000000002,-0.484,T26,23.745583038869256,23.829787234042556,23.787685136455906,0.4014250012294732,23.959188627026233,-0.006412181967100242,0.1050928195691489,0.0008042915614839274,-0.006412181967100242,0.1254318055243291,True,-0.6499999999999999,-64.99999999999999,0.4929878831599126,-0.43014056379137955,0.03142365968426475,-1.491435548960629,True
adaptive coupling,0.4,-0.1936,-0.484,SP,23.829787234042556,23.914590747330962,23.87218899068676,0.19219677309238084,23.959188627026233,0.004758724071808959,0.05031699753255734,0.0008042915614839274,0.004758724071808959,0.16901412003453015,True,-0.6,-60.0,0.0,0.0,0.0,0.01488677757086071,True
adaptive coupling,0.4,-0.1936,-0.484,LP,23.829787234042556,23.829787234042556,23.829787234042556,0.3143041963186874,23.959188627026233,-9.224691218576326e-06,0.08228464617893604,0.0008042915614839274,-9.224691218576326e-06,87.1889955367044,False,-0.6,-60.0,0.16781540305664322,0.0,0.08390770152832161,-0.14103055802028552,True
adaptive coupling,0.4,-0.1936,-0.484,LD,23.829787234042556,23.914590747330962,23.87218899068676,0.2433460475058475,23.959188627026233,0.0023181117308810903,0.06370784626037361,0.0008042915614839274,0.0023181117308810903,0.3469597909235482,True,-0.6,-60.0,0.0,0.0,0.0,-0.027264558390825117,False
adaptive coupling,0.4,-0.1936,-0.484,T22,23.914590747330962,23.914590747330962,23.914590747330962,0.15684186818478346,23.959188627026233,0.013265460623295403,0.041061105072051206,0.0008042915614839274,0.013265460623295403,0.0606305038568744,True,-0.6,-60.0,0.0,0.0,0.0,0.06016192635944202,True
adaptive coupling,0.4,-0.1936,-0.484,T26,23.661971830985912,23.829787234042556,23.745879532514234,0.4445111747928084,23.959188627026233,-0.007838287876753681,0.11637275343063792,0.0008042915614839274,-0.007838287876753681,0.10261061779438423,True,-0.6,-60.0,0.40937667527656885,-0.43014056379137955,-0.010381944257407127,-1.448349375397294,True
adaptive coupling,0.45,-0.2178,-0.484,SP,23.829787234042556,23.914590747330962,23.87218899068676,0.19088225317335134,23.959188627026233,0.004906745765037107,0.049972857022505625,0.0008042915614839274,0.004906745765037107,0.16391547473579876,True,-0.55,-55.00000000000001,0.0,0.0,0.0,0.013572257651831204,True
adaptive coupling,0.45,-0.2178,-0.484,LP,23.829787234042556,23.829787234042556,23.829787234042556,0.32343783256862474,23.959188627026233,-0.0004571250358664293,0.08467582655754975,0.0008042915614839274,-0.0004571250358664293,1.7594563814678907,False,-0.55,-55.00000000000001,0.16781540305664322,0.0,0.08390770152832161,-0.13189692177034817,True
adaptive coupling,0.45,-0.2178,-0.484,LD,23.829787234042556,23.914590747330962,23.87218899068676,0.24545376939259927,23.959188627026233,0.0021610224849658525,0.06425964655997608,0.0008042915614839274,0.0021610224849658525,0.37218102406585396,True,-0.55,-55.00000000000001,0.0,0.0,0.0,-0.025156836504073354,False
adaptive coupling,0.45,-0.2178,-0.484,T22,23.914590747330962,23.914590747330962,23.914590747330962,0.14944446286999838,23.959188627026233,0.014476934818870775,0.03912446888933829,0.0008042915614839274,0.014476934818870775,0.055556757804526985,True,-0.55,-55.00000000000001,0.0,0.0,0.0,0.05276452104465694,True
adaptive coupling,0.45,-0.2178,-0.484,T26,23.661971830985912,23.829787234042556,23.745879532514234,0.4941896858817041,23.959188627026233,-0.009264223404563484,0.12937855722048408,0.0008042915614839274,-0.009264223404563484,0.08681694367255217,True,-0.55,-55.00000000000001,0.40937667527656885,-0.43014056379137955,-0.010381944257407127,-1.3986708643083983,True
adaptive coupling,0.5,-0.242,-0.484,SP,23.829787234042556,23.914590747330962,23.87218899068676,0.18958176559627912,23.959188627026233,0.005054781203482121,0.04963239017098772,0.0008042915614839274,0.005054781203482121,0.15911500994936628,True,-0.5,-50.0,0.0,0.0,0.0,0.012271770074758992,True
adaptive coupling,0.5,-0.242,-0.484,LP,23.829787234042556,23.829787234042556,23.829787234042556,0.33296950170474465,23.959188627026233,-0.0009049953234571649,0.08717121170208998,0.0008042915614839274,-0.0009049953234571649,0.8887245498810536,True,-0.5,-50.0,0.16781540305664322,0.0,0.08390770152832161,-0.12236525263422826,True
adaptive coupling,0.5,-0.242,-0.484,LD,23.829787234042556,23.914590747330962,23.87218899068676,0.2475897686938663,23.959188627026233,0.0020039394593534573,0.06481884986938721,0.0008042915614839274,0.0020039394593534573,0.4013552194552927,True,-0.5,-50.0,0.0,0.0,0.0,-0.023020837202806316,False
adaptive coupling,0.5,-0.242,-0.484,T22,23.914590747330962,23.914590747330962,23.914590747330962,0.14263767196604282,23.959188627026233,0.01568844472039004,0.037342455197805914,0.0008042915614839274,0.01568844472039004,0.05126649427770247,True,-0.5,-50.0,0.0,0.0,0.0,0.04595773014070138,True
adaptive coupling,0.5,-0.242,-0.484,T26,23.57894736842105,23.829787234042556,23.704367301231805,0.5516117575511585,23.959188627026233,-0.010689985000418028,0.14441162042970615,0.0008042915614839274,-0.010689985000418028,0.07523785687748635,True,-0.5,-50.0,0.3263522127117078,-0.43014056379137955,-0.051894175539835885,-1.3412487926389438,True
adaptive coupling,0.55,-0.2662,-0.484,SP,23.829787234042556,23.914590747330962,23.87218899068676,0.18829512890006608,23.959188627026233,0.005202830361558656,0.049295549471599226,0.0008042915614839274,0.005202830361558656,0.15458731221115174,True,-0.44999999999999996,-44.99999999999999,0.0,0.0,0.0,0.010985133378545953,True
adaptive coupling,0.55,-0.2662,-0.484,LP,23.745583038869256,23.829787234042556,23.787685136455906,0.34291980220784457,23.959188627026233,-0.0013528354556684487,0.08977619428221911,0.0008042915614839274,-0.0013528354556684487,0.5945228284148714,True,-0.44999999999999996,-44.99999999999999,0.08361120788334375,0.0,0.041805603941671876,-0.11241495213112834,True
adaptive coupling,0.55,-0.2662,-0.484,LD,23.829787234042556,23.914590747330962,23.87218899068676,0.2497545060429815,23.959188627026233,0.0018468626639866492,0.06538557678213151,0.0008042915614839274,0.0018468626639866492,0.43549072552464657,True,-0.44999999999999996,-44.99999999999999,0.0,0.0,0.0,-0.020856099853691135,False
adaptive coupling,0.55,-0.2662,-0.484,T22,23.914590747330962,23.914590747330962,23.914590747330962,0.13636124383667317,23.959188627026233,0.01689998956943494,0.03569929015597157,0.0008042915614839274,0.01689998956943494,0.04759124602884707,True,-0.44999999999999996,-44.99999999999999,0.0,0.0,0.0,0.03968130201133173,True
adaptive coupling,0.55,-0.2662,-0.484,T26,23.496503496503497,23.829787234042556,23.663145365273024,0.6181253035198806,23.959188627026233,-0.012115569031319509,0.16182482604466816,0.0008042915614839274,-0.012115569031319509,0.06638495966675466,True,-0.44999999999999996,-44.99999999999999,0.24390834079415313,-0.43014056379137955,-0.09311611149861676,-1.2747352466702218,True
adaptive coupling,0.6000000000000001,-0.29040000000000005,-0.484,SP,23.829787234042556,23.914590747330962,23.87218899068676,0.1870221642055406,23.959188627026233,0.005350893213734996,0.048962288093882526,0.0008042915614839274,0.005350893213734996,0.1503097762107125,True,-0.3999999999999999,-39.99999999999999,0.0,0.0,0.0,0.009712168684020472,True
adaptive coupling,0.6000000000000001,-0.29040000000000005,-0.484,LP,23.745583038869256,23.829787234042556,23.787685136455906,0.3533104862444562,23.959188627026233,-0.0018006453338096637,0.09249646900181845,0.0008042915614839274,-0.0018006453338096637,0.44666850621952886,True,-0.3999999999999999,-39.99999999999999,0.08361120788334375,0.0,0.041805603941671876,-0.1020242680945167,True
adaptive coupling,0.6000000000000001,-0.29040000000000005,-0.484,LD,23.829787234042556,23.914590747330962,23.87218899068676,0.2519484503951341,23.959188627026233,0.0016897921088257406,0.06595995007039047,0.0008042915614839274,0.0016897921088257406,0.47597071692022547,True,-0.3999999999999999,-39.99999999999999,0.0,0.0,0.0,-0.018662155501538547,False
adaptive coupling,0.6000000000000001,-0.29040000000000005,-0.484,T22,23.914590747330962,23.914590747330962,23.914590747330962,0.13056199074663705,23.959188627026233,0.018111568621979147,0.03418104924730779,0.0008042915614839274,0.018111568621979147,0.04440761472796376,True,-0.3999999999999999,-39.99999999999999,0.0,0.0,0.0,0.03388204892129561,True
adaptive coupling,0.6000000000000001,-0.29040000000000005,-0.484,T26,23.414634146341463,23.829787234042556,23.62221069019201,0.69529415314803,23.959188627026233,-0.013540971779468898,0.18202758363448232,0.0008042915614839274,-0.013540971779468898,0.05939688632269443,True,-0.3999999999999999,-39.99999999999999,0.16203899063211935,-0.43014056379137955,-0.13405078657963188,-1.1975663970420722,True
adaptive coupling,0.65,-0.3146,-0.484,SP,23.829787234042556,23.914590747330962,23.87218899068676,0.1857626951773513,23.959188627026233,0.005498969734532653,0.04863255987335058,0.0008042915614839274,0.005498969734532653,0.14626222734653452,True,-0.35,-35.0,0.0,0.0,0.0,0.008452699655831175,True
adaptive coupling,0.65,-0.3146,-0.484,LP,23.745583038869256,23.829787234042556,23.787685136455906,0.3641645243444,23.959188627026233,-0.0022484248588207786,0.09533804953153237,0.0008042915614839274,-0.0022484248588207786,0.3577133379968725,True,-0.35,-35.0,0.08361120788334375,0.0,0.041805603941671876,-0.09117022999457292,True
adaptive coupling,0.65,-0.3146,-0.484,LD,23.829787234042556,23.914590747330962,23.87218899068676,0.2541720791851346,23.959188627026233,0.0015327278038486886,0.06654209472630518,0.0008042915614839274,0.0015327278038486886,0.5247452022885907,True,-0.35,-35.0,0.0,0.0,0.0,-0.016438526711538004,False
adaptive coupling,0.65,-0.3146,-0.484,T22,23.914590747330962,23.914590747330962,23.914590747330962,0.12519288565112402,23.959188627026233,0.019323181148133396,0.03277542082027319,0.0008042915614839274,0.019323181148133396,0.04162314451839734,True,-0.35,-35.0,0.0,0.0,0.0,0.02851294382578258,True
adaptive coupling,0.65,-0.3146,-0.484,T26,23.414634146341463,23.829787234042556,23.62221069019201,0.7849069659933717,23.959188627026233,-0.014966189440308206,0.20548816317635252,0.0008042915614839274,-0.014966189440308206,0.05374057068379353,True,-0.35,-35.0,0.16203899063211935,-0.43014056379137955,-0.13405078657963188,-1.1079535841967307,True
adaptive coupling,0.7000000000000001,-0.33880000000000005,-0.484,SP,23.829787234042556,23.914590747330962,23.87218899068676,0.1845165479862975,23.959188627026233,0.005647059898526678,0.048306319301625066,0.0008042915614839274,0.005647059898526678,0.1424266035665334,True,-0.29999999999999993,-29.999999999999993,0.0,0.0,0.0,0.0072065524647773604,True
adaptive coupling,0.7000000000000001,-0.33880000000000005,-0.484,LP,23.745583038869256,23.829787234042556,23.787685136455906,0.3755061731165561,23.959188627026233,-0.002696173931270842,0.09830728623671581,0.0008042915614839274,-0.002696173931270842,0.2983084852781825,True,-0.29999999999999993,-29.999999999999993,0.08361120788334375,0.0,0.041805603941671876,-0.07982858122241682,True
adaptive coupling,0.7000000000000001,-0.33880000000000005,-0.484,LD,23.829787234042556,23.914590747330962,23.87218899068676,0.2564258784880782,23.959188627026233,0.0013756697590511407,0.06713213800403796,0.0008042915614839274,0.0013756697590511407,0.5846545336859642,True,-0.29999999999999993,-29.999999999999993,0.0,0.0,0.0,-0.014184727408594444,False
adaptive coupling,0.7000000000000001,-0.33880000000000005,-0.484,T22,23.914590747330962,23.914590747330962,23.914590747330962,0.12021228114667366,23.959188627026233,0.020534826431895144,0.0314715016101384,0.0008042915614839274,0.020534826431895144,0.039167195503278476,True,-0.29999999999999993,-29.999999999999993,0.0,0.0,0.0,0.023532339321332224,True
adaptive coupling,0.7000000000000001,-0.33880000000000005,-0.484,T26,23.333333333333332,23.829787234042556,23.581560283687942,0.8889651486759844,23.959188627026233,-0.016391218120519795,0.23273053169815258,0.0008042915614839274,-0.016391218120519795,0.04906844357571284,True,-0.29999999999999993,-29.999999999999993,0.0807381776239886,-0.43014056379137955,-0.17470119308369902,-1.003895401514118,True
adaptive coupling,0.75,-0.363,-0.484,SP,23.829787234042556,23.914590747330962,23.87218899068676,0.18328355127222015,23.959188627026233,0.0057951636803451195,0.04798352151672125,0.0008042915614839274,0.0057951636803451195,0.13878668590703713,True,-0.25,-25.0,0.0,0.0,0.0,0.005973555750700021,True
adaptive coupling,0.75,-0.363,-0.484,LP,23.745583038869256,23.829787234042556,23.787685136455906,0.38736104600406807,23.959188627026233,-0.0031438924513565347,0.10141088470110317,0.0008042915614839274,-0.0031438924513565347,0.25582667789316066,True,-0.25,-25.0,0.08361120788334375,0.0,0.041805603941671876,-0.06797370833490485,True
adaptive coupling,0.75,-0.363,-0.484,LD,23.829787234042556,23.914590747330962,23.87218899068676,0.2587103431834054,23.959188627026233,0.0012186179844463783,0.06773020946272339,0.0008042915614839274,0.0012186179844463783,0.6600030294557974,True,-0.25,-25.0,0.0,0.0,0.0,-0.011900262713267218,False
adaptive coupling,0.75,-0.363,-0.484,T22,23.914590747330962,23.914590747330962,23.914590747330962,0.11558323347252314,23.959188627026233,0.021746503770902124,0.030259619762952713,0.0008042915614839274,0.021746503770902124,0.036984867542713164,True,-0.25,-25.0,0.0,0.0,0.0,0.0189032916471817,True
adaptive coupling,0.75,-0.363,-0.484,T26,23.252595155709344,23.829787234042556,23.54119119487595,1.0096335053542305,23.959188627026233,-0.017816053835981147,0.2643214336032468,0.0008042915614839274,-0.017816053835981147,0.045144203586744175,True,-0.25,-25.0,0.0,-0.43014056379137955,-0.21507028189569155,-0.8832270448358719,True
adaptive coupling,0.8,-0.3872,-0.484,SP,23.829787234042556,23.914590747330962,23.87218899068676,0.1820635361073676,23.959188627026233,0.0059432810546692725,0.04766412229345718,0.0008042915614839274,0.0059432810546692725,0.1353278692502763,True,-0.19999999999999996,-19.999999999999996,0.0,0.0,0.0,0.004753540585847482,True
adaptive coupling,0.8,-0.3872,-0.484,LP,23.745583038869256,23.829787234042556,23.787685136455906,0.3997561870420178,23.959188627026233,-0.0035915803189009755,0.10465592503652253,0.0008042915614839274,-0.0035915803189009755,0.22393806905870361,True,-0.19999999999999996,-19.999999999999996,0.08361120788334375,0.0,0.041805603941671876,-0.055578567296955095,True
adaptive coupling,0.8,-0.3872,-0.484,LD,23.829787234042556,23.914590747330962,23.87218899068676,0.2610259771214247,23.959188627026233,0.0010615724900654877,0.06833644101006378,0.0008042915614839274,0.0010615724900654877,0.7576416768621342,True,-0.19999999999999996,-19.999999999999996,0.0,0.0,0.0,-0.009584628775247905,False
adaptive coupling,0.8,-0.3872,-0.484,T22,23.914590747330962,23.914590747330962,23.914590747330962,0.11127291688673648,23.959188627026233,0.022958212476190624,0.029131181519573248,0.0008042915614839274,0.022958212476190624,0.0350328477148662,True,-0.19999999999999996,-19.999999999999996,0.0,0.0,0.0,0.014592975061395036,True
adaptive coupling,0.8,-0.3872,-0.484,T26,23.252595155709344,23.914590747330962,23.583592951520153,1.1491317407534611,23.959188627026233,-0.01924069250967516,0.300841986229827,0.0008042915614839274,-0.01924069250967516,0.04180159113709085,True,-0.19999999999999996,-19.999999999999996,0.0,-0.34533705050297314,-0.17266852525148835,-0.7437288094366412,True
adaptive coupling,0.8500000000000001,-0.41140000000000004,-0.484,SP,23.829787234042556,23.914590747330962,23.87218899068676,0.1808563359605932,23.959188627026233,0.006091411996233334,0.04734807803408059,0.0008042915614839274,0.006091411996233334,0.13203696646709606,True,-0.1499999999999999,-14.999999999999991,0.0,0.0,0.0,0.0035463404390730646,True
adaptive coupling,0.8500000000000001,-0.41140000000000004,-0.484,LP,23.745583038869256,23.829787234042556,23.787685136455906,0.4127201475367797,23.959188627026233,-0.004039237433352263,0.10804988195750355,0.0008042915614839274,-0.004039237433352263,0.1991196543295119,True,-0.1499999999999999,-14.999999999999991,0.08361120788334375,0.0,0.041805603941671876,-0.0426146068021932,True
adaptive coupling,0.8500000000000001,-0.41140000000000004,-0.484,LD,23.829787234042556,23.914590747330962,23.87218899068676,0.26337329329351156,23.959188627026233,0.0009045332859572571,0.06895096694688715,0.0008042915614839274,0.0009045332859572571,0.8891785122454117,True,-0.1499999999999999,-14.999999999999991,0.0,0.0,0.0,-0.007237312603161072,False
adaptive coupling,0.8500000000000001,-0.41140000000000004,-0.484,T22,23.914590747330962,23.914590747330962,23.914590747330962,0.10725211583225217,23.959188627026233,0.02416995187195736,0.028078538265047078,0.0008042915614839274,0.02416995187195736,0.03327650653773492,True,-0.1499999999999999,-14.999999999999991,0.0,0.0,0.0,0.010572174006910726,True
adaptive coupling,0.8500000000000001,-0.41140000000000004,-0.484,T26,23.252595155709344,24.0,23.62629757785467,1.3095432108368192,23.959188627026233,-0.020665129969554687,0.34283761089361176,0.0008042915614839274,-0.020665129969554687,0.03892022758477038,True,-0.1499999999999999,-14.999999999999991,0.0,-0.25992779783393516,-0.12996389891696936,-0.5833173393532831,True
adaptive coupling,0.9,-0.4356,-0.484,SP,23.829787234042556,23.914590747330962,23.87218899068676,0.1796617866616163,23.959188627026233,0.006239556479824449,0.04703534575891254,0.0008042915614839274,0.006239556479824449,0.12890204040697398,True,-0.09999999999999998,-9.999999999999998,0.0,0.0,0.0,0.0023517911400961766,True
adaptive coupling,0.9,-0.4356,-0.484,LP,23.745583038869256,23.829787234042556,23.787685136455906,0.4262830655281392,23.959188627026233,-0.004486863693782109,0.11160064558441153,0.0008042915614839274,-0.004486863693782109,0.17925473479359622,True,-0.09999999999999998,-9.999999999999998,0.08361120788334375,0.0,0.041805603941671876,-0.029051688810833698,True
adaptive coupling,0.9,-0.4356,-0.484,LD,23.829787234042556,23.914590747330962,23.87218899068676,0.2657528140048501,23.959188627026233,0.0007475003821883564,0.06957392401237099,0.0008042915614839274,0.0007475003821883564,1.0759747829550417,False,-0.09999999999999998,-9.999999999999998,0.0,0.0,0.0,-0.004857791891822505,False
adaptive coupling,0.9,-0.4356,-0.484,T22,23.914590747330962,23.914590747330962,23.914590747330962,0.10349478410248741,23.959188627026233,0.02538172129532586,0.027094871118436347,0.0008042915614839274,0.02538172129532586,0.03168782574379779,True,-0.09999999999999998,-9.999999999999998,0.0,0.0,0.0,0.006814842277145974,True
adaptive coupling,0.9,-0.4356,-0.484,T26,23.252595155709344,24.086021505376344,23.669308330542844,1.4925272151590816,23.959188627026233,-0.022089361946359506,0.390742711202217,0.0008042915614839274,-0.022089361946359506,0.0364108100286926,True,-0.09999999999999998,-9.999999999999998,0.0,-0.17390629245759115,-0.08695314622879735,-0.40033333503102075,True
adaptive coupling,0.9500000000000001,-0.45980000000000004,-0.484,SP,23.829787234042556,23.914590747330962,23.87218899068676,0.17847972636616946,23.959188627026233,0.006387714480282569,0.04672588309722287,0.0008042915614839274,0.006387714480282569,0.1259122592230122,True,-0.04999999999999993,-4.999999999999993,0.0,0.0,0.0,0.0011697308446493304,True
adaptive coupling,0.9500000000000001,-0.45980000000000004,-0.484,LP,23.745583038869256,23.829787234042556,23.787685136455906,0.44047674782742197,23.959188627026233,-0.004934458998884325,0.11531654292097938,0.0008042915614839274,-0.004934458998884325,0.16299488184333413,True,-0.04999999999999993,-4.999999999999993,0.08361120788334375,0.0,0.041805603941671876,-0.014858006511550947,True
adaptive coupling,0.9500000000000001,-0.45980000000000004,-0.484,LD,23.829787234042556,23.914590747330962,23.87218899068676,0.2681650710509183,23.959188627026233,0.0005904737888431061,0.07020545143024583,0.0008042915614839274,0.0005904737888431061,1.36211221680093,False,-0.04999999999999993,-4.999999999999993,0.0,0.0,0.0,-0.002445534845754327,False
adaptive coupling,0.9500000000000001,-0.45980000000000004,-0.484,T22,23.914590747330962,23.914590747330962,23.914590747330962,0.0999776617535307,23.959188627026233,0.026593520096116555,0.026174090640664772,0.0008042915614839274,0.026593520096116555,0.030243892443609897,True,-0.04999999999999993,-4.999999999999993,0.0,0.0,0.0,0.003297719928189266,True
adaptive coupling,0.9500000000000001,-0.45980000000000004,-0.484,T26,23.252595155709344,24.1726618705036,23.712628513106473,1.6989522543013622,23.959188627026233,-0.02351338407138682,0.4447846600760815,0.0008042915614839274,-0.02351338407138682,0.03420569149221958,True,-0.04999999999999993,-4.999999999999993,0.0,-0.08726592733033556,-0.04363296366516778,-0.19390829588874015,True
adaptive coupling,1.0,-0.484,-0.484,SP,23.829787234042556,23.914590747330962,23.87218899068676,0.17730999552152013,23.959188627026233,0.006535885972500361,0.04641964827820389,0.0008042915614839274,0.006535885972500361,0.12305777133627664,True,0.0,0.0,0.0,0.0,0.0,0.0,True
adaptive coupling,1.0,-0.484,-0.484,LP,23.661971830985912,23.829787234042556,23.745879532514234,0.4553347543389729,23.959188627026233,-0.0053820232469736565,0.1192063599296192,0.0008042915614839274,-0.0053820232469736565,0.14944037299284899,True,0.0,0.0,0.0,0.0,0.0,0.0,True
adaptive coupling,1.0,-0.484,-0.484,LD,23.829787234042556,23.914590747330962,23.87218899068676,0.27061060589667263,23.959188627026233,0.0004334535160238832,0.0708456909557058,0.0008042915614839274,0.0004334535160238832,1.8555428246649892,False,0.0,0.0,0.0,0.0,0.0,0.0,False
adaptive coupling,1.0,-0.484,-0.484,T22,23.914590747330962,23.914590747330962,23.914590747330962,0.09667994182534144,23.959188627026233,0.027805347636621333,0.02531074958233177,0.0008042915614839274,0.027805347636621333,0.02892578693835953,True,0.0,0.0,0.0,0.0,0.0,0.0,True
adaptive coupling,1.0,-0.484,-0.484,T26,23.252595155709344,24.259927797833935,23.75626147677164,1.8928605501901024,23.959188627026233,-0.024937191874212436,0.49554973322893,0.0008042915614839274,-0.024937191874212436,0.03225269170405854,True,0.0,0.0,0.0,0.0,0.0,0.0,True
adaptive coupling,1.05,-0.5082,-0.484,SP,23.829787234042556,23.914590747330962,23.87218899068676,0.17615243683256718,23.959188627026233,0.006684070931422984,0.046116600122094425,0.0008042915614839274,0.006684070931422984,0.12032959699796308,True,0.050000000000000044,5.000000000000004,0.0,0.0,0.0,-0.0011575586889529532,True
adaptive coupling,1.05,-0.5082,-0.484,LP,23.661971830985912,23.829787234042556,23.745879532514234,0.4708924842690746,23.959188627026233,-0.005829556335984173,0.12327936410086433,0.0008042915614839274,-0.005829556335984173,0.13796788556948444,True,0.050000000000000044,5.000000000000004,0.0,0.0,0.0,0.015557729930101682,True
adaptive coupling,1.05,-0.5082,-0.484,LD,23.829787234042556,23.829787234042556,23.829787234042556,0.2730899698594791,23.959188627026233,0.0002764395738507583,0.07149478692329979,0.0008042915614839274,0.0002764395738507583,2.909466073472321,False,0.050000000000000044,5.000000000000004,0.0,-0.0848035132884064,-0.0424017566442032,0.002479363962806458,False
adaptive coupling,1.05,-0.5082,-0.484,T22,23.914590747330962,23.914590747330962,23.914590747330962,0.09358298006183685,23.959188627026233,0.029017203291380998,0.024499966888608893,0.0008042915614839274,0.029017203291380998,0.027717749136865536,True,0.050000000000000044,5.000000000000004,0.0,0.0,0.0,-0.003096961763504588,True
adaptive coupling,1.05,-0.5082,-0.484,T26,23.333333333333332,24.347826086956523,23.84057971014493,1.3771410808557991,23.959188627026233,-0.026360780780362823,0.36053469188110715,0.0008042915614839274,-0.026360780780362823,0.030510915749622853,True,0.050000000000000044,5.000000000000004,0.0807381776239886,0.08789828912258812,0.08431823337328836,-0.5157194693343032,True
adaptive coupling,1.1,-0.5324,-0.484,SP,23.829787234042556,23.914590747330962,23.87218899068676,0.1750068952282372,23.959188627026233,0.006832269332048202,0.045816698031382386,0.0008042915614839274,0.006832269332048202,0.11771953393453448,True,0.10000000000000009,10.000000000000009,0.0,0.0,0.0,-0.002303100293282928,True
adaptive coupling,1.1,-0.5324,-0.484,LP,23.661971830985912,23.829787234042556,23.745879532514234,0.487187263704336,23.959188627026233,-0.006277058163468065,0.12754532738133795,0.0008042915614839274,-0.006277058163468065,0.12813192749508595,True,0.10000000000000009,10.000000000000009,0.0,0.0,0.0,0.0318525093653631,True
adaptive coupling,1.1,-0.5324,-0.484,LD,23.829787234042556,23.829787234042556,23.829787234042556,0.27560372429492574,23.959188627026233,0.00011943197246188686,0.07215288629557713,0.0008042915614839274,0.00011943197246188686,6.734306943985146,False,0.10000000000000009,10.000000000000009,0.0,-0.0848035132884064,-0.0424017566442032,0.004993118398253116,False
adaptive coupling,1.1,-0.5324,-0.484,T22,23.914590747330962,23.914590747330962,23.914590747330962,0.09067004178219673,23.959188627026233,0.030229086446967462,0.023737361430302403,0.0008042915614839274,0.030229086446967462,0.026606545417604335,True,0.10000000000000009,10.000000000000009,0.0,0.0,0.0,-0.006009900043144709,True
adaptive coupling,1.1,-0.5324,-0.484,T26,23.333333333333332,24.347826086956523,23.84057971014493,0.9688590699655486,23.959188627026233,-0.027784146108936775,0.25364671138063394,0.0008042915614839274,-0.027784146108936775,0.02894785962938868,True,0.10000000000000009,10.000000000000009,0.0807381776239886,0.08789828912258812,0.08431823337328836,-0.9240014802245538,True
adaptive coupling,1.1500000000000001,-0.5566000000000001,-0.484,SP,23.829787234042556,23.914590747330962,23.87218899068676,0.17387321782867432,23.959188627026233,0.006980481149426082,0.04551990198221509,0.0008042915614839274,0.006980481149426082,0.11522007498724558,True,0.15000000000000013,15.000000000000014,0.0,0.0,0.0,-0.0034367776928458105,True
adaptive coupling,1.1500000000000001,-0.5566000000000001,-0.484,LP,23.661971830985912,23.829787234042556,23.745879532514234,0.504258433888381,23.959188627026233,-0.006724528626594046,0.13201454928453601,0.0008042915614839274,-0.006724528626594046,0.11960564169555758,True,0.15000000000000013,15.000000000000014,0.0,0.0,0.0,0.04892367954940807,True
adaptive coupling,1.1500000000000001,-0.5566000000000001,-0.484,LD,23.829787234042556,23.829787234042556,23.829787234042556,0.2781524407864354,23.959188627026233,-3.7569277986787925e-05,0.07282013871272795,0.0008042915614839274,-3.7569277986787925e-05,21.4082251398809,False,0.15000000000000013,15.000000000000014,0.0,-0.0848035132884064,-0.0424017566442032,0.0075418348897627885,False
adaptive coupling,1.1500000000000001,-0.5566000000000001,-0.484,T22,23.914590747330962,23.914590747330962,23.914590747330962,0.08792608088118524,23.959188627026233,0.031440996501769576,0.02301899414627279,0.0008042915614839274,0.031440996501769576,0.025580981869918147,True,0.15000000000000013,15.000000000000014,0.0,0.0,0.0,-0.0087538609441562,True
adaptive coupling,1.1500000000000001,-0.5566000000000001,-0.484,T26,23.414634146341463,24.436363636363637,23.92549889135255,0.6637450514483566,23.959188627026233,-0.029207283070176133,0.17376804812389468,0.0008042915614839274,-0.029207283070176133,0.027537363182719248,True,0.15000000000000013,15.000000000000014,0.16203899063211935,0.17643583852970224,0.16923741458090902,-1.2291154987417459,True
adaptive coupling,1.2000000000000002,-0.5808000000000001,-0.484,SP,23.914590747330962,23.914590747330962,23.914590747330962,0.17275125391265445,23.959188627026233,0.007128706358659073,0.04522617251586835,0.0008042915614839274,0.007128706358659073,0.11282433600410167,True,0.20000000000000018,20.000000000000018,0.0848035132884064,0.0,0.0424017566442032,-0.004558741608865685,True
adaptive coupling,1.2000000000000002,-0.5808000000000001,-0.484,LP,23.661971830985912,23.829787234042556,23.745879532514234,0.5221474393502455,23.959188627026233,-0.0071719676221461,0.1366978799627878,0.0008042915614839274,-0.0071719676221461,0.11214378032053297,True,0.20000000000000018,20.000000000000018,0.0,0.0,0.0,0.06681268501127263,True
adaptive coupling,1.2000000000000002,-0.5808000000000001,-0.484,LD,23.829787234042556,23.829787234042556,23.829787234042556,0.28073670133764644,23.959188627026233,-0.00019456416732131315,0.07349669654294849,0.0008042915614839274,-0.00019456416732131315,4.13381134130253,False,0.20000000000000018,20.000000000000018,0.0,-0.0848035132884064,-0.0424017566442032,0.010126095440973815,False
adaptive coupling,1.2000000000000002,-0.5808000000000001,-0.484,T22,23.914590747330962,23.914590747330962,23.914590747330962,0.08533754664138514,23.959188627026233,0.03265293286578172,0.022341317466995986,0.0008042915614839274,0.03265293286578172,0.024631525896614815,True,0.20000000000000018,20.000000000000018,0.0,0.0,0.0,-0.0113423951839563,True
adaptive coupling,1.2000000000000002,-0.5808000000000001,-0.484,T26,23.414634146341463,24.525547445255473,23.97009079579847,0.4390957734484529,23.959188627026233,-0.030630186762983274,0.11495500467399898,0.0008042915614839274,-0.030630186762983274,0.026258134424956156,True,0.20000000000000018,20.000000000000018,0.16203899063211935,0.26561964742153776,0.21382931902682856,-1.4537647767416495,True
adaptive coupling,1.25,-0.605,-0.484,SP,23.914590747330962,23.914590747330962,23.914590747330962,0.17164085488570835,23.959188627026233,0.007276944934901834,0.044935470730401085,0.0008042915614839274,0.007276944934901834,0.11052599252556763,True,0.25,25.0,0.0848035132884064,0.0,0.0424017566442032,-0.005669140635811781,True
adaptive coupling,1.25,-0.605,-0.484,LP,23.661971830985912,23.829787234042556,23.745879532514234,0.5408979148244888,23.959188627026233,-0.0076193750465219975,0.14160674296288764,0.0008042915614839274,-0.0076193750465219975,0.10555873107349677,True,0.25,25.0,0.0,0.0,0.0,0.08556316048551588,True
adaptive coupling,1.25,-0.605,-0.484,LD,23.829787234042556,23.829787234042556,23.829787234042556,0.28335709856901486,23.959188627026233,-0.00035155268534959027,0.07418271493391133,0.0008042915614839274,-0.00035155268534959027,2.2878265335510823,False,0.25,25.0,0.0,-0.0848035132884064,-0.0424017566442032,0.012746492672342236,False
adaptive coupling,1.25,-0.605,-0.484,T22,23.914590747330962,23.914590747330962,23.914590747330962,0.08289221464407616,23.959188627026233,0.033864894960397164,0.021701131047134826,0.0008042915614839274,0.033864894960397164,0.02375000904105845,True,0.25,25.0,0.0,0.0,0.0,-0.01378772718126528,True
adaptive coupling,1.25,-0.605,-0.484,T26,23.496503496503497,24.525547445255473,24.011025470879485,0.27218183841124943,23.959188627026233,-0.03205285217238713,0.07125703866611212,0.0008042915614839274,-0.03205285217238713,0.025092667484262383,True,0.25,25.0,0.24390834079415313,0.26561964742153776,0.25476399410784367,-1.620678711778853,True
adaptive coupling,1.3,-0.6292,-0.484,SP,23.914590747330962,23.914590747330962,23.914590747330962,0.1705418742484767,23.959188627026233,0.007425196853360944,0.044647758272370726,0.0008042915614839274,0.007425196853360944,0.10831922403779405,True,0.30000000000000004,30.000000000000004,0.0848035132884064,0.0,0.0424017566442032,-0.006768121273043437,True
adaptive coupling,1.3,-0.6292,-0.484,LP,23.57894736842105,23.829787234042556,23.704367301231805,0.5605557696505139,23.959188627026233,-0.008066750795731898,0.14675315732178557,0.0008042915614839274,-0.008066750795731898,0.09970452563248594,True,0.30000000000000004,30.000000000000004,-0.08302446256486107,0.0,-0.04151223128242876,0.10522101531154099,True
adaptive coupling,1.3,-0.6292,-0.484,LD,23.829787234042556,23.829787234042556,23.829787234042556,0.2860142359174061,23.959188627026233,-0.0005085348218616676,0.07487835186501841,0.0008042915614839274,-0.0005085348218616676,1.5815860132046413,False,0.30000000000000004,30.000000000000004,0.0,-0.0848035132884064,-0.0424017566442032,0.015403630020733472,False
adaptive coupling,1.3,-0.6292,-0.484,T22,23.914590747330962,23.914590747330962,23.914590747330962,0.08057903858287664,23.959188627026233,0.03507688221820466,0.021095542970441142,0.0008042915614839274,0.03507688221820466,0.022929391400313956,True,0.30000000000000004,30.000000000000004,0.0,0.0,0.0,-0.016100903242464798,True
adaptive coupling,1.3,-0.6292,-0.484,T26,23.496503496503497,24.615384615384613,24.055944055944053,0.1407164387529959,23.959188627026233,-0.03347527416695291,0.03683947751881083,0.0008042915614839274,-0.03347527416695291,0.02402643687017002,True,0.30000000000000004,30.000000000000004,0.24390834079415313,0.35545681755067804,0.29968257917241203,-1.7521441114371066,True
adaptive coupling,1.35,-0.6534,-0.484,SP,23.914590747330962,23.914590747330962,23.914590747330962,0.16945416756570036,23.959188627026233,0.007573462089295023,0.04436299732871484,0.0008042915614839274,0.007573462089295023,0.10619866475872133,True,0.3500000000000001,35.00000000000001,0.0848035132884064,0.0,0.0424017566442032,-0.007855827955819766,True
adaptive coupling,1.35,-0.6534,-0.484,LP,23.57894736842105,23.745583038869256,23.662265203645156,0.5811692680448203,23.959188627026233,-0.008514094765396829,0.15214975858181373,0.0008042915614839274,-0.008514094765396829,0.09446589257530312,True,0.3500000000000001,35.00000000000001,-0.08302446256486107,-0.08420419517329947,-0.08361432886907849,0.12583451370584736,True
adaptive coupling,1.35,-0.6534,-0.484,LD,23.829787234042556,23.829787234042556,23.829787234042556,0.28870872783903956,23.959188627026233,-0.000665510566629505,0.07558376820053181,0.0008042915614839274,-0.000665510566629505,1.2085331200033114,False,0.3500000000000001,35.00000000000001,0.0,-0.0848035132884064,-0.0424017566442032,0.01809812194236693,False
adaptive coupling,1.35,-0.6534,-0.484,T22,23.914590747330962,23.914590747330962,23.914590747330962,0.07838802022689573,23.959188627026233,0.03628889408278847,0.020521935706188644,0.0008042915614839274,0.03628889408278847,0.022163573231221624,True,0.3500000000000001,35.00000000000001,0.0,0.0,0.0,-0.018291921598445712,True
adaptive coupling,1.35,-0.6534,-0.484,T26,23.496503496503497,24.615384615384613,24.055944055944053,0.04096725360968352,23.959188627026233,-0.03489744749613922,0.010725201914827641,0.0008042915614839274,-0.03489744749613922,0.023047289105396836,True,0.3500000000000001,35.00000000000001,0.24390834079415313,0.35545681755067804,0.29968257917241203,-1.851893296580419,True
adaptive coupling,1.4000000000000001,-0.6776000000000001,-0.484,SP,23.914590747330962,23.914590747330962,23.914590747330962,0.16837759243567837,23.959188627026233,0.007721740618014794,0.04408115061875529,0.0008042915614839274,0.007721740618014794,0.1041593600810053,True,0.40000000000000013,40.000000000000014,0.0848035132884064,0.0,0.0424017566442032,-0.008932403085841756,True
adaptive coupling,1.4000000000000001,-0.6776000000000001,-0.484,LP,23.57894736842105,23.745583038869256,23.662265203645156,0.6027891032923158,23.959188627026233,-0.008961406850747483,0.15780981821392653,0.0008042915614839274,-0.008961406850747483,0.08975059104886421,True,0.40000000000000013,40.000000000000014,-0.08302446256486107,-0.08420419517329947,-0.08361432886907849,0.14745434895334292,True
adaptive coupling,1.4000000000000001,-0.6776000000000001,-0.484,LD,23.829787234042556,23.829787234042556,23.829787234042556,0.2914412000167416,23.959188627026233,-0.0008224799094067608,0.07629912774383242,0.0008042915614839274,-0.0008224799094067608,0.9778859669217304,True,0.40000000000000013,40.000000000000014,0.0,-0.0848035132884064,-0.0424017566442032,0.02083059412006899,False
adaptive coupling,1.4000000000000001,-0.6776000000000001,-0.484,T22,23.914590747330962,23.914590747330962,23.914590747330962,0.07631009515993786,23.959188627026233,0.0375009300085311,0.019977936195766568,0.0008042915614839274,0.0375009300085311,0.021447243076397275,True,0.40000000000000013,40.000000000000014,0.0,0.0,0.0,-0.020369846665403576,True
adaptive coupling,1.4000000000000001,-0.6776000000000001,-0.484,T26,23.57894736842105,24.615384615384613,24.097165991902834,-0.012143390290429393,23.959188627026233,-0.03631936678759698,-0.0031791321438405505,0.0008042915614839274,-0.03631936678759698,0.022144977531893317,True,0.40000000000000013,40.000000000000014,0.3263522127117078,0.35545681755067804,0.3409045151311929,-1.9050039404805317,True
adaptive coupling,1.4500000000000002,-0.7018000000000001,-0.484,SP,23.914590747330962,23.914590747330962,23.914590747330962,0.16731200846001623,23.959188627026233,0.0078700324148824,0.04380218138627836,0.0008042915614839274,0.0078700324148824,0.10219672792744727,True,0.4500000000000002,45.000000000000014,0.0848035132884064,0.0,0.0424017566442032,-0.009997987061503899,True
adaptive coupling,1.4500000000000002,-0.7018000000000001,-0.484,LP,23.57894736842105,23.745583038869256,23.662265203645156,0.6254684635025028,23.959188627026233,-0.009408686946622674,0.1637472608326299,0.0008042915614839274,-0.009408686946622674,0.08548393267273438,True,0.4500000000000002,45.000000000000014,-0.08302446256486107,-0.08420419517329947,-0.08361432886907849,0.17013370916352993,True
adaptive coupling,1.4500000000000002,-0.7018000000000001,-0.484,LD,23.829787234042556,23.829787234042556,23.829787234042556,0.2942122895698229,23.959188627026233,-0.0009794428399292087,0.07702459729236572,0.0008042915614839274,-0.0009794428399292087,0.8211725367680051,True,0.4500000000000002,45.000000000000014,0.0,-0.0848035132884064,-0.0424017566442032,0.023601683673150298,False
adaptive coupling,1.4500000000000002,-0.7018000000000001,-0.484,T22,23.914590747330962,23.914590747330962,23.914590747330962,0.07433703224763014,23.959188627026233,0.038712989460420365,0.019461389533235198,0.0008042915614839274,0.038712989460420365,0.020775754409414034,True,0.4500000000000002,45.000000000000014,0.0,0.0,0.0,-0.022342909577711303,True
adaptive coupling,1.4500000000000002,-0.7018000000000001,-0.484,T26,23.57894736842105,24.615384615384613,24.097165991902834,-0.056390028257976725,23.959188627026233,-0.03774102654441222,-0.014762874875915044,0.0008042915614839274,-0.03774102654441222,0.02131080246419549,True,0.4500000000000002,45.000000000000014,0.3263522127117078,0.35545681755067804,0.3409045151311929,-1.9492505784480791,True
adaptive coupling,1.5,-0.726,-0.484,SP,23.914590747330962,23.914590747330962,23.914590747330962,0.16625727721403927,23.959188627026233,0.008018337455312004,0.04352605339178895,0.0008042915614839274,0.008018337455312004,0.10030652438444067,True,0.5,50.0,0.0848035132884064,0.0,0.0424017566442032,-0.011052718307480863,True
adaptive coupling,1.5,-0.726,-0.484,LP,23.57894736842105,23.745583038869256,23.662265203645156,0.6492630861126747,23.959188627026233,-0.009855934947467527,0.16997667846488465,0.0008042915614839274,-0.009855934947467527,0.08160479607168972,True,0.5,50.0,-0.08302446256486107,-0.08420419517329947,-0.08361432886907849,0.19392833177370178,True
adaptive coupling,1.5,-0.726,-0.484,LD,23.829787234042556,23.829787234042556,23.829787234042556,0.29702264526864275,23.959188627026233,-0.0011363993479144338,0.0777603466938146,0.0008042915614839274,-0.0011363993479144338,0.7077543321016472,True,0.5,50.0,0.0,-0.0848035132884064,-0.0424017566442032,0.02641203937197012,False
adaptive coupling,1.5,-0.726,-0.484,T22,23.914590747330962,23.914590747330962,23.914590747330962,0.07246134506391128,23.959188627026233,0.03992507191386028,0.01897033577683489,0.0008042915614839274,0.03992507191386028,0.02014502474082487,True,0.5,50.0,0.0,0.0,0.0,-0.024218596761430164,True
adaptive coupling,1.5,-0.726,-0.484,T26,23.57894736842105,24.615384615384613,24.097165991902834,-0.09319107933115676,23.959188627026233,-0.039162421142291015,-0.02439736751723881,0.0008042915614839274,-0.039162421142291015,0.02053732986940848,True,0.5,50.0,0.3263522127117078,0.35545681755067804,0.3409045151311929,-1.9860516295212591,True
adaptive coupling,1.55,-0.7502,-0.484,SP,23.914590747330962,23.914590747330962,23.914590747330962,0.1652132622174806,23.959188627026233,0.00816665571476918,0.04325273090483676,0.0008042915614839274,0.00816665571476918,0.0984848130709597,True,0.55,55.00000000000001,0.0848035132884064,0.0,0.0424017566442032,-0.012096733304039542,True
adaptive coupling,1.55,-0.7502,-0.484,LP,23.496503496503497,23.745583038869256,23.621043267686375,0.6742312977907586,23.959188627026233,-0.010303150747332753,0.17651334099664662,0.0008042915614839274,-0.010303150747332753,0.07806268016530185,True,0.55,55.00000000000001,-0.1654683344824157,-0.08420419517329947,-0.12483626482785937,0.21889654345178572,True
adaptive coupling,1.55,-0.7502,-0.484,LD,23.829787234042556,23.829787234042556,23.829787234042556,0.29987292775182794,23.959188627026233,-0.0012933494230617031,0.07850654890296711,0.0008042915614839274,-0.0012933494230617031,0.6218671823272282,True,0.55,55.00000000000001,0.0,-0.0848035132884064,-0.0424017566442032,0.029262321855155315,False
adaptive coupling,1.55,-0.7502,-0.484,T22,23.914590747330962,23.914590747330962,23.914590747330962,0.07067621374791783,23.959188627026233,0.041137176854483475,0.018502989491166716,0.0008042915614839274,0.041137176854483475,0.019551452554194153,True,0.55,55.00000000000001,0.0,0.0,0.0,-0.026003728077423613,True
adaptive coupling,1.55,-0.7502,-0.484,T26,23.661971830985912,24.70588235294118,24.183927091963547,-0.10556589412746815,23.959188627026233,-0.040583544826685414,-0.027637086455040986,0.0008042915614839274,-0.040583544826685414,0.019818169283109824,True,0.55,55.00000000000001,0.40937667527656885,0.4459545551072459,0.4276656151919056,-1.9984264443175705,True
adaptive coupling,1.6,-0.7744,-0.484,SP,23.914590747330962,23.914590747330962,23.914590747330962,0.16417982890570396,23.959188627026233,0.008314987168771016,0.04298217869648239,0.0008042915614839274,0.008314987168771016,0.09672793777778067,True,0.6000000000000001,60.00000000000001,0.0848035132884064,0.0,0.0424017566442032,-0.013130166615816175,True
adaptive coupling,1.6,-0.7744,-0.484,LP,23.496503496503497,23.745583038869256,23.621043267686375,0.7004340357926774,23.959188627026233,-0.010750334239872863,0.18337320176421046,0.0008042915614839274,-0.010750334239872863,0.0748154935035247,True,0.6000000000000001,60.00000000000001,-0.1654683344824157,-0.08420419517329947,-0.12483626482785937,0.24509928145370447,True
adaptive coupling,1.6,-0.7744,-0.484,LD,23.829787234042556,23.829787234042556,23.829787234042556,0.30276380974809813,23.959188627026233,-0.00145029305505205,0.07926338003979023,0.0008042915614839274,-0.00145029305505205,0.554571752710394,True,0.6000000000000001,60.00000000000001,0.0,-0.0848035132884064,-0.0424017566442032,0.032153203851425505,False
adaptive coupling,1.6,-0.7744,-0.484,T22,23.914590747330962,23.914590747330962,23.914590747330962,0.06897541596840419,23.959188627026233,0.04234930377796819,0.01805772167371989,0.0008042915614839274,0.04234930377796819,0.01899184850123445,True,0.6000000000000001,60.00000000000001,0.0,0.0,0.0,-0.02770452585693725,True
adaptive coupling,1.6,-0.7744,-0.484,T26,23.661971830985912,24.70588235294118,24.183927091963547,-0.12958278727942893,23.959188627026233,-0.04200439170985845,-0.033924694379061905,0.0008042915614839274,-0.04200439170985845,0.019147796902750047,True,0.6000000000000001,60.00000000000001,0.40937667527656885,0.4459545551072459,0.4276656151919056,-2.0224433374695314,True
adaptive coupling,1.6500000000000001,-0.7986000000000001,-0.484,SP,23.914590747330962,23.914590747330962,23.914590747330962,0.1631568446012674,23.959188627026233,0.00846333179288597,0.042714362031852755,0.0008042915614839274,0.00846333179288597,0.09503249797674145,True,0.6500000000000001,65.00000000000001,0.0848035132884064,0.0,0.0424017566442032,-0.014153150920252738,True
adaptive coupling,1.6500000000000001,-0.7986000000000001,-0.484,LP,23.496503496503497,23.745583038869256,23.621043267686375,0.7279348461575272,23.959188627026233,-0.011197485318344422,0.19057289708170866,0.0008042915614839274,-0.011197485318344422,0.07182787372503062,True,0.6500000000000001,65.00000000000001,-0.1654683344824157,-0.08420419517329947,-0.12483626482785937,0.2726000918185543,True
adaptive coupling,1.6500000000000001,-0.7986000000000001,-0.484,LD,23.829787234042556,23.829787234042556,23.829787234042556,0.30569597630116757,23.959188627026233,-0.0016072302335484597,0.08003101944830897,0.0008042915614839274,-0.0016072302335484597,0.5004208760484825,True,0.6500000000000001,65.00000000000001,0.0,-0.0848035132884064,-0.0424017566442032,0.03508537040449494,False
adaptive coupling,1.6500000000000001,-0.7986000000000001,-0.484,T22,23.914590747330962,23.914590747330962,23.914590747330962,0.06735326585022093,23.959188627026233,0.0435614521898584,0.0176330437658612,0.0008042915614839274,0.0435614521898584,0.018463378079741237,True,0.6500000000000001,65.00000000000001,0.0,0.0,0.0,-0.02932667597512051,True
adaptive coupling,1.6500000000000001,-0.7986000000000001,-0.484,T26,23.661971830985912,24.70588235294118,24.183927091963547,-0.1296560926052824,23.959188627026233,-0.04342495576788954,-0.03394388566849276,0.0008042915614839274,-0.04342495576788954,0.018521413488201147,True,0.6500000000000001,65.00000000000001,0.40937667527656885,0.4459545551072459,0.4276656151919056,-2.022516642795385,True
adaptive coupling,1.7000000000000002,-0.8228000000000001,-0.484,SP,23.914590747330962,23.914590747330962,23.914590747330962,0.16214417848605706,23.959188627026233,0.00861168956273377,0.042449246662845753,0.0008042915614839274,0.00861168956273377,0.09339532685483917,True,0.7000000000000002,70.00000000000001,0.0848035132884064,0.0,0.0424017566442032,-0.015165817035463075,True
adaptive coupling,1.7000000000000002,-0.8228000000000001,-0.484,LP,23.496503496503497,23.745583038869256,23.621043267686375,0.7567998533888651,23.959188627026233,-0.011644603875605078,0.19812973830369093,0.0008042915614839274,-0.011644603875605078,0.06906989452589986,True,0.7000000000000002,70.00000000000001,-0.1654683344824157,-0.08420419517329947,-0.12483626482785937,0.3014650990498922,True
adaptive coupling,1.7000000000000002,-0.8228000000000001,-0.484,LD,23.829787234042556,23.829787234042556,23.829787234042556,0.3086701249987874,23.959188627026233,-0.0017641609481954025,0.08080964975656947,0.0008042915614839274,-0.0017641609481954025,0.4559060001337487,True,0.7000000000000002,70.00000000000001,0.0,-0.0848035132884064,-0.0424017566442032,0.03805951910211475,False
adaptive coupling,1.7000000000000002,-0.8228000000000001,-0.484,T22,23.914590747330962,23.914590747330962,23.914590747330962,0.06580455986944818,23.959188627026233,0.044773621605385804,0.01722759348821401,0.0008042915614839274,0.044773621605385804,0.017963513619081006,True,0.7000000000000002,70.00000000000001,0.0,0.0,0.0,-0.03087538195589326,True
adaptive coupling,1.7000000000000002,-0.8228000000000001,-0.484,T26,23.661971830985912,24.70588235294118,24.183927091963547,-0.12345277234684336,23.959188627026233,-0.04484523083761752,-0.032319860222511355,0.0008042915614839274,-0.04484523083761752,0.017934829333273578,True,0.7000000000000002,70.00000000000001,0.40937667527656885,0.4459545551072459,0.4276656151919056,-2.016313322536946,True
adaptive coupling,1.75,-0.847,-0.484,SP,23.914590747330962,23.914590747330962,23.914590747330962,0.16114170157361146,23.959188627026233,0.00876006045398551,0.04218679882088472,0.0008042915614839274,0.00876006045398551,0.09181347157461726,True,0.75,75.0,0.0848035132884064,0.0,0.0424017566442032,-0.01616829394790867,True
adaptive coupling,1.75,-0.847,-0.484,LP,23.414634146341463,23.745583038869256,23.58010859260536,0.7870976954710215,23.959188627026233,-0.012091689804111778,0.20606169481243478,0.0008042915614839274,-0.012091689804111778,0.06651605974959994,True,0.75,75.0,-0.2473376846444495,-0.08420419517329947,-0.16577093990887448,0.33176294113204857,True
adaptive coupling,1.75,-0.847,-0.484,LD,23.829787234042556,23.829787234042556,23.829787234042556,0.31168696620562214,23.959188627026233,-0.001921085188619262,0.08159945693760605,0.0008042915614839274,-0.001921085188619262,0.41866522434749204,True,0.75,75.0,0.0,-0.0848035132884064,-0.0424017566442032,0.04107636030894951,False
adaptive coupling,1.75,-0.847,-0.484,T22,23.914590747330962,23.914590747330962,23.914590747330962,0.06432452885558707,23.959188627026233,0.04598581154929726,0.016840122274861414,0.0008042915614839274,0.04598581154929726,0.017489993856511996,True,0.75,75.0,0.0,0.0,0.0,-0.032355412969754374,True
adaptive coupling,1.75,-0.847,-0.484,T26,23.745583038869256,24.70588235294118,24.22573269590522,-0.1284739702529383,23.959188627026233,-0.046265210613518966,-0.03363440676034538,0.0008042915614839274,-0.046265210613518966,0.017384370476612697,True,0.75,75.0,0.4929878831599126,0.4459545551072459,0.4694712191335775,-2.0213345204430406,True
adaptive coupling,1.8,-0.8712,-0.484,SP,23.914590747330962,23.914590747330962,23.914590747330962,0.1601492866821293,23.959188627026233,0.00890844444236314,0.04192698520985192,0.0008042915614839274,0.00890844444236314,0.09028417550197723,True,0.8,80.0,0.0848035132884064,0.0,0.0424017566442032,-0.01716070883939083,True
adaptive coupling,1.8,-0.8712,-0.484,LP,23.414634146341463,23.745583038869256,23.58010859260536,0.8188994172256083,23.959188627026233,-0.012538742995919434,0.2143873660987445,0.0008042915614839274,-0.012538742995919434,0.06414451287068196,True,0.8,80.0,-0.2473376846444495,-0.08420419517329947,-0.16577093990887448,0.3635646628866354,True
adaptive coupling,1.8,-0.8712,-0.484,LD,23.745583038869256,23.829787234042556,23.787685136455906,0.3147472232996343,23.959188627026233,-0.0020780029444277632,0.08240063037132643,0.0008042915614839274,-0.0020780029444277632,0.38705025112724845,True,0.8,80.0,-0.08420419517329947,-0.0848035132884064,-0.08450385423085294,0.04413661740296165,False
adaptive coupling,1.8,-0.8712,-0.484,T22,23.914590747330962,23.914590747330962,23.914590747330962,0.06290879535180544,23.959188627026233,0.04719802155568195,0.01646948411028464,0.0008042915614839274,0.04719802155568195,0.017040789740202626,True,0.8,80.0,0.0,0.0,0.0,-0.033771146473536004,True
adaptive coupling,1.8,-0.8712,-0.484,T26,23.745583038869256,24.70588235294118,24.22573269590522,-0.12645034992613446,23.959188627026233,-0.04768488864452552,-0.03310462419765022,0.0008042915614839274,-0.04768488864452552,0.016866801713214537,True,0.8,80.0,0.4929878831599126,0.4459545551072459,0.4694712191335775,-2.0193109001162366,True
adaptive coupling,1.85,-0.8954,-0.484,SP,23.914590747330962,23.914590747330962,23.914590747330962,0.1591668084076103,23.959188627026233,0.009056841503639564,0.04166977299905689,0.0008042915614839274,0.009056841503639564,0.08880486217636871,True,0.8500000000000001,85.00000000000001,0.0848035132884064,0.0,0.0424017566442032,-0.01814318711390983,True
adaptive coupling,1.85,-0.8954,-0.484,LP,23.414634146341463,23.745583038869256,23.58010859260536,0.8522783141484458,23.959188627026233,-0.012985763342679705,0.22312594087855428,0.0008042915614839274,-0.012985763342679705,0.06193640991750556,True,0.8500000000000001,85.00000000000001,-0.2473376846444495,-0.08420419517329947,-0.16577093990887448,0.3969435598094729,True
adaptive coupling,1.85,-0.8954,-0.484,LD,23.745583038869256,23.829787234042556,23.787685136455906,0.31785163291278784,23.959188627026233,-0.002234914205210533,0.08321336290752783,0.0008042915614839274,-0.002234914205210533,0.359875810717379,True,0.8500000000000001,85.00000000000001,-0.08420419517329947,-0.0848035132884064,-0.08450385423085294,0.04724102701611521,False
adaptive coupling,1.85,-0.8954,-0.484,T22,23.914590747330962,23.914590747330962,23.914590747330962,0.06155333568251694,23.959188627026233,0.04841025116780448,0.016114625598678475,0.0008042915614839274,0.04841025116780448,0.016614075367963103,True,0.8500000000000001,85.00000000000001,0.0,0.0,0.0,-0.0351266061428245,True
adaptive coupling,1.85,-0.8954,-0.484,T26,23.745583038869256,24.615384615384613,24.180483827126935,-0.11687648145750408,23.959188627026233,-0.049104258330774454,-0.03059819129369321,0.0008042915614839274,-0.049104258330774454,0.016379262997235102,True,0.8500000000000001,85.00000000000001,0.4929878831599126,0.35545681755067804,0.42422235035529354,-2.0097370316476066,True
adaptive coupling,1.9000000000000001,-0.9196000000000001,-0.484,SP,23.914590747330962,23.914590747330962,23.914590747330962,0.1581941430976836,23.959188627026233,0.009205251613638827,0.0414151298163846,0.0008042915614839274,0.009205251613638827,0.08737312082727436,True,0.9000000000000001,90.00000000000001,0.0848035132884064,0.0,0.0424017566442032,-0.019115852423836538,True
adaptive coupling,1.9000000000000001,-0.9196000000000001,-0.484,LP,23.414634146341463,23.745583038869256,23.58010859260536,0.8873097180226674,23.959188627026233,-0.01343275073563877,0.23229714096657025,0.0008042915614839274,-0.01343275073563877,0.059875417724386204,True,0.9000000000000001,90.00000000000001,-0.2473376846444495,-0.08420419517329947,-0.16577093990887448,0.43197496368369454,True
adaptive coupling,1.9000000000000001,-0.9196000000000001,-0.484,LD,23.745583038869256,23.829787234042556,23.787685136455906,0.3210009451751297,23.959188627026233,-0.0023918189605388524,0.08403785092979728,0.0008042915614839274,-0.0023918189605388524,0.33626774214664173,True,0.9000000000000001,90.00000000000001,-0.08420419517329947,-0.0848035132884064,-0.08450385423085294,0.0503903392784571,False
adaptive coupling,1.9000000000000001,-0.9196000000000001,-0.484,T22,23.914590747330962,23.914590747330962,23.914590747330962,0.060254446161147675,23.959188627026233,0.04962249993793999,0.015774577117165272,0.0008042915614839274,0.04962249993793999,0.016208203183834122,True,0.9000000000000001,90.00000000000001,0.0,0.0,0.0,-0.036425495664193765,True
adaptive coupling,1.9000000000000001,-0.9196000000000001,-0.484,T26,23.745583038869256,24.615384615384613,24.180483827126935,-0.11704220025163836,23.959188627026233,-0.050523312920292524,-0.030641576372544374,0.0008042915614839274,-0.050523312920292524,0.015919216595174746,True,0.9000000000000001,90.00000000000001,0.4929878831599126,0.35545681755067804,0.42422235035529354,-2.0099027504417406,True
adaptive coupling,1.9500000000000002,-0.9438000000000001,-0.484,SP,23.914590747330962,23.914590747330962,23.914590747330962,0.15723116882551072,23.959188627026233,0.009353674748235574,0.04116302374146342,0.0008042915614839274,0.009353674748235574,0.08598669326572903,True,0.9500000000000002,95.00000000000001,0.0848035132884064,0.0,0.0424017566442032,-0.02007882669600941,True
adaptive coupling,1.9500000000000002,-0.9438000000000001,-0.484,LP,23.333333333333332,23.745583038869256,23.539458186101292,0.9240707148178706,23.959188627026233,-0.013879705065636738,0.24192114742244095,0.0008042915614839274,-0.013879705065636738,0.057947309231749164,True,0.9500000000000002,95.00000000000001,-0.32863849765258024,-0.08420419517329947,-0.20642134641294163,0.4687359604788977,True
adaptive coupling,1.9500000000000002,-0.9438000000000001,-0.484,LD,23.745583038869256,23.829787234042556,23.787685136455906,0.3241959239632163,23.959188627026233,-0.0025487171999650188,0.08487429442054961,0.0008042915614839274,-0.0025487171999650188,0.3155672043547893,True,0.9500000000000002,95.00000000000001,-0.08420419517329947,-0.0848035132884064,-0.08450385423085294,0.05358531806654365,False
adaptive coupling,1.9500000000000002,-0.9438000000000001,-0.484,T22,23.914590747330962,23.914590747330962,23.914590747330962,0.0590087129444885,23.959188627026233,0.05083476742721026,0.015448444923682832,0.0008042915614839274,0.05083476742721026,0.015821682722077634,True,0.9500000000000002,95.00000000000001,0.0,0.0,0.0,-0.03767122888085294,True
adaptive coupling,1.9500000000000002,-0.9438000000000001,-0.484,T26,23.745583038869256,24.615384615384613,24.180483827126935,-0.10856340553214529,23.959188627026233,-0.05194204550561518,-0.028421833105706427,0.0008042915614839274,-0.05194204550561518,0.01548440292743149,True,0.9500000000000002,95.00000000000001,0.4929878831599126,0.35545681755067804,0.42422235035529354,-2.0014239557222475,True
adaptive coupling,2.0,-0.968,-0.484,SP,23.914590747330962,23.914590747330962,23.914590747330962,0.15627776536440166,23.959188627026233,0.009502110883355062,0.04091342329901947,0.0008042915614839274,0.009502110883355062,0.0846434620009342,True,1.0,100.0,0.0848035132884064,0.0,0.0424017566442032,-0.02103223015711847,True
adaptive coupling,2.0,-0.968,-0.484,LP,23.333333333333332,23.745583038869256,23.539458186101292,0.9626397847551006,23.959188627026233,-0.014326626223105718,0.2520185063199903,0.0008042915614839274,-0.014326626223105718,0.05613963461870603,True,1.0,100.0,-0.32863849765258024,-0.08420419517329947,-0.20642134641294163,0.5073050304161277,True
adaptive coupling,2.0,-0.968,-0.484,LD,23.745583038869256,23.829787234042556,23.787685136455906,0.3274373471521673,23.959188627026233,-0.002705608913023681,0.08572289702701497,0.0008042915614839274,-0.002705608913023681,0.2972682258741834,True,1.0,100.0,-0.08420419517329947,-0.0848035132884064,-0.08450385423085294,0.056826741255494695,False
adaptive coupling,2.0,-0.968,-0.484,T22,23.914590747330962,23.914590747330962,23.914590747330962,0.057812985102528046,23.959188627026233,0.05204705320542628,0.015135404106683188,0.0008042915614839274,0.05204705320542628,0.015453162320438042,True,1.0,100.0,0.0,0.0,0.0,-0.038866956722813394,True
adaptive coupling,2.0,-0.968,-0.484,T26,23.745583038869256,24.615384615384613,24.180483827126935,-0.09088983085191818,23.959188627026233,-0.05336044902033531,-0.023794902074200427,0.0008042915614839274,-0.05336044902033531,0.015072803476174223,True,1.0,100.0,0.4929878831599126,0.35545681755067804,0.42422235035529354,-1.9837503810420205,True
