condition,K_VD_rad_h,phi_star_rad,stability,delta_omega_rad_h,K_DV_rad_h
SP,0.0,-0.01580347632895851,unstable,0.0001963492545675738,0.012424951558233189
SP,0.0,-3.1257891772608346,stable,0.0001963492545675738,0.012424951558233189
SP,0.0001002004008016032,-0.0159319696425424,unstable,0.0001963492545675738,0.012424951558233189
SP,0.0001002004008016032,-3.1256606839472507,stable,0.0001963492545675738,0.012424951558233189
SP,0.0002004008016032064,-0.01606256965592312,unstable,0.0001963492545675738,0.012424951558233189
SP,0.0002004008016032064,-3.12553008393387,stable,0.0001963492545675738,0.012424951558233189
SP,0.0003006012024048096,-0.01619532860991102,unstable,0.0001963492545675738,0.012424951558233189
SP,0.0003006012024048096,-3.1253973249798825,stable,0.0001963492545675738,0.012424951558233189
SP,0.0004008016032064128,-0.016330300487045868,unstable,0.0001963492545675738,0.012424951558233189
SP,0.0004008016032064128,-3.1252623531027472,stable,0.0001963492545675738,0.012424951558233189
SP,0.000501002004008016,-0.016467541084791648,unstable,0.0001963492545675738,0.012424951558233189
SP,0.000501002004008016,-3.1251251125050015,stable,0.0001963492545675738,0.012424951558233189
SP,0.0006012024048096192,-0.016607108092465683,unstable,0.0001963492545675738,0.012424951558233189
SP,0.0006012024048096192,-3.124985545497328,stable,0.0001963492545675738,0.012424951558233189
SP,0.0007014028056112224,-0.01674906117210373,unstable,0.0001963492545675738,0.012424951558233189
SP,0.0007014028056112224,-3.1248435924176894,stable,0.0001963492545675738,0.012424951558233189
SP,0.0008016032064128256,-0.01689346204351816,unstable,0.0001963492545675738,0.012424951558233189
SP,0.0008016032064128256,-3.1246991915462754,stable,0.0001963492545675738,0.012424951558233189
SP,0.0009018036072144289,-0.017040374573788153,unstable,0.0001963492545675738,0.012424951558233189
SP,0.0009018036072144289,-3.1245522790160045,stable,0.0001963492545675738,0.012424951558233189
SP,0.001002004008016032,-0.01718986487146612,unstable,0.0001963492545675738,0.012424951558233189
SP,0.001002004008016032,-3.124402788718327,stable,0.0001963492545675738,0.012424951558233189
SP,0.0011022044088176352,-0.01734200138578501,unstable,0.0001963492545675738,0.012424951558233189
SP,0.0011022044088176352,-3.124250652204008,stable,0.0001963492545675738,0.012424951558233189
SP,0.0012024048096192384,-0.017496855011185808,unstable,0.0001963492545675738,0.012424951558233189
SP,0.0012024048096192384,-3.1240957985786073,stable,0.0001963492545675738,0.012424951558233189
SP,0.0013026052104208416,-0.017654499197490736,unstable,0.0001963492545675738,0.012424951558233189
SP,0.0013026052104208416,-3.1239381543923024,stable,0.0001963492545675738,0.012424951558233189
SP,0.0014028056112224449,-0.01781501006609565,unstable,0.0001963492545675738,0.012424951558233189
SP,0.0014028056112224449,-3.123777643523697,stable,0.0001963492545675738,0.012424951558233189
SP,0.001503006012024048,-0.017978466532554194,unstable,0.0001963492545675738,0.012424951558233189
SP,0.001503006012024048,-3.123614187057239,stable,0.0001963492545675738,0.012424951558233189
SP,0.0016032064128256513,-0.01814495043597919,unstable,0.0001963492545675738,0.012424951558233189
SP,0.0016032064128256513,-3.123447703153814,stable,0.0001963492545675738,0.012424951558233189
SP,0.0017034068136272545,-0.01831454667570087,unstable,0.0001963492545675738,0.012424951558233189
SP,0.0017034068136272545,-3.1232781069140927,stable,0.0001963492545675738,0.012424951558233189
SP,0.0018036072144288577,-0.0184873433556616,unstable,0.0001963492545675738,0.012424951558233189
SP,0.0018036072144288577,-3.1231053102341315,stable,0.0001963492545675738,0.012424951558233189
SP,0.001903807615230461,-0.018663431937070207,unstable,0.0001963492545675738,0.012424951558233189
SP,0.001903807615230461,-3.122929221652723,stable,0.0001963492545675738,0.012424951558233189
SP,0.002004008016032064,-0.018842907399860387,unstable,0.0001963492545675738,0.012424951558233189
SP,0.002004008016032064,-3.1227497461899327,stable,0.0001963492545675738,0.012424951558233189
SP,0.002104208416833667,-0.01902586841356335,unstable,0.0001963492545675738,0.012424951558233189
SP,0.002104208416833667,-3.1225667851762298,stable,0.0001963492545675738,0.012424951558233189
SP,0.0022044088176352704,-0.019212417518232883,unstable,0.0001963492545675738,0.012424951558233189
SP,0.0022044088176352704,-3.1223802360715602,stable,0.0001963492545675738,0.012424951558233189
SP,0.0023046092184368736,-0.019402661316124004,unstable,0.0001963492545675738,0.012424951558233189
SP,0.0023046092184368736,-3.122189992273669,stable,0.0001963492545675738,0.012424951558233189
SP,0.002404809619238477,-0.019596710674878004,unstable,0.0001963492545675738,0.012424951558233189
SP,0.002404809619238477,-3.121995942914915,stable,0.0001963492545675738,0.012424951558233189
SP,0.00250501002004008,-0.01979468094302428,unstable,0.0001963492545675738,0.012424951558233189
SP,0.00250501002004008,-3.1217979726467693,stable,0.0001963492545675738,0.012424951558233189
SP,0.0026052104208416833,-0.01999669217868627,unstable,0.0001963492545675738,0.012424951558233189
SP,0.0026052104208416833,-3.1215959614111064,stable,0.0001963492545675738,0.012424951558233189
SP,0.0027054108216432865,-0.020202869392436096,unstable,0.0001963492545675738,0.012424951558233189
SP,0.0027054108216432865,-3.1213897841973566,stable,0.0001963492545675738,0.012424951558233189
SP,0.0028056112224448897,-0.020413342805337464,unstable,0.0001963492545675738,0.012424951558233189
SP,0.0028056112224448897,-3.1211793107844557,stable,0.0001963492545675738,0.012424951558233189
SP,0.002905811623246493,-0.02062824812329378,unstable,0.0001963492545675738,0.012424951558233189
SP,0.002905811623246493,-3.1209644054664993,stable,0.0001963492545675738,0.012424951558233189
SP,0.003006012024048096,-0.02084772682891467,unstable,0.0001963492545675738,0.012424951558233189
SP,0.003006012024048096,-3.120744926760878,stable,0.0001963492545675738,0.012424951558233189
SP,0.0031062124248496994,-0.02107192649222167,unstable,0.0001963492545675738,0.012424951558233189
SP,0.0031062124248496994,-3.1205207270975714,stable,0.0001963492545675738,0.012424951558233189
SP,0.0032064128256513026,-0.021301001101630135,unstable,0.0001963492545675738,0.012424951558233189
SP,0.0032064128256513026,-3.120291652488163,stable,0.0001963492545675738,0.012424951558233189
SP,0.003306613226452906,-0.02153511141676301,unstable,0.0001963492545675738,0.012424951558233189
SP,0.003306613226452906,-3.12005754217303,stable,0.0001963492545675738,0.012424951558233189
SP,0.003406813627254509,-0.02177442534479823,unstable,0.0001963492545675738,0.012424951558233189
SP,0.003406813627254509,-3.119818228244995,stable,0.0001963492545675738,0.012424951558233189
SP,0.0035070140280561123,-0.02201911834220116,unstable,0.0001963492545675738,0.012424951558233189
SP,0.0035070140280561123,-3.119573535247592,stable,0.0001963492545675738,0.012424951558233189
SP,0.0036072144288577155,-0.022269373843864848,unstable,0.0001963492545675738,0.012424951558233189
SP,0.0036072144288577155,-3.1193232797459283,stable,0.0001963492545675738,0.012424951558233189
SP,0.0037074148296593187,-0.022525383721860415,unstable,0.0001963492545675738,0.012424951558233189
SP,0.0037074148296593187,-3.1190672698679327,stable,0.0001963492545675738,0.012424951558233189
SP,0.003807615230460922,-0.022787348776212912,unstable,0.0001963492545675738,0.012424951558233189
SP,0.003807615230460922,-3.1188053048135806,stable,0.0001963492545675738,0.012424951558233189
SP,0.003907815631262525,-0.023055479260341016,unstable,0.0001963492545675738,0.012424951558233189
SP,0.003907815631262525,-3.118537174329452,stable,0.0001963492545675738,0.012424951558233189
SP,0.004008016032064128,-0.02332999544404757,unstable,0.0001963492545675738,0.012424951558233189
SP,0.004008016032064128,-3.1182626581457455,stable,0.0001963492545675738,0.012424951558233189
SP,0.004108216432865732,-0.02361112821723932,unstable,0.0001963492545675738,0.012424951558233189
SP,0.004108216432865732,-3.117981525372554,stable,0.0001963492545675738,0.012424951558233189
SP,0.004208416833667334,-0.023899119737841534,unstable,0.0001963492545675738,0.012424951558233189
SP,0.004208416833667334,-3.117693533851952,stable,0.0001963492545675738,0.012424951558233189
SP,0.004308617234468938,-0.024194224127745745,unstable,0.0001963492545675738,0.012424951558233189
SP,0.004308617234468938,-3.117398429462048,stable,0.0001963492545675738,0.012424951558233189
SP,0.004408817635270541,-0.024496708220979713,unstable,0.0001963492545675738,0.012424951558233189
SP,0.004408817635270541,-3.1170959453688134,stable,0.0001963492545675738,0.012424951558233189
SP,0.0045090180360721445,-0.024806852368745247,unstable,0.0001963492545675738,0.012424951558233189
SP,0.0045090180360721445,-3.116785801221048,stable,0.0001963492545675738,0.012424951558233189
SP,0.004609218436873747,-0.02512495130642378,unstable,0.0001963492545675738,0.012424951558233189
SP,0.004609218436873747,-3.1164677022833693,stable,0.0001963492545675738,0.012424951558233189
SP,0.004709418837675351,-0.025451315088186544,unstable,0.0001963492545675738,0.012424951558233189
SP,0.004709418837675351,-3.116141338501606,stable,0.0001963492545675738,0.012424951558233189
SP,0.004809619238476954,-0.025786270095446984,unstable,0.0001963492545675738,0.012424951558233189
SP,0.004809619238476954,-3.1158063834943466,stable,0.0001963492545675738,0.012424951558233189
SP,0.004909819639278557,-0.026130160126049073,unstable,0.0001963492545675738,0.012424951558233189
SP,0.004909819639278557,-3.1154624934637436,stable,0.0001963492545675738,0.012424951558233189
SP,0.00501002004008016,-0.026483347571835125,unstable,0.0001963492545675738,0.012424951558233189
SP,0.00501002004008016,-3.115109306017958,stable,0.0001963492545675738,0.012424951558233189
SP,0.005110220440881764,-0.02684621469308146,unstable,0.0001963492545675738,0.012424951558233189
SP,0.005110220440881764,-3.114746438896711,stable,0.0001963492545675738,0.012424951558233189
SP,0.0052104208416833666,-0.027219164999216172,unstable,0.0001963492545675738,0.012424951558233189
SP,0.0052104208416833666,-3.1143734885905765,stable,0.0001963492545675738,0.012424951558233189
SP,0.00531062124248497,-0.027602624746325244,unstable,0.0001963492545675738,0.012424951558233189
SP,0.00531062124248497,-3.1139900288434674,stable,0.0001963492545675738,0.012424951558233189
SP,0.005410821643286573,-0.02799704456311547,unstable,0.0001963492545675738,0.012424951558233189
SP,0.005410821643286573,-3.113595609026678,stable,0.0001963492545675738,0.012424951558233189
SP,0.005511022044088177,-0.028402901218404164,unstable,0.0001963492545675738,0.012424951558233189
SP,0.005511022044088177,-3.1131897523713885,stable,0.0001963492545675738,0.012424951558233189
SP,0.0056112224448897794,-0.02882069954469424,unstable,0.0001963492545675738,0.012424951558233189
SP,0.0056112224448897794,-3.1127719540450993,stable,0.0001963492545675738,0.012424951558233189
SP,0.005711422845691383,-0.029250974534181573,unstable,0.0001963492545675738,0.012424951558233189
SP,0.005711422845691383,-3.1123416790556115,stable,0.0001963492545675738,0.012424951558233189
SP,0.005811623246492986,-0.0296942936254867,unstable,0.0001963492545675738,0.012424951558233189
SP,0.005811623246492986,-3.1118983599643064,stable,0.0001963492545675738,0.012424951558233189
SP,0.0059118236472945895,-0.030151259201685487,unstable,0.0001963492545675738,0.012424951558233189
SP,0.0059118236472945895,-3.111441394388107,stable,0.0001963492545675738,0.012424951558233189
SP,0.006012024048096192,-0.030622511322769608,unstable,0.0001963492545675738,0.012424951558233189
SP,0.006012024048096192,-3.110970142267023,stable,0.0001963492545675738,0.012424951558233189
SP,0.006112224448897796,-0.03110873071861686,unstable,0.0001963492545675738,0.012424951558233189
SP,0.006112224448897796,-3.1104839228711763,stable,0.0001963492545675738,0.012424951558233189
SP,0.006212424849699399,-0.03161064207192421,unstable,0.0001963492545675738,0.012424951558233189
SP,0.006212424849699399,-3.109982011517869,stable,0.0001963492545675738,0.012424951558233189
SP,0.006312625250501002,-0.03212901762441822,unstable,0.0001963492545675738,0.012424951558233189
SP,0.006312625250501002,-3.1094636359653745,stable,0.0001963492545675738,0.012424951558233189
SP,0.006412825651302605,-0.03266468114410781,unstable,0.0001963492545675738,0.012424951558233189
SP,0.006412825651302605,-3.1089279724456853,stable,0.0001963492545675738,0.012424951558233189
SP,0.006513026052104208,-0.0332185122964761,unstable,0.0001963492545675738,0.012424951558233189
SP,0.006513026052104208,-3.108374141293317,stable,0.0001963492545675738,0.012424951558233189
SP,0.006613226452905812,-0.033791451468429656,unstable,0.0001963492545675738,0.012424951558233189
SP,0.006613226452905812,-3.1078012021213635,stable,0.0001963492545675738,0.012424951558233189
SP,0.006713426853707414,-0.03438450510069169,unstable,0.0001963492545675738,0.012424951558233189
SP,0.006713426853707414,-3.107208148489102,stable,0.0001963492545675738,0.012424951558233189
SP,0.006813627254509018,-0.03499875159228871,unstable,0.0001963492545675738,0.012424951558233189
SP,0.006813627254509018,-3.1065939019975044,stable,0.0001963492545675738,0.012424951558233189
SP,0.006913827655310621,-0.035635347850060395,unstable,0.0001963492545675738,0.012424951558233189
SP,0.006913827655310621,-3.1059573057397323,stable,0.0001963492545675738,0.012424951558233189
SP,0.0070140280561122245,-0.0362955365669384,unstable,0.0001963492545675738,0.012424951558233189
SP,0.0070140280561122245,-3.1052971170228547,stable,0.0001963492545675738,0.012424951558233189
SP,0.007114228456913827,-0.03698065432541808,unstable,0.0001963492545675738,0.012424951558233189
SP,0.007114228456913827,-3.1046119992643746,stable,0.0001963492545675738,0.012424951558233189
SP,0.007214428857715431,-0.03769214063749482,unstable,0.0001963492545675738,0.012424951558233189
SP,0.007214428857715431,-3.1039005129522987,stable,0.0001963492545675738,0.012424951558233189
SP,0.007314629258517034,-0.03843154804983939,unstable,0.0001963492545675738,0.012424951558233189
SP,0.007314629258517034,-3.1031611055399537,stable,0.0001963492545675738,0.012424951558233189
SP,0.007414829659318637,-0.039200553463628385,unstable,0.0001963492545675738,0.012424951558233189
SP,0.007414829659318637,-3.102392100126165,stable,0.0001963492545675738,0.012424951558233189
SP,0.00751503006012024,-0.04000097084289278,unstable,0.0001963492545675738,0.012424951558233189
SP,0.00751503006012024,-3.1015916827469,stable,0.0001963492545675738,0.012424951558233189
SP,0.007615230460921844,-0.040834765514297544,unstable,0.0001963492545675738,0.012424951558233189
SP,0.007615230460921844,-3.1007578880754956,stable,0.0001963492545675738,0.012424951558233189
SP,0.007715430861723447,-0.041704070295884854,unstable,0.0001963492545675738,0.012424951558233189
SP,0.007715430861723447,-3.0998885832939083,stable,0.0001963492545675738,0.012424951558233189
SP,0.00781563126252505,-0.04261120373371341,unstable,0.0001963492545675738,0.012424951558233189
SP,0.00781563126252505,-3.0989814498560797,stable,0.0001963492545675738,0.012424951558233189
SP,0.007915831663326654,-0.043558690775071796,unstable,0.0001963492545675738,0.012424951558233189
SP,0.007915831663326654,-3.0980339628147213,stable,0.0001963492545675738,0.012424951558233189
SP,0.008016032064128256,-0.044549286266832855,unstable,0.0001963492545675738,0.012424951558233189
SP,0.008016032064128256,-3.0970433673229607,stable,0.0001963492545675738,0.012424951558233189
SP,0.00811623246492986,-0.0455860017400429,unstable,0.0001963492545675738,0.012424951558233189
SP,0.00811623246492986,-3.09600665184975,stable,0.0001963492545675738,0.012424951558233189
SP,0.008216432865731463,-0.046672136029905165,unstable,0.0001963492545675738,0.012424951558233189
SP,0.008216432865731463,-3.0949205175598884,stable,0.0001963492545675738,0.012424951558233189
SP,0.008316633266533067,-0.04781131038782105,unstable,0.0001963492545675738,0.012424951558233189
SP,0.008316633266533067,-3.0937813432019716,stable,0.0001963492545675738,0.012424951558233189
SP,0.008416833667334669,-0.049007508873909256,unstable,0.0001963492545675738,0.012424951558233189
SP,0.008416833667334669,-3.0925851447158834,stable,0.0001963492545675738,0.012424951558233189
SP,0.008517034068136272,-0.050265124980700904,unstable,0.0001963492545675738,0.012424951558233189
SP,0.008517034068136272,-3.091327528609092,stable,0.0001963492545675738,0.012424951558233189
SP,0.008617234468937876,-0.05158901563958995,unstable,0.0001963492545675738,0.012424951558233189
SP,0.008617234468937876,-3.090003637950203,stable,0.0001963492545675738,0.012424951558233189
SP,0.00871743486973948,-0.052984564011547164,unstable,0.0001963492545675738,0.012424951558233189
SP,0.00871743486973948,-3.088608089578246,stable,0.0001963492545675738,0.012424951558233189
SP,0.008817635270541082,-0.054457752776302826,unstable,0.0001963492545675738,0.012424951558233189
SP,0.008817635270541082,-3.0871349008134903,stable,0.0001963492545675738,0.012424951558233189
SP,0.008917835671342685,-0.056015250027691366,unstable,0.0001963492545675738,0.012424951558233189
SP,0.008917835671342685,-3.0855774035621018,stable,0.0001963492545675738,0.012424951558233189
SP,0.009018036072144289,-0.05766451038097875,unstable,0.0001963492545675738,0.012424951558233189
SP,0.009018036072144289,-3.083928143208814,stable,0.0001963492545675738,0.012424951558233189
SP,0.009118236472945893,-0.059413894532723166,unstable,0.0001963492545675738,0.012424951558233189
SP,0.009118236472945893,-3.0821787590570704,stable,0.0001963492545675738,0.012424951558233189
SP,0.009218436873747494,-0.061272811327926835,unstable,0.0001963492545675738,0.012424951558233189
SP,0.009218436873747494,-3.0803198422618667,stable,0.0001963492545675738,0.012424951558233189
SP,0.009318637274549098,-0.06325188744121135,unstable,0.0001963492545675738,0.012424951558233189
SP,0.009318637274549098,-3.0783407661485818,stable,0.0001963492545675738,0.012424951558233189
SP,0.009418837675350702,-0.06536317114830226,unstable,0.0001963492545675738,0.012424951558233189
SP,0.009418837675350702,-3.076229482441491,stable,0.0001963492545675738,0.012424951558233189
SP,0.009519038076152305,-0.06762037846152902,unstable,0.0001963492545675738,0.012424951558233189
SP,0.009519038076152305,-3.0739722751282645,stable,0.0001963492545675738,0.012424951558233189
SP,0.009619238476953907,-0.07003919228229671,unstable,0.0001963492545675738,0.012424951558233189
SP,0.009619238476953907,-3.071553461307497,stable,0.0001963492545675738,0.012424951558233189
SP,0.009719438877755511,-0.07263762840190235,unstable,0.0001963492545675738,0.012424951558233189
SP,0.009719438877755511,-3.0689550251878908,stable,0.0001963492545675738,0.012424951558233189
SP,0.009819639278557115,-0.07543648646971013,unstable,0.0001963492545675738,0.012424951558233189
SP,0.009819639278557115,-3.0661561671200825,stable,0.0001963492545675738,0.012424951558233189
SP,0.009919839679358717,-0.07845990989250362,unstable,0.0001963492545675738,0.012424951558233189
SP,0.009919839679358717,-3.06313274369729,stable,0.0001963492545675738,0.012424951558233189
SP,0.01002004008016032,-0.08173608668635346,unstable,0.0001963492545675738,0.012424951558233189
SP,0.01002004008016032,-3.0598565669034397,stable,0.0001963492545675738,0.012424951558233189
SP,0.010120240480961924,-0.0852981345453685,unstable,0.0001963492545675738,0.012424951558233189
SP,0.010120240480961924,-3.0562945190444246,stable,0.0001963492545675738,0.012424951558233189
SP,0.010220440881763528,-0.08918522928578998,unstable,0.0001963492545675738,0.012424951558233189
SP,0.010220440881763528,-3.052407424304003,stable,0.0001963492545675738,0.012424951558233189
SP,0.01032064128256513,-0.0934440586132621,unstable,0.0001963492545675738,0.012424951558233189
SP,0.01032064128256513,-3.0481485949765315,stable,0.0001963492545675738,0.012424951558233189
SP,0.010420841683366733,-0.09813071634346082,unstable,0.0001963492545675738,0.012424951558233189
SP,0.010420841683366733,-3.0434619372463327,stable,0.0001963492545675738,0.012424951558233189
SP,0.010521042084168337,-0.10331320133901256,unstable,0.0001963492545675738,0.012424951558233189
SP,0.010521042084168337,-3.03827945225078,stable,0.0001963492545675738,0.012424951558233189
SP,0.01062124248496994,-0.10907475952676338,unstable,0.0001963492545675738,0.012424951558233189
SP,0.01062124248496994,-3.03251789406303,stable,0.0001963492545675738,0.012424951558233189
SP,0.010721442885771542,-0.11551842140484014,unstable,0.0001963492545675738,0.012424951558233189
SP,0.010721442885771542,-3.0260742321849534,stable,0.0001963492545675738,0.012424951558233189
SP,0.010821643286573146,-0.12277326695260049,unstable,0.0001963492545675738,0.012424951558233189
SP,0.010821643286573146,-3.018819386637192,stable,0.0001963492545675738,0.012424951558233189
SP,0.01092184368737475,-0.1310032395382721,unstable,0.0001963492545675738,0.012424951558233189
SP,0.01092184368737475,-3.0105894140515215,stable,0.0001963492545675738,0.012424951558233189
SP,0.011022044088176353,-0.14041981119152203,unstable,0.0001963492545675738,0.012424951558233189
SP,0.011022044088176353,-3.0011728423982706,stable,0.0001963492545675738,0.012424951558233189
SP,0.011122244488977955,-0.15130062520469112,unstable,0.0001963492545675738,0.012424951558233189
SP,0.011122244488977955,-2.9902920283851024,stable,0.0001963492545675738,0.012424951558233189
SP,0.011222444889779559,-0.16401770480976507,unstable,0.0001963492545675738,0.012424951558233189
SP,0.011222444889779559,-2.9775749487800276,stable,0.0001963492545675738,0.012424951558233189
SP,0.011322645290581163,-0.17908152521250997,unstable,0.0001963492545675738,0.012424951558233189
SP,0.011322645290581163,-2.962511128377283,stable,0.0001963492545675738,0.012424951558233189
SP,0.011422845691382766,-0.19721251141602103,unstable,0.0001963492545675738,0.012424951558233189
SP,0.011422845691382766,-2.944380142173772,stable,0.0001963492545675738,0.012424951558233189
SP,0.011523046092184368,-0.2194623670407574,unstable,0.0001963492545675738,0.012424951558233189
SP,0.011523046092184368,-2.922130286549036,stable,0.0001963492545675738,0.012424951558233189
SP,0.011623246492985972,-0.247431582201592,unstable,0.0001963492545675738,0.012424951558233189
SP,0.011623246492985972,-2.8941610713882007,stable,0.0001963492545675738,0.012424951558233189
SP,0.011723446893787575,-0.28368712139337715,unstable,0.0001963492545675738,0.012424951558233189
SP,0.011723446893787575,-2.8579055321964155,stable,0.0001963492545675738,0.012424951558233189
SP,0.011823647294589179,-0.3326394584316823,unstable,0.0001963492545675738,0.012424951558233189
SP,0.011823647294589179,-2.808953195158111,stable,0.0001963492545675738,0.012424951558233189
SP,0.011923847695390781,-0.4026235493966821,unstable,0.0001963492545675738,0.012424951558233189
SP,0.011923847695390781,-2.738969104193111,stable,0.0001963492545675738,0.012424951558233189
SP,0.012024048096192385,-0.5118223964690198,unstable,0.0001963492545675738,0.012424951558233189
SP,0.012024048096192385,-2.6297702571207733,stable,0.0001963492545675738,0.012424951558233189
SP,0.012124248496993988,-0.711495618987211,unstable,0.0001963492545675738,0.012424951558233189
SP,0.012124248496993988,-2.430097034602582,stable,0.0001963492545675738,0.012424951558233189
SP,0.012224448897795592,-1.3668998707116633,unstable,0.0001963492545675738,0.012424951558233189
SP,0.012224448897795592,-1.7746927828781303,stable,0.0001963492545675738,0.012424951558233189
SP,0.012625250501002005,1.371878675387518,stable,0.0001963492545675738,0.012424951558233189
SP,0.012625250501002005,1.769713978202275,unstable,0.0001963492545675738,0.012424951558233189
SP,0.012725450901803607,0.7120802323148809,stable,0.0001963492545675738,0.012424951558233189
SP,0.012725450901803607,2.4295124212749126,unstable,0.0001963492545675738,0.012424951558233189
SP,0.01282565130260521,0.5121080176839379,stable,0.0001963492545675738,0.012424951558233189
SP,0.01282565130260521,2.6294846359058557,unstable,0.0001963492545675738,0.012424951558233189
SP,0.012925851703406814,0.4027967662592542,stable,0.0001963492545675738,0.012424951558233189
SP,0.012925851703406814,2.7387958873305394,unstable,0.0001963492545675738,0.012424951558233189
SP,0.013026052104208416,0.33275654554171874,stable,0.0001963492545675738,0.012424951558233189
SP,0.013026052104208416,2.808836108048075,unstable,0.0001963492545675738,0.012424951558233189
SP,0.01312625250501002,0.2837718136190803,stable,0.0001963492545675738,0.012424951558233189
SP,0.01312625250501002,2.857820839970713,unstable,0.0001963492545675738,0.012424951558233189
SP,0.013226452905811623,0.2474957880771642,stable,0.0001963492545675738,0.012424951558233189
SP,0.013226452905811623,2.894096865512629,unstable,0.0001963492545675738,0.012424951558233189
SP,0.013326653306613227,0.2195127611919645,stable,0.0001963492545675738,0.012424951558233189
SP,0.013326653306613227,2.9220798923978286,unstable,0.0001963492545675738,0.012424951558233189
SP,0.013426853707414829,0.19725313905478714,stable,0.0001963492545675738,0.012424951558233189
SP,0.013426853707414829,2.944339514535006,unstable,0.0001963492545675738,0.012424951558233189
SP,0.013527054108216433,0.1791149860251191,stable,0.0001963492545675738,0.012424951558233189
SP,0.013527054108216433,2.9624776675646736,unstable,0.0001963492545675738,0.012424951558233189
SP,0.013627254509018036,0.164045747881997,stable,0.0001963492545675738,0.012424951558233189
SP,0.013627254509018036,2.977546905707796,unstable,0.0001963492545675738,0.012424951558233189
SP,0.01372745490981964,0.1513244716206552,stable,0.0001963492545675738,0.012424951558233189
SP,0.01372745490981964,2.990268181969138,unstable,0.0001963492545675738,0.012424951558233189
SP,0.013827655310621242,0.14044033979435966,stable,0.0001963492545675738,0.012424951558233189
SP,0.013827655310621242,3.0011523137954335,unstable,0.0001963492545675738,0.012424951558233189
SP,0.013927855711422845,0.13102109924769012,stable,0.0001963492545675738,0.012424951558233189
SP,0.013927855711422845,3.0105715543421034,unstable,0.0001963492545675738,0.012424951558233189
SP,0.014028056112224449,0.12278894748737113,stable,0.0001963492545675738,0.012424951558233189
SP,0.014028056112224449,3.018803706102422,unstable,0.0001963492545675738,0.012424951558233189
SP,0.014128256513026053,0.11553229936818354,stable,0.0001963492545675738,0.012424951558233189
SP,0.014128256513026053,3.0260603542216096,unstable,0.0001963492545675738,0.012424951558233189
SP,0.014228456913827655,0.10908712933389042,stable,0.0001963492545675738,0.012424951558233189
SP,0.014228456913827655,3.032505524255903,unstable,0.0001963492545675738,0.012424951558233189
SP,0.014328657314629258,0.1033242965091894,stable,0.0001963492545675738,0.012424951558233189
SP,0.014328657314629258,3.0382683570806037,unstable,0.0001963492545675738,0.012424951558233189
SP,0.014428857715430862,0.09814072449043998,stable,0.0001963492545675738,0.012424951558233189
SP,0.014428857715430862,3.043451929099353,unstable,0.0001963492545675738,0.012424951558233189
SP,0.014529058116232466,0.09345313221020701,stable,0.0001963492545675738,0.012424951558233189
SP,0.014529058116232466,3.0481395213795857,unstable,0.0001963492545675738,0.012424951558233189
SP,0.014629258517034067,0.08919349353341621,stable,0.0001963492545675738,0.012424951558233189
SP,0.014629258517034067,3.0523991600563765,unstable,0.0001963492545675738,0.012424951558233189
SP,0.014729458917835671,0.08530569321457726,stable,0.0001963492545675738,0.012424951558233189
SP,0.014729458917835671,3.056286960375216,unstable,0.0001963492545675738,0.012424951558233189
SP,0.014829659318637275,0.08174302651921073,stable,0.0001963492545675738,0.012424951558233189
SP,0.014829659318637275,3.059849627070582,unstable,0.0001963492545675738,0.012424951558233189
SP,0.014929859719438878,0.07846630396053289,stable,0.0001963492545675738,0.012424951558233189
SP,0.014929859719438878,3.0631263496292602,unstable,0.0001963492545675738,0.012424951558233189
SP,0.01503006012024048,0.07544239676697195,stable,0.0001963492545675738,0.012424951558233189
SP,0.01503006012024048,3.066150256822821,unstable,0.0001963492545675738,0.012424951558233189
SP,0.015130260521042084,0.07264310786898953,stable,0.0001963492545675738,0.012424951558233189
SP,0.015130260521042084,3.0689495457208036,unstable,0.0001963492545675738,0.012424951558233189
SP,0.015230460921843688,0.07004428640190596,stable,0.0001963492545675738,0.012424951558233189
SP,0.015230460921843688,3.071548367187887,unstable,0.0001963492545675738,0.012424951558233189
SP,0.015330661322645291,0.0676251265278709,stable,0.0001963492545675738,0.012424951558233189
SP,0.015330661322645291,3.0739675270619227,unstable,0.0001963492545675738,0.012424951558233189
SP,0.015430861723446893,0.06536760728561353,stable,0.0001963492545675738,0.012424951558233189
SP,0.015430861723446893,3.076225046304179,unstable,0.0001963492545675738,0.012424951558233189
SP,0.015531062124248497,0.06325604142741614,stable,0.0001963492545675738,0.012424951558233189
SP,0.015531062124248497,3.078336612162377,unstable,0.0001963492545675738,0.012424951558233189
SP,0.0156312625250501,0.06127670926561146,stable,0.0001963492545675738,0.012424951558233189
SP,0.0156312625250501,3.080315944324182,unstable,0.0001963492545675738,0.012424951558233189
SP,0.015731462925851702,0.059417559399471465,stable,0.0001963492545675738,0.012424951558233189
SP,0.015731462925851702,3.0821750941903217,unstable,0.0001963492545675738,0.012424951558233189
SP,0.015831663326653308,0.05766796248365358,stable,0.0001963492545675738,0.012424951558233189
SP,0.015831663326653308,3.083924691106139,unstable,0.0001963492545675738,0.012424951558233189
SP,0.01593186372745491,0.056018507379671956,stable,0.0001963492545675738,0.012424951558233189
SP,0.01593186372745491,3.0855741462101207,unstable,0.0001963492545675738,0.012424951558233189
SP,0.01603206412825651,0.0544608314125119,stable,0.0001963492545675738,0.012424951558233189
SP,0.01603206412825651,3.087131822177281,unstable,0.0001963492545675738,0.012424951558233189
SP,0.016132264529058117,0.05298747825292116,stable,0.0001963492545675738,0.012424951558233189
SP,0.016132264529058117,3.0886051753368715,unstable,0.0001963492545675738,0.012424951558233189
SP,0.01623246492985972,0.0515917783162152,stable,0.0001963492545675738,0.012424951558233189
SP,0.01623246492985972,3.090000875273578,unstable,0.0001963492545675738,0.012424951558233189
SP,0.01633266533066132,0.050267747620960535,stable,0.0001963492545675738,0.012424951558233189
SP,0.01633266533066132,3.0913249059688326,unstable,0.0001963492545675738,0.012424951558233189
SP,0.016432865731462926,0.049010001865540165,stable,0.0001963492545675738,0.012424951558233189
SP,0.016432865731462926,3.0925826517242534,unstable,0.0001963492545675738,0.012424951558233189
SP,0.016533066132264528,0.04781368311562462,stable,0.0001963492545675738,0.012424951558233189
SP,0.016533066132264528,3.093778970474169,unstable,0.0001963492545675738,0.012424951558233189
SP,0.016633266533066134,0.04667439699397402,stable,0.0001963492545675738,0.012424951558233189
SP,0.016633266533066134,3.094918256595819,unstable,0.0001963492545675738,0.012424951558233189
SP,0.016733466933867736,0.04558815865764254,stable,0.0001963492545675738,0.012424951558233189
SP,0.016733466933867736,3.096004494932151,unstable,0.0001963492545675738,0.012424951558233189
SP,0.016833667334669337,0.04455134616051648,stable,0.0001963492545675738,0.012424951558233189
SP,0.016833667334669337,3.0970413074292766,unstable,0.0001963492545675738,0.012424951558233189
SP,0.016933867735470943,0.04356066004915382,stable,0.0001963492545675738,0.012424951558233189
SP,0.016933867735470943,3.098031993540639,unstable,0.0001963492545675738,0.012424951558233189
SP,0.017034068136272545,0.04261308824085752,stable,0.0001963492545675738,0.012424951558233189
SP,0.017034068136272545,3.0989795653489356,unstable,0.0001963492545675738,0.012424951558233189
SP,0.017134268537074147,0.041705875395261494,stable,0.0001963492545675738,0.012424951558233189
SP,0.017134268537074147,3.0998867781945316,unstable,0.0001963492545675738,0.012424951558233189
SP,0.017234468937875752,0.04083649612253648,stable,0.0001963492545675738,0.012424951558233189
SP,0.017234468937875752,3.1007561574672566,unstable,0.0001963492545675738,0.012424951558233189
SP,0.017334669338677354,0.040002631478848194,stable,0.0001963492545675738,0.012424951558233189
SP,0.017334669338677354,3.101590022110945,unstable,0.0001963492545675738,0.012424951558233189
SP,0.01743486973947896,0.03920214828781843,stable,0.0001963492545675738,0.012424951558233189
SP,0.01743486973947896,3.1023905053019742,unstable,0.0001963492545675738,0.012424951558233189
SP,0.01753507014028056,0.03843308089928055,stable,0.0001963492545675738,0.012424951558233189
SP,0.01753507014028056,3.1031595726905126,unstable,0.0001963492545675738,0.012424951558233189
SP,0.017635270541082163,0.03769361505655233,stable,0.0001963492545675738,0.012424951558233189
SP,0.017635270541082163,3.103899038533241,unstable,0.0001963492545675738,0.012424951558233189
SP,0.01773547094188377,0.03698207359318939,stable,0.0001963492545675738,0.012424951558233189
SP,0.01773547094188377,3.1046105799966037,unstable,0.0001963492545675738,0.012424951558233189
SP,0.01783567134268537,0.03629690372161898,stable,0.0001963492545675738,0.012424951558233189
SP,0.01783567134268537,3.1052957498681746,unstable,0.0001963492545675738,0.012424951558233189
SP,0.017935871743486972,0.03563666571067037,stable,0.0001963492545675738,0.012424951558233189
SP,0.017935871743486972,3.1059559878791223,unstable,0.0001963492545675738,0.012424951558233189
SP,0.018036072144288578,0.03500002277809111,stable,0.0001963492545675738,0.012424951558233189
SP,0.018036072144288578,3.1065926308117024,unstable,0.0001963492545675738,0.012424951558233189
SP,0.01813627254509018,0.03438573204858031,stable,0.0001963492545675738,0.012424951558233189
SP,0.01813627254509018,3.107206921541213,unstable,0.0001963492545675738,0.012424951558233189
SP,0.018236472945891785,0.03379263644853259,stable,0.0001963492545675738,0.012424951558233189
SP,0.018236472945891785,3.10780001714126,unstable,0.0001963492545675738,0.012424951558233189
SP,0.018336673346693387,0.033219657426184046,stable,0.0001963492545675738,0.012424951558233189
SP,0.018336673346693387,3.1083729961636095,unstable,0.0001963492545675738,0.012424951558233189
SP,0.01843687374749499,0.03266578840070755,stable,0.0001963492545675738,0.012424951558233189
SP,0.01843687374749499,3.108926865189085,unstable,0.0001963492545675738,0.012424951558233189
SP,0.018537074148296594,0.03213008885649504,stable,0.0001963492545675738,0.012424951558233189
SP,0.018537074148296594,3.109462564733298,unstable,0.0001963492545675738,0.012424951558233189
SP,0.018637274549098196,0.031611679009666105,stable,0.0001963492545675738,0.012424951558233189
SP,0.018637274549098196,3.109980974580127,unstable,0.0001963492545675738,0.012424951558233189
SP,0.018737474949899798,0.03110973498314662,stable,0.0001963492545675738,0.012424951558233189
SP,0.018737474949899798,3.110482918606646,unstable,0.0001963492545675738,0.012424951558233189
SP,0.018837675350701404,0.030623484434605608,stable,0.0001963492545675738,0.012424951558233189
SP,0.018837675350701404,3.1109691691551875,unstable,0.0001963492545675738,0.012424951558233189
SP,0.018937875751503006,0.0301522025884271,stable,0.0001963492545675738,0.012424951558233189
SP,0.018937875751503006,3.111440451001366,unstable,0.0001963492545675738,0.012424951558233189
SP,0.01903807615230461,0.029695208628806924,stable,0.0001963492545675738,0.012424951558233189
SP,0.01903807615230461,3.111897444960986,unstable,0.0001963492545675738,0.012424951558233189
SP,0.019138276553106213,0.029251862416197483,stable,0.0001963492545675738,0.012424951558233189
SP,0.019138276553106213,3.1123407911735956,unstable,0.0001963492545675738,0.012424951558233189
SP,0.019238476953907815,0.028821561493777015,stable,0.0001963492545675738,0.012424951558233189
SP,0.019238476953907815,3.1127710920960165,unstable,0.0001963492545675738,0.012424951558233189
SP,0.01933867735470942,0.02840373835448906,stable,0.0001963492545675738,0.012424951558233189
SP,0.01933867735470942,3.1131889152353036,unstable,0.0001963492545675738,0.012424951558233189
SP,0.019438877755511022,0.02799785794255838,stable,0.0001963492545675738,0.012424951558233189
SP,0.019438877755511022,3.1135947956472343,unstable,0.0001963492545675738,0.012424951558233189
SP,0.019539078156312624,0.027603415366352024,stable,0.0001963492545675738,0.012424951558233189
SP,0.019539078156312624,3.113989238223441,unstable,0.0001963492545675738,0.012424951558233189
SP,0.01963927855711423,0.02721993380200427,stable,0.0001963492545675738,0.012424951558233189
SP,0.01963927855711423,3.114372719787789,unstable,0.0001963492545675738,0.012424951558233189
SP,0.01973947895791583,0.026846962569504473,stable,0.0001963492545675738,0.012424951558233189
SP,0.01973947895791583,3.114745691020289,unstable,0.0001963492545675738,0.012424951558233189
SP,0.019839679358717433,0.026484075364911597,stable,0.0001963492545675738,0.012424951558233189
SP,0.019839679358717433,3.1151085782248815,unstable,0.0001963492545675738,0.012424951558233189
SP,0.01993987975951904,0.026130868634110627,stable,0.0001963492545675738,0.012424951558233189
SP,0.01993987975951904,3.1154617849556825,unstable,0.0001963492545675738,0.012424951558233189
SP,0.02004008016032064,0.025786960075063092,stable,0.0001963492545675738,0.012424951558233189
SP,0.02004008016032064,3.11580569351473,unstable,0.0001963492545675738,0.012424951558233189
SP,0.020140280561122246,0.025451987256858377,stable,0.0001963492545675738,0.012424951558233189
SP,0.020140280561122246,3.116140666332935,unstable,0.0001963492545675738,0.012424951558233189
SP,0.020240480961923848,0.025125606345075546,stable,0.0001963492545675738,0.012424951558233189
SP,0.020240480961923848,3.1164670472447176,unstable,0.0001963492545675738,0.012424951558233189
SP,0.02034068136272545,0.024807490924024567,stable,0.0001963492545675738,0.012424951558233189
SP,0.02034068136272545,3.116785162665769,unstable,0.0001963492545675738,0.012424951558233189
SP,0.020440881763527055,0.02449733090738926,stable,0.0001963492545675738,0.012424951558233189
SP,0.020440881763527055,3.1170953226824043,unstable,0.0001963492545675738,0.012424951558233189
SP,0.020541082164328657,0.024194831529615435,stable,0.0001963492545675738,0.012424951558233189
SP,0.020541082164328657,3.1173978220601777,unstable,0.0001963492545675738,0.012424951558233189
SP,0.02064128256513026,0.02389971241115818,stable,0.0001963492545675738,0.012424951558233189
SP,0.02064128256513026,3.1176929411786354,unstable,0.0001963492545675738,0.012424951558233189
SP,0.020741482965931864,0.02361170669134438,stable,0.0001963492545675738,0.012424951558233189
SP,0.020741482965931864,3.1179809468984487,unstable,0.0001963492545675738,0.012424951558233189
SP,0.020841683366733466,0.02333056022321589,stable,0.0001963492545675738,0.012424951558233189
SP,0.020841683366733466,3.1182620933665772,unstable,0.0001963492545675738,0.012424951558233189
SP,0.02094188376753507,0.02305603082524499,stable,0.0001963492545675738,0.012424951558233189
SP,0.02094188376753507,3.118536622764548,unstable,0.0001963492545675738,0.012424951558233189
SP,0.021042084168336674,0.022787887585290267,stable,0.0001963492545675738,0.012424951558233189
SP,0.021042084168336674,3.1188047660045033,unstable,0.0001963492545675738,0.012424951558233189
SP,0.021142284569138275,0.02252591021258299,stable,0.0001963492545675738,0.012424951558233189
SP,0.021142284569138275,3.1190667433772106,unstable,0.0001963492545675738,0.012424951558233189
SP,0.02124248496993988,0.022269888433924745,stable,0.0001963492545675738,0.012424951558233189
SP,0.02124248496993988,3.119322765155868,unstable,0.0001963492545675738,0.012424951558233189
SP,0.021342685370741483,0.02201962143061653,stable,0.0001963492545675738,0.012424951558233189
SP,0.021342685370741483,3.1195730321591766,unstable,0.0001963492545675738,0.012424951558233189
SP,0.021442885771543085,0.02177491731294401,stable,0.0001963492545675738,0.012424951558233189
SP,0.021442885771543085,3.1198177362768487,unstable,0.0001963492545675738,0.012424951558233189
SP,0.02154308617234469,0.02153559262933724,stable,0.0001963492545675738,0.012424951558233189
SP,0.02154308617234469,3.1200570609604554,unstable,0.0001963492545675738,0.012424951558233189
SP,0.021643286573146292,0.021301471907554603,stable,0.0001963492545675738,0.012424951558233189
SP,0.021643286573146292,3.120291181682239,unstable,0.0001963492545675738,0.012424951558233189
SP,0.021743486973947897,0.021072387225485212,stable,0.0001963492545675738,0.012424951558233189
SP,0.021743486973947897,3.1205202663643075,unstable,0.0001963492545675738,0.012424951558233189
SP,0.0218436873747495,0.020848177809365875,stable,0.0001963492545675738,0.012424951558233189
SP,0.0218436873747495,3.120744475780427,unstable,0.0001963492545675738,0.012424951558233189
SP,0.0219438877755511,0.02062868965737996,stable,0.0001963492545675738,0.012424951558233189
SP,0.0219438877755511,3.1209639639324127,unstable,0.0001963492545675738,0.012424951558233189
SP,0.022044088176352707,0.02041377518679921,stable,0.0001963492545675738,0.012424951558233189
SP,0.022044088176352707,3.1211788784029935,unstable,0.0001963492545675738,0.012424951558233189
SP,0.02214428857715431,0.020203292902959635,stable,0.0001963492545675738,0.012424951558233189
SP,0.02214428857715431,3.121389360686834,unstable,0.0001963492545675738,0.012424951558233189
SP,0.02224448897795591,0.019997107088515875,stable,0.0001963492545675738,0.012424951558233189
SP,0.02224448897795591,3.1215955465012772,unstable,0.0001963492545675738,0.012424951558233189
SP,0.022344689378757516,0.019795087511536025,stable,0.0001963492545675738,0.012424951558233189
SP,0.022344689378757516,3.121797566078257,unstable,0.0001963492545675738,0.012424951558233189
SP,0.022444889779559118,0.01959710915112245,stable,0.0001963492545675738,0.012424951558233189
SP,0.022444889779559118,3.1219955444386702,unstable,0.0001963492545675738,0.012424951558233189
SP,0.02254509018036072,0.019403051939333782,stable,0.0001963492545675738,0.012424951558233189
SP,0.02254509018036072,3.12218960165046,unstable,0.0001963492545675738,0.012424951558233189
SP,0.022645290581162325,0.01921280051830232,stable,0.0001963492545675738,0.012424951558233189
SP,0.022645290581162325,3.1223798530714912,unstable,0.0001963492545675738,0.012424951558233189
SP,0.022745490981963927,0.019026244011500104,stable,0.0001963492545675738,0.012424951558233189
SP,0.022745490981963927,3.122566409578293,unstable,0.0001963492545675738,0.012424951558233189
SP,0.022845691382765532,0.018843275808209548,stable,0.0001963492545675738,0.012424951558233189
SP,0.022845691382765532,3.1227493777815836,unstable,0.0001963492545675738,0.012424951558233189
SP,0.022945891783567134,0.01866379336031665,stable,0.0001963492545675738,0.012424951558233189
SP,0.022945891783567134,3.122928860229477,unstable,0.0001963492545675738,0.012424951558233189
SP,0.023046092184368736,0.0184876979906079,stable,0.0001963492545675738,0.012424951558233189
SP,0.023046092184368736,3.123104955599185,unstable,0.0001963492545675738,0.012424951558233189
SP,0.02314629258517034,0.018314894711824792,stable,0.0001963492545675738,0.012424951558233189
SP,0.02314629258517034,3.1232777588779683,unstable,0.0001963492545675738,0.012424951558233189
SP,0.023246492985971944,0.01814529205577209,stable,0.0001963492545675738,0.012424951558233189
SP,0.023246492985971944,3.123447361534021,unstable,0.0001963492545675738,0.012424951558233189
SP,0.023346693386773545,0.017978801911838538,stable,0.0001963492545675738,0.012424951558233189
SP,0.023346693386773545,3.1236138516779546,unstable,0.0001963492545675738,0.012424951558233189
SP,0.02344689378757515,0.017815339374328776,stable,0.0001963492545675738,0.012424951558233189
SP,0.02344689378757515,3.123777314215465,unstable,0.0001963492545675738,0.012424951558233189
SP,0.023547094188376753,0.01765482259804907,stable,0.0001963492545675738,0.012424951558233189
SP,0.023547094188376753,3.1239378309917445,unstable,0.0001963492545675738,0.012424951558233189
SP,0.023647294589178358,0.017497172661634863,stable,0.0001963492545675738,0.012424951558233189
SP,0.023647294589178358,3.1240954809281583,unstable,0.0001963492545675738,0.012424951558233189
SP,0.02374749498997996,0.017342313438137413,stable,0.0001963492545675738,0.012424951558233189
SP,0.02374749498997996,3.124250340151656,unstable,0.0001963492545675738,0.012424951558233189
SP,0.023847695390781562,0.01719017147242141,stable,0.0001963492545675738,0.012424951558233189
SP,0.023847695390781562,3.1244024821173717,unstable,0.0001963492545675738,0.012424951558233189
SP,0.023947895791583167,0.017040675864965493,stable,0.0001963492545675738,0.012424951558233189
SP,0.023947895791583167,3.1245519777248276,unstable,0.0001963492545675738,0.012424951558233189
SP,0.02404809619238477,0.0168937581616726,stable,0.0001963492545675738,0.012424951558233189
SP,0.02404809619238477,3.1246988954281205,unstable,0.0001963492545675738,0.012424951558233189
SP,0.02414829659318637,0.01674935224933405,stable,0.0001963492545675738,0.012424951558233189
SP,0.02414829659318637,3.1248433013404586,unstable,0.0001963492545675738,0.012424951558233189
SP,0.024248496993987977,0.016607394256410668,stable,0.0001963492545675738,0.012424951558233189
SP,0.024248496993987977,3.124985259333382,unstable,0.0001963492545675738,0.012424951558233189
SP,0.02434869739478958,0.016467822458817505,stable,0.0001963492545675738,0.012424951558233189
SP,0.02434869739478958,3.125124831130975,unstable,0.0001963492545675738,0.012424951558233189
SP,0.024448897795591184,0.01633057719042119,stable,0.0001963492545675738,0.012424951558233189
SP,0.024448897795591184,3.1252620763993715,unstable,0.0001963492545675738,0.012424951558233189
SP,0.024549098196392786,0.0161956007579791,stable,0.0001963492545675738,0.012424951558233189
SP,0.024549098196392786,3.125397052831814,unstable,0.0001963492545675738,0.012424951558233189
SP,0.024649298597194388,0.016062837360258264,stable,0.0001963492545675738,0.012424951558233189
SP,0.024649298597194388,3.125529816229535,unstable,0.0001963492545675738,0.012424951558233189
SP,0.024749498997995993,0.015932233011106245,stable,0.0001963492545675738,0.012424951558233189
SP,0.024749498997995993,3.1256604205786864,unstable,0.0001963492545675738,0.012424951558233189
SP,0.024849699398797595,0.015803735466242586,stable,0.0001963492545675738,0.012424951558233189
SP,0.024849699398797595,3.1257889181235505,unstable,0.0001963492545675738,0.012424951558233189
SP,0.024949899799599197,0.015677294153563892,stable,0.0001963492545675738,0.012424951558233189
SP,0.024949899799599197,3.1259153594362292,unstable,0.0001963492545675738,0.012424951558233189
SP,0.025050100200400802,0.015552860106774258,stable,0.0001963492545675738,0.012424951558233189
SP,0.025050100200400802,3.1260397934830184,unstable,0.0001963492545675738,0.012424951558233189
SP,0.025150300601202404,0.015430385902145627,stable,0.0001963492545675738,0.012424951558233189
SP,0.025150300601202404,3.126162267687647,unstable,0.0001963492545675738,0.012424951558233189
SP,0.02525050100200401,0.015309825598246896,stable,0.0001963492545675738,0.012424951558233189
SP,0.02525050100200401,3.126282827991546,unstable,0.0001963492545675738,0.012424951558233189
SP,0.02535070140280561,0.015191134678478768,stable,0.0001963492545675738,0.012424951558233189
SP,0.02535070140280561,3.1264015189113143,unstable,0.0001963492545675738,0.012424951558233189
SP,0.025450901803607213,0.015074269996256273,stable,0.0001963492545675738,0.012424951558233189
SP,0.025450901803607213,3.1265183835935364,unstable,0.0001963492545675738,0.012424951558233189
SP,0.02555110220440882,0.014959189722707045,stable,0.0001963492545675738,0.012424951558233189
SP,0.02555110220440882,3.126633463867086,unstable,0.0001963492545675738,0.012424951558233189
SP,0.02565130260521042,0.014845853296748146,stable,0.0001963492545675738,0.012424951558233189
SP,0.02565130260521042,3.126746800293045,unstable,0.0001963492545675738,0.012424951558233189
SP,0.025751503006012023,0.014734221377410428,stable,0.0001963492545675738,0.012424951558233189
SP,0.025751503006012023,3.1268584322123827,unstable,0.0001963492545675738,0.012424951558233189
SP,0.025851703406813628,0.01462425579830473,stable,0.0001963492545675738,0.012424951558233189
SP,0.025851703406813628,3.1269683977914884,unstable,0.0001963492545675738,0.012424951558233189
SP,0.02595190380761523,0.014515919524108245,stable,0.0001963492545675738,0.012424951558233189
SP,0.02595190380761523,3.1270767340656853,unstable,0.0001963492545675738,0.012424951558233189
SP,0.026052104208416832,0.014409176608970231,stable,0.0001963492545675738,0.012424951558233189
SP,0.026052104208416832,3.1271834769808233,unstable,0.0001963492545675738,0.012424951558233189
SP,0.026152304609218437,0.014303992156744716,stable,0.0001963492545675738,0.012424951558233189
SP,0.026152304609218437,3.127288661433049,unstable,0.0001963492545675738,0.012424951558233189
SP,0.02625250501002004,0.014200332282947592,stable,0.0001963492545675738,0.012424951558233189
SP,0.02625250501002004,3.1273923213068455,unstable,0.0001963492545675738,0.012424951558233189
SP,0.026352705410821645,0.01409816407835951,stable,0.0001963492545675738,0.012424951558233189
SP,0.026352705410821645,3.1274944895114336,unstable,0.0001963492545675738,0.012424951558233189
SP,0.026452905811623247,0.013997455574186635,stable,0.0001963492545675738,0.012424951558233189
SP,0.026452905811623247,3.127595198015607,unstable,0.0001963492545675738,0.012424951558233189
SP,0.02655310621242485,0.013898175708705995,stable,0.0001963492545675738,0.012424951558233189
SP,0.02655310621242485,3.1276944778810876,unstable,0.0001963492545675738,0.012424951558233189
SP,0.026653306613226454,0.013800294295319482,stable,0.0001963492545675738,0.012424951558233189
SP,0.026653306613226454,3.1277923592944736,unstable,0.0001963492545675738,0.012424951558233189
SP,0.026753507014028056,0.01370378199195077,stable,0.0001963492545675738,0.012424951558233189
SP,0.026753507014028056,3.1278888715978423,unstable,0.0001963492545675738,0.012424951558233189
SP,0.026853707414829658,0.013608610271712784,stable,0.0001963492545675738,0.012424951558233189
SP,0.026853707414829658,3.1279840433180803,unstable,0.0001963492545675738,0.012424951558233189
SP,0.026953907815631263,0.013514751394795077,stable,0.0001963492545675738,0.012424951558233189
SP,0.026953907815631263,3.128077902194998,unstable,0.0001963492545675738,0.012424951558233189
SP,0.027054108216432865,0.01342217838150317,stable,0.0001963492545675738,0.012424951558233189
SP,0.027054108216432865,3.1281704752082895,unstable,0.0001963492545675738,0.012424951558233189
SP,0.02715430861723447,0.013330864986398794,stable,0.0001963492545675738,0.012424951558233189
SP,0.02715430861723447,3.1282617886033943,unstable,0.0001963492545675738,0.012424951558233189
SP,0.027254509018036072,0.013240785673489963,stable,0.0001963492545675738,0.012424951558233189
SP,0.027254509018036072,3.1283518679163027,unstable,0.0001963492545675738,0.012424951558233189
SP,0.027354709418837674,0.013151915592419794,stable,0.0001963492545675738,0.012424951558233189
SP,0.027354709418837674,3.128440737997373,unstable,0.0001963492545675738,0.012424951558233189
SP,0.02745490981963928,0.013064230555607459,stable,0.0001963492545675738,0.012424951558233189
SP,0.02745490981963928,3.1285284230341857,unstable,0.0001963492545675738,0.012424951558233189
SP,0.02755511022044088,0.012977707016297302,stable,0.0001963492545675738,0.012424951558233189
SP,0.02755511022044088,3.128614946573496,unstable,0.0001963492545675738,0.012424951558233189
SP,0.027655310621242483,0.012892322047478366,stable,0.0001963492545675738,0.012424951558233189
SP,0.027655310621242483,3.1287003315423147,unstable,0.0001963492545675738,0.012424951558233189
SP,0.02775551102204409,0.012808053321623714,stable,0.0001963492545675738,0.012424951558233189
SP,0.02775551102204409,3.128784600268169,unstable,0.0001963492545675738,0.012424951558233189
SP,0.02785571142284569,0.012724879091225993,stable,0.0001963492545675738,0.012424951558233189
SP,0.02785571142284569,3.128867774498567,unstable,0.0001963492545675738,0.012424951558233189
SP,0.027955911823647296,0.012642778170083968,stable,0.0001963492545675738,0.012424951558233189
SP,0.027955911823647296,3.1289498754197087,unstable,0.0001963492545675738,0.012424951558233189
SP,0.028056112224448898,0.01256172991530713,stable,0.0001963492545675738,0.012424951558233189
SP,0.028056112224448898,3.1290309236744864,unstable,0.0001963492545675738,0.012424951558233189
SP,0.0281563126252505,0.012481714210011763,stable,0.0001963492545675738,0.012424951558233189
SP,0.0281563126252505,3.129110939379782,unstable,0.0001963492545675738,0.012424951558233189
SP,0.028256513026052105,0.0124027114466716,stable,0.0001963492545675738,0.012424951558233189
SP,0.028256513026052105,3.129189942143121,unstable,0.0001963492545675738,0.012424951558233189
SP,0.028356713426853707,0.01232470251109774,stable,0.0001963492545675738,0.012424951558233189
SP,0.028356713426853707,3.1292679510786954,unstable,0.0001963492545675738,0.012424951558233189
SP,0.02845691382765531,0.012247668767019881,stable,0.0001963492545675738,0.012424951558233189
SP,0.02845691382765531,3.1293449848227732,unstable,0.0001963492545675738,0.012424951558233189
SP,0.028557114228456915,0.012171592041241297,stable,0.0001963492545675738,0.012424951558233189
SP,0.028557114228456915,3.129421061548552,unstable,0.0001963492545675738,0.012424951558233189
SP,0.028657314629258517,0.012096454609344054,stable,0.0001963492545675738,0.012424951558233189
SP,0.028657314629258517,3.1294961989804495,unstable,0.0001963492545675738,0.012424951558233189
SP,0.028757515030060122,0.012022239181921357,stable,0.0001963492545675738,0.012424951558233189
SP,0.028757515030060122,3.1295704144078718,unstable,0.0001963492545675738,0.012424951558233189
SP,0.028857715430861724,0.011948928891312605,stable,0.0001963492545675738,0.012424951558233189
SP,0.028857715430861724,3.1296437246984805,unstable,0.0001963492545675738,0.012424951558233189
SP,0.028957915831663326,0.011876507278822057,stable,0.0001963492545675738,0.012424951558233189
SP,0.028957915831663326,3.1297161463109706,unstable,0.0001963492545675738,0.012424951558233189
SP,0.02905811623246493,0.011804958282396694,stable,0.0001963492545675738,0.012424951558233189
SP,0.02905811623246493,3.129787695307396,unstable,0.0001963492545675738,0.012424951558233189
SP,0.029158316633266533,0.01173426622475171,stable,0.0001963492545675738,0.012424951558233189
SP,0.029158316633266533,3.129858387365042,unstable,0.0001963492545675738,0.012424951558233189
SP,0.029258517034068135,0.01166441580191524,stable,0.0001963492545675738,0.012424951558233189
SP,0.029258517034068135,3.129928237787878,unstable,0.0001963492545675738,0.012424951558233189
SP,0.02935871743486974,0.011595392072182964,stable,0.0001963492545675738,0.012424951558233189
SP,0.02935871743486974,3.1299972615176106,unstable,0.0001963492545675738,0.012424951558233189
SP,0.029458917835671342,0.011527180445461749,stable,0.0001963492545675738,0.012424951558233189
SP,0.029458917835671342,3.130065473144331,unstable,0.0001963492545675738,0.012424951558233189
SP,0.029559118236472944,0.011459766672987648,stable,0.0001963492545675738,0.012424951558233189
SP,0.029559118236472944,3.1301328869168055,unstable,0.0001963492545675738,0.012424951558233189
SP,0.02965931863727455,0.011393136837400508,stable,0.0001963492545675738,0.012424951558233189
SP,0.02965931863727455,3.130199516752393,unstable,0.0001963492545675738,0.012424951558233189
SP,0.02975951903807615,0.01132727734316541,stable,0.0001963492545675738,0.012424951558233189
SP,0.02975951903807615,3.130265376246628,unstable,0.0001963492545675738,0.012424951558233189
SP,0.029859719438877757,0.011262174907325395,stable,0.0001963492545675738,0.012424951558233189
SP,0.029859719438877757,3.1303304786824677,unstable,0.0001963492545675738,0.012424951558233189
SP,0.02995991983967936,0.011197816550565953,stable,0.0001963492545675738,0.012424951558233189
SP,0.02995991983967936,3.130394837039227,unstable,0.0001963492545675738,0.012424951558233189
SP,0.03006012024048096,0.01113418958859036,stable,0.0001963492545675738,0.012424951558233189
SP,0.03006012024048096,3.1304584640012028,unstable,0.0001963492545675738,0.012424951558233189
SP,0.030160320641282566,0.011071281623784124,stable,0.0001963492545675738,0.012424951558233189
SP,0.030160320641282566,3.130521371966009,unstable,0.0001963492545675738,0.012424951558233189
SP,0.030260521042084168,0.011009080537160099,stable,0.0001963492545675738,0.012424951558233189
SP,0.030260521042084168,3.1305835730526326,unstable,0.0001963492545675738,0.012424951558233189
SP,0.03036072144288577,0.010947574480576261,stable,0.0001963492545675738,0.012424951558233189
SP,0.03036072144288577,3.1306450791092164,unstable,0.0001963492545675738,0.012424951558233189
SP,0.030460921843687375,0.01088675186921062,stable,0.0001963492545675738,0.012424951558233189
SP,0.030460921843687375,3.1307059017205825,unstable,0.0001963492545675738,0.012424951558233189
SP,0.030561122244488977,0.010826601374284373,stable,0.0001963492545675738,0.012424951558233189
SP,0.030561122244488977,3.1307660522155087,unstable,0.0001963492545675738,0.012424951558233189
SP,0.030661322645290583,0.010767111916030636,stable,0.0001963492545675738,0.012424951558233189
SP,0.030661322645290583,3.1308255416737625,unstable,0.0001963492545675738,0.012424951558233189
SP,0.030761523046092185,0.010708272656886564,stable,0.0001963492545675738,0.012424951558233189
SP,0.030761523046092185,3.1308843809329066,unstable,0.0001963492545675738,0.012424951558233189
SP,0.030861723446893786,0.01065007299491283,stable,0.0001963492545675738,0.012424951558233189
SP,0.030861723446893786,3.13094258059488,unstable,0.0001963492545675738,0.012424951558233189
SP,0.030961923847695392,0.010592502557424499,stable,0.0001963492545675738,0.012424951558233189
SP,0.030961923847695392,3.131000151032369,unstable,0.0001963492545675738,0.012424951558233189
SP,0.031062124248496994,0.010535551194826631,stable,0.0001963492545675738,0.012424951558233189
SP,0.031062124248496994,3.1310571023949665,unstable,0.0001963492545675738,0.012424951558233189
SP,0.031162324649298596,0.010479208974649712,stable,0.0001963492545675738,0.012424951558233189
SP,0.031162324649298596,3.131113444615144,unstable,0.0001963492545675738,0.012424951558233189
SP,0.0312625250501002,0.010423466175773388,stable,0.0001963492545675738,0.012424951558233189
SP,0.0312625250501002,3.13116918741402,unstable,0.0001963492545675738,0.012424951558233189
SP,0.0313627254509018,0.01036831328283494,stable,0.0001963492545675738,0.012424951558233189
SP,0.0313627254509018,3.131224340306958,unstable,0.0001963492545675738,0.012424951558233189
SP,0.031462925851703405,0.010313740980814945,stable,0.0001963492545675738,0.012424951558233189
SP,0.031462925851703405,3.1312789126089786,unstable,0.0001963492545675738,0.012424951558233189
SP,0.03156312625250501,0.01025974014978992,stable,0.0001963492545675738,0.012424951558233189
SP,0.03156312625250501,3.131332913440003,unstable,0.0001963492545675738,0.012424951558233189
SP,0.031663326653306616,0.010206301859854161,stable,0.0001963492545675738,0.012424951558233189
SP,0.031663326653306616,3.1313863517299385,unstable,0.0001963492545675738,0.012424951558233189
SP,0.03176352705410822,0.010153417366193018,stable,0.0001963492545675738,0.012424951558233189
SP,0.03176352705410822,3.1314392362236,unstable,0.0001963492545675738,0.012424951558233189
SP,0.03186372745490982,0.010101078104315153,stable,0.0001963492545675738,0.012424951558233189
SP,0.03186372745490982,3.1314915754854784,unstable,0.0001963492545675738,0.012424951558233189
SP,0.03196392785571142,0.010049275685426018,stable,0.0001963492545675738,0.012424951558233189
SP,0.03196392785571142,3.131543377904367,unstable,0.0001963492545675738,0.012424951558233189
SP,0.03206412825651302,0.00999800189194655,stable,0.0001963492545675738,0.012424951558233189
SP,0.03206412825651302,3.1315946516978466,unstable,0.0001963492545675738,0.012424951558233189
SP,0.03216432865731463,0.009947248673166875,stable,0.0001963492545675738,0.012424951558233189
SP,0.03216432865731463,3.1316454049166262,unstable,0.0001963492545675738,0.012424951558233189
SP,0.032264529058116234,0.009897008141032337,stable,0.0001963492545675738,0.012424951558233189
SP,0.032264529058116234,3.131695645448761,unstable,0.0001963492545675738,0.012424951558233189
SP,0.032364729458917836,0.009847272566055665,stable,0.0001963492545675738,0.012424951558233189
SP,0.032364729458917836,3.1317453810237375,unstable,0.0001963492545675738,0.012424951558233189
SP,0.03246492985971944,0.009798034373351694,stable,0.0001963492545675738,0.012424951558233189
SP,0.03246492985971944,3.131794619216441,unstable,0.0001963492545675738,0.012424951558233189
SP,0.03256513026052104,0.009749286138793778,stable,0.0001963492545675738,0.012424951558233189
SP,0.03256513026052104,3.1318433674509993,unstable,0.0001963492545675738,0.012424951558233189
SP,0.03266533066132264,0.009701020585278552,stable,0.0001963492545675738,0.012424951558233189
SP,0.03266533066132264,3.131891633004514,unstable,0.0001963492545675738,0.012424951558233189
SP,0.03276553106212425,0.009653230579106609,stable,0.0001963492545675738,0.012424951558233189
SP,0.03276553106212425,3.131939423010687,unstable,0.0001963492545675738,0.012424951558233189
SP,0.03286573146292585,0.009605909126466639,stable,0.0001963492545675738,0.012424951558233189
SP,0.03286573146292585,3.131986744463326,unstable,0.0001963492545675738,0.012424951558233189
SP,0.032965931863727455,0.00955904937002261,stable,0.0001963492545675738,0.012424951558233189
SP,0.032965931863727455,3.132033604219771,unstable,0.0001963492545675738,0.012424951558233189
SP,0.033066132264529056,0.009512644585601304,stable,0.0001963492545675738,0.012424951558233189
SP,0.033066132264529056,3.1320800090041914,unstable,0.0001963492545675738,0.012424951558233189
SP,0.03316633266533066,0.009466688178976668,stable,0.0001963492545675738,0.012424951558233189
SP,0.03316633266533066,3.1321259654108164,unstable,0.0001963492545675738,0.012424951558233189
SP,0.03326653306613227,0.009421173682743866,stable,0.0001963492545675738,0.012424951558233189
SP,0.03326653306613227,3.132171479907049,unstable,0.0001963492545675738,0.012424951558233189
SP,0.03336673346693387,0.009376094753286157,stable,0.0001963492545675738,0.012424951558233189
SP,0.03336673346693387,3.1322165588365074,unstable,0.0001963492545675738,0.012424951558233189
SP,0.03346693386773547,0.009331445167827468,stable,0.0001963492545675738,0.012424951558233189
SP,0.03346693386773547,3.1322612084219656,unstable,0.0001963492545675738,0.012424951558233189
SP,0.03356713426853707,0.009287218821567134,stable,0.0001963492545675738,0.012424951558233189
SP,0.03356713426853707,3.1323054347682255,unstable,0.0001963492545675738,0.012424951558233189
SP,0.033667334669338675,0.009243409724899454,stable,0.0001963492545675738,0.012424951558233189
SP,0.033667334669338675,3.132349243864894,unstable,0.0001963492545675738,0.012424951558233189
SP,0.033767535070140284,0.00920001200070697,stable,0.0001963492545675738,0.012424951558233189
SP,0.033767535070140284,3.132392641589086,unstable,0.0001963492545675738,0.012424951558233189
SP,0.033867735470941886,0.009157019881734119,stable,0.0001963492545675738,0.012424951558233189
SP,0.033867735470941886,3.1324356337080594,unstable,0.0001963492545675738,0.012424951558233189
SP,0.03396793587174349,0.009114427708031059,stable,0.0001963492545675738,0.012424951558233189
SP,0.03396793587174349,3.132478225881762,unstable,0.0001963492545675738,0.012424951558233189
SP,0.03406813627254509,0.009072229924468544,stable,0.0001963492545675738,0.012424951558233189
SP,0.03406813627254509,3.1325204236653246,unstable,0.0001963492545675738,0.012424951558233189
SP,0.03416833667334669,0.009030421078324746,stable,0.0001963492545675738,0.012424951558233189
SP,0.03416833667334669,3.132562232511468,unstable,0.0001963492545675738,0.012424951558233189
SP,0.03426853707414829,0.008988995816934242,stable,0.0001963492545675738,0.012424951558233189
SP,0.03426853707414829,3.132603657772859,unstable,0.0001963492545675738,0.012424951558233189
SP,0.0343687374749499,0.008947948885404955,stable,0.0001963492545675738,0.012424951558233189
SP,0.0343687374749499,3.132644704704388,unstable,0.0001963492545675738,0.012424951558233189
SP,0.034468937875751504,0.008907275124394598,stable,0.0001963492545675738,0.012424951558233189
SP,0.034468937875751504,3.132685378465398,unstable,0.0001963492545675738,0.012424951558233189
SP,0.034569138276553106,0.008866969467949293,stable,0.0001963492545675738,0.012424951558233189
SP,0.034569138276553106,3.1327256841218443,unstable,0.0001963492545675738,0.012424951558233189
SP,0.03466933867735471,0.008827026941399918,stable,0.0001963492545675738,0.012424951558233189
SP,0.03466933867735471,3.1327656266483928,unstable,0.0001963492545675738,0.012424951558233189
SP,0.03476953907815631,0.008787442659315303,stable,0.0001963492545675738,0.012424951558233189
SP,0.03476953907815631,3.132805210930478,unstable,0.0001963492545675738,0.012424951558233189
SP,0.03486973947895792,0.008748211823510932,stable,0.0001963492545675738,0.012424951558233189
SP,0.03486973947895792,3.1328444417662826,unstable,0.0001963492545675738,0.012424951558233189
SP,0.03496993987975952,0.008709329721107828,stable,0.0001963492545675738,0.012424951558233189
SP,0.03496993987975952,3.1328833238686853,unstable,0.0001963492545675738,0.012424951558233189
SP,0.03507014028056112,0.008670791722647397,stable,0.0001963492545675738,0.012424951558233189
SP,0.03507014028056112,3.132921861867146,unstable,0.0001963492545675738,0.012424951558233189
SP,0.035170340681362725,0.008632593280252898,stable,0.0001963492545675738,0.012424951558233189
SP,0.035170340681362725,3.13296006030954,unstable,0.0001963492545675738,0.012424951558233189
SP,0.035270541082164326,0.008594729925839317,stable,0.0001963492545675738,0.012424951558233189
SP,0.035270541082164326,3.132997923663954,unstable,0.0001963492545675738,0.012424951558233189
SP,0.03537074148296593,0.008557197269372985,stable,0.0001963492545675738,0.012424951558233189
SP,0.03537074148296593,3.13303545632042,unstable,0.0001963492545675738,0.012424951558233189
SP,0.03547094188376754,0.008519990997173377,stable,0.0001963492545675738,0.012424951558233189
SP,0.03547094188376754,3.1330726625926193,unstable,0.0001963492545675738,0.012424951558233189
SP,0.03557114228456914,0.008483106870259771,stable,0.0001963492545675738,0.012424951558233189
SP,0.03557114228456914,3.133109546719533,unstable,0.0001963492545675738,0.012424951558233189
SP,0.03567134268537074,0.008446540722743201,stable,0.0001963492545675738,0.012424951558233189
SP,0.03567134268537074,3.13314611286705,unstable,0.0001963492545675738,0.012424951558233189
SP,0.03577154308617234,0.008410288460256155,stable,0.0001963492545675738,0.012424951558233189
SP,0.03577154308617234,3.133182365129537,unstable,0.0001963492545675738,0.012424951558233189
SP,0.035871743486973945,0.008374346058424464,stable,0.0001963492545675738,0.012424951558233189
SP,0.035871743486973945,3.1332183075313687,unstable,0.0001963492545675738,0.012424951558233189
SP,0.035971943887775554,0.008338709561378721,stable,0.0001963492545675738,0.012424951558233189
SP,0.035971943887775554,3.1332539440284144,unstable,0.0001963492545675738,0.012424951558233189
SP,0.036072144288577156,0.0083033750803021,stable,0.0001963492545675738,0.012424951558233189
SP,0.036072144288577156,3.1332892785094906,unstable,0.0001963492545675738,0.012424951558233189
SP,0.03617234468937876,0.008268338792015939,stable,0.0001963492545675738,0.012424951558233189
SP,0.03617234468937876,3.133324314797777,unstable,0.0001963492545675738,0.012424951558233189
SP,0.03627254509018036,0.008233596937600396,stable,0.0001963492545675738,0.012424951558233189
SP,0.03627254509018036,3.1333590566521927,unstable,0.0001963492545675738,0.012424951558233189
SP,0.03637274549098196,0.008199145821050191,stable,0.0001963492545675738,0.012424951558233189
SP,0.03637274549098196,3.1333935077687425,unstable,0.0001963492545675738,0.012424951558233189
SP,0.03647294589178357,0.008164981807964544,stable,0.0001963492545675738,0.012424951558233189
SP,0.03647294589178357,3.1334276717818286,unstable,0.0001963492545675738,0.012424951558233189
SP,0.03657314629258517,0.008131101324267753,stable,0.0001963492545675738,0.012424951558233189
SP,0.03657314629258517,3.1334615522655254,unstable,0.0001963492545675738,0.012424951558233189
SP,0.036673346693386774,0.00809750085496308,stable,0.0001963492545675738,0.012424951558233189
SP,0.036673346693386774,3.13349515273483,unstable,0.0001963492545675738,0.012424951558233189
SP,0.036773547094188376,0.008064176942917278,stable,0.0001963492545675738,0.012424951558233189
SP,0.036773547094188376,3.133528476646876,unstable,0.0001963492545675738,0.012424951558233189
SP,0.03687374749498998,0.00803112618767532,stable,0.0001963492545675738,0.012424951558233189
SP,0.03687374749498998,3.133561527402118,unstable,0.0001963492545675738,0.012424951558233189
SP,0.03697394789579158,0.007998345244302651,stable,0.0001963492545675738,0.012424951558233189
SP,0.03697394789579158,3.13359430834549,unstable,0.0001963492545675738,0.012424951558233189
SP,0.03707414829659319,0.007965830822256326,stable,0.0001963492545675738,0.012424951558233189
SP,0.03707414829659319,3.1336268227675372,unstable,0.0001963492545675738,0.012424951558233189
SP,0.03717434869739479,0.007933579684285874,stable,0.0001963492545675738,0.012424951558233189
SP,0.03717434869739479,3.1336590739055072,unstable,0.0001963492545675738,0.012424951558233189
SP,0.03727454909819639,0.007901588645356394,stable,0.0001963492545675738,0.012424951558233189
SP,0.03727454909819639,3.1336910649444363,unstable,0.0001963492545675738,0.012424951558233189
SP,0.037374749498997994,0.007869854571601831,stable,0.0001963492545675738,0.012424951558233189
SP,0.037374749498997994,3.133722799018191,unstable,0.0001963492545675738,0.012424951558233189
SP,0.037474949899799596,0.007838374379300461,stable,0.0001963492545675738,0.012424951558233189
SP,0.037474949899799596,3.1337542792104927,unstable,0.0001963492545675738,0.012424951558233189
SP,0.037575150300601205,0.007807145033875695,stable,0.0001963492545675738,0.012424951558233189
SP,0.037575150300601205,3.133785508555917,unstable,0.0001963492545675738,0.012424951558233189
SP,0.03767535070140281,0.007776163548922632,stable,0.0001963492545675738,0.012424951558233189
SP,0.03767535070140281,3.1338164900408705,unstable,0.0001963492545675738,0.012424951558233189
SP,0.03777555110220441,0.0077454269852546,stable,0.0001963492545675738,0.012424951558233189
SP,0.03777555110220441,3.133847226604539,unstable,0.0001963492545675738,0.012424951558233189
SP,0.03787575150300601,0.007714932449972345,stable,0.0001963492545675738,0.012424951558233189
SP,0.03787575150300601,3.1338777211398208,unstable,0.0001963492545675738,0.012424951558233189
SP,0.03797595190380761,0.0076846770955598664,stable,0.0001963492545675738,0.012424951558233189
SP,0.03797595190380761,3.1339079764942337,unstable,0.0001963492545675738,0.012424951558233189
SP,0.03807615230460922,0.007654658118994906,stable,0.0001963492545675738,0.012424951558233189
SP,0.03807615230460922,3.1339379954707987,unstable,0.0001963492545675738,0.012424951558233189
SP,0.038176352705410824,0.007624872760883861,stable,0.0001963492545675738,0.012424951558233189
SP,0.038176352705410824,3.1339677808289093,unstable,0.0001963492545675738,0.012424951558233189
SP,0.038276553106212426,0.007595318304618015,stable,0.0001963492545675738,0.012424951558233189
SP,0.038276553106212426,3.1339973352851747,unstable,0.0001963492545675738,0.012424951558233189
SP,0.03837675350701403,0.007565992075545314,stable,0.0001963492545675738,0.012424951558233189
SP,0.03837675350701403,3.1340266615142482,unstable,0.0001963492545675738,0.012424951558233189
SP,0.03847695390781563,0.007536891440164339,stable,0.0001963492545675738,0.012424951558233189
SP,0.03847695390781563,3.1340557621496288,unstable,0.0001963492545675738,0.012424951558233189
SP,0.03857715430861723,0.007508013805336056,stable,0.0001963492545675738,0.012424951558233189
SP,0.03857715430861723,3.134084639784457,unstable,0.0001963492545675738,0.012424951558233189
SP,0.03867735470941884,0.007479356617513311,stable,0.0001963492545675738,0.012424951558233189
SP,0.03867735470941884,3.13411329697228,unstable,0.0001963492545675738,0.012424951558233189
SP,0.03877755511022044,0.0074509173619881075,stable,0.0001963492545675738,0.012424951558233189
SP,0.03877755511022044,3.1341417362278055,unstable,0.0001963492545675738,0.012424951558233189
SP,0.038877755511022044,0.007422693562156191,stable,0.0001963492545675738,0.012424951558233189
SP,0.038877755511022044,3.134169960027637,unstable,0.0001963492545675738,0.012424951558233189
SP,0.038977955911823646,0.007394682778797623,stable,0.0001963492545675738,0.012424951558233189
SP,0.038977955911823646,3.1341979708109955,unstable,0.0001963492545675738,0.012424951558233189
SP,0.03907815631262525,0.007366882609374237,stable,0.0001963492545675738,0.012424951558233189
SP,0.03907815631262525,3.134225770980419,unstable,0.0001963492545675738,0.012424951558233189
SP,0.03917835671342686,0.00733929068734307,stable,0.0001963492545675738,0.012424951558233189
SP,0.03917835671342686,3.1342533629024505,unstable,0.0001963492545675738,0.012424951558233189
SP,0.03927855711422846,0.007311904681484016,stable,0.0001963492545675738,0.012424951558233189
SP,0.03927855711422846,3.134280748908309,unstable,0.0001963492545675738,0.012424951558233189
SP,0.03937875751503006,0.00728472229524435,stable,0.0001963492545675738,0.012424951558233189
SP,0.03937875751503006,3.1343079312945488,unstable,0.0001963492545675738,0.012424951558233189
SP,0.03947895791583166,0.007257741266094353,stable,0.0001963492545675738,0.012424951558233189
SP,0.03947895791583166,3.1343349123236983,unstable,0.0001963492545675738,0.012424951558233189
SP,0.039579158316633264,0.0072309593649033665,stable,0.0001963492545675738,0.012424951558233189
SP,0.039579158316633264,3.1343616942248893,unstable,0.0001963492545675738,0.012424951558233189
SP,0.039679358717434866,0.007204374395321622,stable,0.0001963492545675738,0.012424951558233189
SP,0.039679358717434866,3.1343882791944715,unstable,0.0001963492545675738,0.012424951558233189
SP,0.039779559118236475,0.007177984193183384,stable,0.0001963492545675738,0.012424951558233189
SP,0.039779559118236475,3.1344146693966097,unstable,0.0001963492545675738,0.012424951558233189
SP,0.03987975951903808,0.0071517866259172,stable,0.0001963492545675738,0.012424951558233189
SP,0.03987975951903808,3.1344408669638764,unstable,0.0001963492545675738,0.012424951558233189
SP,0.03997995991983968,0.007125779591972137,stable,0.0001963492545675738,0.012424951558233189
SP,0.03997995991983968,3.1344668739978214,unstable,0.0001963492545675738,0.012424951558233189
SP,0.04008016032064128,0.007099961020256451,stable,0.0001963492545675738,0.012424951558233189
SP,0.04008016032064128,3.1344926925695367,unstable,0.0001963492545675738,0.012424951558233189
SP,0.04018036072144288,0.007074328869586921,stable,0.0001963492545675738,0.012424951558233189
SP,0.04018036072144288,3.134518324720206,unstable,0.0001963492545675738,0.012424951558233189
SP,0.04028056112224449,0.007048881128151052,stable,0.0001963492545675738,0.012424951558233189
SP,0.04028056112224449,3.134543772461642,unstable,0.0001963492545675738,0.012424951558233189
SP,0.040380761523046094,0.0070236158129817206,stable,0.0001963492545675738,0.012424951558233189
SP,0.040380761523046094,3.134569037776812,unstable,0.0001963492545675738,0.012424951558233189
SP,0.040480961923847696,0.006998530969439809,stable,0.0001963492545675738,0.012424951558233189
SP,0.040480961923847696,3.134594122620353,unstable,0.0001963492545675738,0.012424951558233189
SP,0.0405811623246493,0.00697362467071283,stable,0.0001963492545675738,0.012424951558233189
SP,0.0405811623246493,3.1346190289190803,unstable,0.0001963492545675738,0.012424951558233189
SP,0.0406813627254509,0.006948895017318879,stable,0.0001963492545675738,0.012424951558233189
SP,0.0406813627254509,3.1346437585724747,unstable,0.0001963492545675738,0.012424951558233189
SP,0.04078156312625251,0.006924340136626128,stable,0.0001963492545675738,0.012424951558233189
SP,0.04078156312625251,3.134668313453167,unstable,0.0001963492545675738,0.012424951558233189
SP,0.04088176352705411,0.0068999581823785405,stable,0.0001963492545675738,0.012424951558233189
SP,0.04088176352705411,3.1346926954074146,unstable,0.0001963492545675738,0.012424951558233189
SP,0.04098196392785571,0.006875747334233573,stable,0.0001963492545675738,0.012424951558233189
SP,0.04098196392785571,3.1347169062555595,unstable,0.0001963492545675738,0.012424951558233189
SP,0.041082164328657314,0.00685170579730876,stable,0.0001963492545675738,0.012424951558233189
SP,0.041082164328657314,3.1347409477924844,unstable,0.0001963492545675738,0.012424951558233189
SP,0.041182364729458916,0.0068278318017394035,stable,0.0001963492545675738,0.012424951558233189
SP,0.041182364729458916,3.1347648217880533,unstable,0.0001963492545675738,0.012424951558233189
SP,0.04128256513026052,0.006804123602242029,stable,0.0001963492545675738,0.012424951558233189
SP,0.04128256513026052,3.134788529987551,unstable,0.0001963492545675738,0.012424951558233189
SP,0.04138276553106213,0.006780579477691617,stable,0.0001963492545675738,0.012424951558233189
SP,0.04138276553106213,3.1348120741121015,unstable,0.0001963492545675738,0.012424951558233189
SP,0.04148296593186373,0.006757197730703268,stable,0.0001963492545675738,0.012424951558233189
SP,0.04148296593186373,3.13483545585909,unstable,0.0001963492545675738,0.012424951558233189
SP,0.04158316633266533,0.00673397668722453,stable,0.0001963492545675738,0.012424951558233189
SP,0.04158316633266533,3.134858676902569,unstable,0.0001963492545675738,0.012424951558233189
SP,0.04168336673346693,0.006710914696136161,stable,0.0001963492545675738,0.012424951558233189
SP,0.04168336673346693,3.1348817388936574,unstable,0.0001963492545675738,0.012424951558233189
SP,0.041783567134268534,0.0066880101288613325,stable,0.0001963492545675738,0.012424951558233189
SP,0.041783567134268534,3.1349046434609313,unstable,0.0001963492545675738,0.012424951558233189
SP,0.04188376753507014,0.006665261378981047,stable,0.0001963492545675738,0.012424951558233189
SP,0.04188376753507014,3.1349273922108125,unstable,0.0001963492545675738,0.012424951558233189
SP,0.041983967935871745,0.0066426668618597695,stable,0.0001963492545675738,0.012424951558233189
SP,0.041983967935871745,3.134949986727934,unstable,0.0001963492545675738,0.012424951558233189
SP,0.04208416833667335,0.006620225014275505,stable,0.0001963492545675738,0.012424951558233189
SP,0.04208416833667335,3.1349724285755176,unstable,0.0001963492545675738,0.012424951558233189
SP,0.04218436873747495,0.006597934294061858,stable,0.0001963492545675738,0.012424951558233189
SP,0.04218436873747495,3.1349947192957313,unstable,0.0001963492545675738,0.012424951558233189
SP,0.04228456913827655,0.006575793179753653,stable,0.0001963492545675738,0.012424951558233189
SP,0.04228456913827655,3.1350168604100395,unstable,0.0001963492545675738,0.012424951558233189
SP,0.04238476953907815,0.006553800170238766,stable,0.0001963492545675738,0.012424951558233189
SP,0.04238476953907815,3.1350388534195543,unstable,0.0001963492545675738,0.012424951558233189
SP,0.04248496993987976,0.006531953784423283,stable,0.0001963492545675738,0.012424951558233189
SP,0.04248496993987976,3.1350606998053703,unstable,0.0001963492545675738,0.012424951558233189
SP,0.042585170340681364,0.006510252560893992,stable,0.0001963492545675738,0.012424951558233189
SP,0.042585170340681364,3.1350824010288996,unstable,0.0001963492545675738,0.012424951558233189
SP,0.042685370741482966,0.006488695057595972,stable,0.0001963492545675738,0.012424951558233189
SP,0.042685370741482966,3.1351039585321967,unstable,0.0001963492545675738,0.012424951558233189
SP,0.04278557114228457,0.006467279851512409,stable,0.0001963492545675738,0.012424951558233189
SP,0.04278557114228457,3.1351253737382807,unstable,0.0001963492545675738,0.012424951558233189
SP,0.04288577154308617,0.006446005538350619,stable,0.0001963492545675738,0.012424951558233189
SP,0.04288577154308617,3.1351466480514425,unstable,0.0001963492545675738,0.012424951558233189
SP,0.04298597194388778,0.006424870732235632,stable,0.0001963492545675738,0.012424951558233189
SP,0.04298597194388778,3.1351677828575575,unstable,0.0001963492545675738,0.012424951558233189
SP,0.04308617234468938,0.0064038740654086546,stable,0.0001963492545675738,0.012424951558233189
SP,0.04308617234468938,3.135188779524384,unstable,0.0001963492545675738,0.012424951558233189
SP,0.04318637274549098,0.006383014187933966,stable,0.0001963492545675738,0.012424951558233189
SP,0.04318637274549098,3.135209639401859,unstable,0.0001963492545675738,0.012424951558233189
SP,0.043286573146292584,0.006362289767406271,stable,0.0001963492545675738,0.012424951558233189
SP,0.043286573146292584,3.1352303638223873,unstable,0.0001963492545675738,0.012424951558233189
SP,0.043386773547094186,0.006341699488670471,stable,0.0001963492545675738,0.012424951558233189
SP,0.043386773547094186,3.1352509541011226,unstable,0.0001963492545675738,0.012424951558233189
SP,0.043486973947895795,0.00632124205354101,stable,0.0001963492545675738,0.012424951558233189
SP,0.043486973947895795,3.1352714115362517,unstable,0.0001963492545675738,0.012424951558233189
SP,0.0435871743486974,0.0063009161805296365,stable,0.0001963492545675738,0.012424951558233189
SP,0.0435871743486974,3.135291737409263,unstable,0.0001963492545675738,0.012424951558233189
SP,0.043687374749499,0.006280720604579404,stable,0.0001963492545675738,0.012424951558233189
SP,0.043687374749499,3.135311932985214,unstable,0.0001963492545675738,0.012424951558233189
SP,0.0437875751503006,0.006260654076798655,stable,0.0001963492545675738,0.012424951558233189
SP,0.0437875751503006,3.135331999512994,unstable,0.0001963492545675738,0.012424951558233189
SP,0.0438877755511022,0.006240715364207894,stable,0.0001963492545675738,0.012424951558233189
SP,0.0438877755511022,3.1353519382255852,unstable,0.0001963492545675738,0.012424951558233189
SP,0.043987975951903804,0.006220903249483545,stable,0.0001963492545675738,0.012424951558233189
SP,0.043987975951903804,3.13537175034031,unstable,0.0001963492545675738,0.012424951558233189
SP,0.04408817635270541,0.006201216530712372,stable,0.0001963492545675738,0.012424951558233189
SP,0.04408817635270541,3.1353914370590807,unstable,0.0001963492545675738,0.012424951558233189
SP,0.044188376753507015,0.00618165402114812,stable,0.0001963492545675738,0.012424951558233189
SP,0.044188376753507015,3.135410999568645,unstable,0.0001963492545675738,0.012424951558233189
SP,0.04428857715430862,0.006162214548971701,stable,0.0001963492545675738,0.012424951558233189
SP,0.04428857715430862,3.135430439040821,unstable,0.0001963492545675738,0.012424951558233189
SP,0.04438877755511022,0.006142896957059385,stable,0.0001963492545675738,0.012424951558233189
SP,0.04438877755511022,3.1354497566327337,unstable,0.0001963492545675738,0.012424951558233189
SP,0.04448897795591182,0.00612370010275054,stable,0.0001963492545675738,0.012424951558233189
SP,0.04448897795591182,3.1354689534870426,unstable,0.0001963492545675738,0.012424951558233189
SP,0.04458917835671343,0.0061046228576251416,stable,0.0001963492545675738,0.012424951558233189
SP,0.04458917835671343,3.1354880307321675,unstable,0.0001963492545675738,0.012424951558233189
SP,0.04468937875751503,0.0060856641072808415,stable,0.0001963492545675738,0.012424951558233189
SP,0.04468937875751503,3.1355069894825123,unstable,0.0001963492545675738,0.012424951558233189
SP,0.044789579158316634,0.006066822751116252,stable,0.0001963492545675738,0.012424951558233189
SP,0.044789579158316634,3.1355258308386773,unstable,0.0001963492545675738,0.012424951558233189
SP,0.044889779559118236,0.006048097702118227,stable,0.0001963492545675738,0.012424951558233189
SP,0.044889779559118236,3.135544555887675,unstable,0.0001963492545675738,0.012424951558233189
SP,0.04498997995991984,0.006029487886652252,stable,0.0001963492545675738,0.012424951558233189
SP,0.04498997995991984,3.1355631657031413,unstable,0.0001963492545675738,0.012424951558233189
SP,0.04509018036072144,0.006010992244258162,stable,0.0001963492545675738,0.012424951558233189
SP,0.04509018036072144,3.135581661345535,unstable,0.0001963492545675738,0.012424951558233189
SP,0.04519038076152305,0.005992609727448528,stable,0.0001963492545675738,0.012424951558233189
SP,0.04519038076152305,3.135600043862345,unstable,0.0001963492545675738,0.012424951558233189
SP,0.04529058116232465,0.005974339301510145,stable,0.0001963492545675738,0.012424951558233189
SP,0.04529058116232465,3.1356183142882834,unstable,0.0001963492545675738,0.012424951558233189
SP,0.04539078156312625,0.0059561799443099694,stable,0.0001963492545675738,0.012424951558233189
SP,0.04539078156312625,3.1356364736454836,unstable,0.0001963492545675738,0.012424951558233189
SP,0.045490981963927854,0.005938130646105488,stable,0.0001963492545675738,0.012424951558233189
SP,0.045490981963927854,3.135654522943687,unstable,0.0001963492545675738,0.012424951558233189
SP,0.045591182364729456,0.0059201904093564295,stable,0.0001963492545675738,0.012424951558233189
SP,0.045591182364729456,3.1356724631804367,unstable,0.0001963492545675738,0.012424951558233189
SP,0.045691382765531065,0.005902358248542239,stable,0.0001963492545675738,0.012424951558233189
SP,0.045691382765531065,3.1356902953412504,unstable,0.0001963492545675738,0.012424951558233189
SP,0.04579158316633267,0.005884633189980004,stable,0.0001963492545675738,0.012424951558233189
SP,0.04579158316633267,3.1357080203998127,unstable,0.0001963492545675738,0.012424951558233189
SP,0.04589178356713427,0.005867014271648152,stable,0.0001963492545675738,0.012424951558233189
SP,0.04589178356713427,3.135725639318145,unstable,0.0001963492545675738,0.012424951558233189
SP,0.04599198396793587,0.005849500543012809,stable,0.0001963492545675738,0.012424951558233189
SP,0.04599198396793587,3.1357431530467803,unstable,0.0001963492545675738,0.012424951558233189
SP,0.04609218436873747,0.0058320910648554936,stable,0.0001963492545675738,0.012424951558233189
SP,0.04609218436873747,3.135760562524938,unstable,0.0001963492545675738,0.012424951558233189
SP,0.04619238476953908,0.005814784909107473,stable,0.0001963492545675738,0.012424951558233189
SP,0.04619238476953908,3.1357778686806856,unstable,0.0001963492545675738,0.012424951558233189
SP,0.04629258517034068,0.005797581158681453,stable,0.0001963492545675738,0.012424951558233189
SP,0.04629258517034068,3.1357950724311117,unstable,0.0001963492545675738,0.012424951558233189
SP,0.046392785571142285,0.00578047890731348,stable,0.0001963492545675738,0.012424951558233189
SP,0.046392785571142285,3.1358121746824796,unstable,0.0001963492545675738,0.012424951558233189
SP,0.04649298597194389,0.005763477259400851,stable,0.0001963492545675738,0.012424951558233189
SP,0.04649298597194389,3.1358291763303923,unstable,0.0001963492545675738,0.012424951558233189
SP,0.04659318637274549,0.005746575329847126,stable,0.0001963492545675738,0.012424951558233189
SP,0.04659318637274549,3.135846078259946,unstable,0.0001963492545675738,0.012424951558233189
SP,0.04669338677354709,0.005729772243907583,stable,0.0001963492545675738,0.012424951558233189
SP,0.04669338677354709,3.1358628813458855,unstable,0.0001963492545675738,0.012424951558233189
SP,0.0467935871743487,0.0057130671370395625,stable,0.0001963492545675738,0.012424951558233189
SP,0.0467935871743487,3.135879586452754,unstable,0.0001963492545675738,0.012424951558233189
SP,0.0468937875751503,0.005696459154753253,stable,0.0001963492545675738,0.012424951558233189
SP,0.0468937875751503,3.1358961944350394,unstable,0.0001963492545675738,0.012424951558233189
SP,0.046993987975951904,0.005679947452466472,stable,0.0001963492545675738,0.012424951558233189
SP,0.046993987975951904,3.1359127061373266,unstable,0.0001963492545675738,0.012424951558233189
SP,0.047094188376753505,0.005663531195361227,stable,0.0001963492545675738,0.012424951558233189
SP,0.047094188376753505,3.1359291223944314,unstable,0.0001963492545675738,0.012424951558233189
SP,0.04719438877755511,0.005647209558242938,stable,0.0001963492545675738,0.012424951558233189
SP,0.04719438877755511,3.1359454440315506,unstable,0.0001963492545675738,0.012424951558233189
SP,0.047294589178356716,0.005630981725401885,stable,0.0001963492545675738,0.012424951558233189
SP,0.047294589178356716,3.1359616718643917,unstable,0.0001963492545675738,0.012424951558233189
SP,0.04739478957915832,0.005614846890479086,stable,0.0001963492545675738,0.012424951558233189
SP,0.04739478957915832,3.135977806699314,unstable,0.0001963492545675738,0.012424951558233189
SP,0.04749498997995992,0.00559880425632997,stable,0.0001963492545675738,0.012424951558233189
SP,0.04749498997995992,3.135993849333463,unstable,0.0001963492545675738,0.012424951558233189
SP,0.04759519038076152,0.005582853034894697,stable,0.0001963492545675738,0.012424951558233189
SP,0.04759519038076152,3.1360098005548984,unstable,0.0001963492545675738,0.012424951558233189
SP,0.047695390781563124,0.0055669924470698184,stable,0.0001963492545675738,0.012424951558233189
SP,0.047695390781563124,3.136025661142723,unstable,0.0001963492545675738,0.012424951558233189
SP,0.04779559118236473,0.005551221722579935,stable,0.0001963492545675738,0.012424951558233189
SP,0.04779559118236473,3.1360414318672127,unstable,0.0001963492545675738,0.012424951558233189
SP,0.047895791583166335,0.005535540099852909,stable,0.0001963492545675738,0.012424951558233189
SP,0.047895791583166335,3.13605711348994,unstable,0.0001963492545675738,0.012424951558233189
SP,0.04799599198396794,0.005519946825899069,stable,0.0001963492545675738,0.012424951558233189
SP,0.04799599198396794,3.136072706763894,unstable,0.0001963492545675738,0.012424951558233189
SP,0.04809619238476954,0.005504441156189088,stable,0.0001963492545675738,0.012424951558233189
SP,0.04809619238476954,3.136088212433604,unstable,0.0001963492545675738,0.012424951558233189
SP,0.04819639278557114,0.005489022354535411,stable,0.0001963492545675738,0.012424951558233189
SP,0.04819639278557114,3.136103631235258,unstable,0.0001963492545675738,0.012424951558233189
SP,0.04829659318637274,0.005473689692977679,stable,0.0001963492545675738,0.012424951558233189
SP,0.04829659318637274,3.1361189638968154,unstable,0.0001963492545675738,0.012424951558233189
SP,0.04839679358717435,0.005458442451664602,stable,0.0001963492545675738,0.012424951558233189
SP,0.04839679358717435,3.1361342111381285,unstable,0.0001963492545675738,0.012424951558233189
SP,0.04849699398797595,0.005443279918745603,stable,0.0001963492545675738,0.012424951558233189
SP,0.04849699398797595,3.1361493736710475,unstable,0.0001963492545675738,0.012424951558233189
SP,0.048597194388777555,0.005428201390257126,stable,0.0001963492545675738,0.012424951558233189
SP,0.048597194388777555,3.1361644521995355,unstable,0.0001963492545675738,0.012424951558233189
SP,0.04869739478957916,0.005413206170013396,stable,0.0001963492545675738,0.012424951558233189
SP,0.04869739478957916,3.1361794474197797,unstable,0.0001963492545675738,0.012424951558233189
SP,0.04879759519038076,0.005398293569501167,stable,0.0001963492545675738,0.012424951558233189
SP,0.04879759519038076,3.1361943600202924,unstable,0.0001963492545675738,0.012424951558233189
SP,0.04889779559118237,0.005383462907774472,stable,0.0001963492545675738,0.012424951558233189
SP,0.04889779559118237,3.1362091906820186,unstable,0.0001963492545675738,0.012424951558233189
SP,0.04899799599198397,0.005368713511348044,stable,0.0001963492545675738,0.012424951558233189
SP,0.04899799599198397,3.1362239400784446,unstable,0.0001963492545675738,0.012424951558233189
SP,0.04909819639278557,0.005354044714098727,stable,0.0001963492545675738,0.012424951558233189
SP,0.04909819639278557,3.1362386088756944,unstable,0.0001963492545675738,0.012424951558233189
SP,0.049198396793587174,0.005339455857162889,stable,0.0001963492545675738,0.012424951558233189
SP,0.049198396793587174,3.1362531977326302,unstable,0.0001963492545675738,0.012424951558233189
SP,0.049298597194388775,0.005324946288839616,stable,0.0001963492545675738,0.012424951558233189
SP,0.049298597194388775,3.136267707300954,unstable,0.0001963492545675738,0.012424951558233189
SP,0.04939879759519038,0.005310515364491231,stable,0.0001963492545675738,0.012424951558233189
SP,0.04939879759519038,3.136282138225302,unstable,0.0001963492545675738,0.012424951558233189
SP,0.049498997995991986,0.005296162446450925,stable,0.0001963492545675738,0.012424951558233189
SP,0.049498997995991986,3.1362964911433426,unstable,0.0001963492545675738,0.012424951558233189
SP,0.04959919839679359,0.0052818869039259475,stable,0.0001963492545675738,0.012424951558233189
SP,0.04959919839679359,3.1363107666858667,unstable,0.0001963492545675738,0.012424951558233189
SP,0.04969939879759519,0.00526768811290701,stable,0.0001963492545675738,0.012424951558233189
SP,0.04969939879759519,3.136324965476886,unstable,0.0001963492545675738,0.012424951558233189
SP,0.04979959919839679,0.005253565456077247,stable,0.0001963492545675738,0.012424951558233189
SP,0.04979959919839679,3.136339088133716,unstable,0.0001963492545675738,0.012424951558233189
SP,0.049899799599198394,0.005239518322720738,stable,0.0001963492545675738,0.012424951558233189
SP,0.049899799599198394,3.136353135267072,unstable,0.0001963492545675738,0.012424951558233189
SP,0.05,0.00522554610863768,stable,0.0001963492545675738,0.012424951558233189
SP,0.05,3.1363671074811554,unstable,0.0001963492545675738,0.012424951558233189
LP,0.0,-0.22902510487611982,unstable,0.002820814296992713,0.012424951558233189
LP,0.0,-2.912567548713673,stable,0.002820814296992713,0.012424951558233189
LP,0.0001002004008016032,-0.2309207551705521,unstable,0.002820814296992713,0.012424951558233189
LP,0.0001002004008016032,-2.910671898419241,stable,0.002820814296992713,0.012424951558233189
LP,0.0002004008016032064,-0.23284834764422246,unstable,0.002820814296992713,0.012424951558233189
LP,0.0002004008016032064,-2.9087443059455707,stable,0.002820814296992713,0.012424951558233189
LP,0.0003006012024048096,-0.23480870446888424,unstable,0.002820814296992713,0.012424951558233189
LP,0.0003006012024048096,-2.906783949120909,stable,0.002820814296992713,0.012424951558233189
LP,0.0004008016032064128,-0.23680267656311216,unstable,0.002820814296992713,0.012424951558233189
LP,0.0004008016032064128,-2.904789977026681,stable,0.002820814296992713,0.012424951558233189
LP,0.000501002004008016,-0.23883114487284596,unstable,0.002820814296992713,0.012424951558233189
LP,0.000501002004008016,-2.9027615087169476,stable,0.002820814296992713,0.012424951558233189
LP,0.0006012024048096192,-0.2408950217217245,unstable,0.002820814296992713,0.012424951558233189
LP,0.0006012024048096192,-2.900697631868068,stable,0.002820814296992713,0.012424951558233189
LP,0.0007014028056112224,-0.24299525223573504,unstable,0.002820814296992713,0.012424951558233189
LP,0.0007014028056112224,-2.898597401354058,stable,0.002820814296992713,0.012424951558233189
LP,0.0008016032064128256,-0.24513281584705382,unstable,0.002820814296992713,0.012424951558233189
LP,0.0008016032064128256,-2.8964598377427393,stable,0.002820814296992713,0.012424951558233189
LP,0.0009018036072144289,-0.24730872788230496,unstable,0.002820814296992713,0.012424951558233189
LP,0.0009018036072144289,-2.894283925707488,stable,0.002820814296992713,0.012424951558233189
LP,0.001002004008016032,-0.24952404124089833,unstable,0.002820814296992713,0.012424951558233189
LP,0.001002004008016032,-2.8920686123488952,stable,0.002820814296992713,0.012424951558233189
LP,0.0011022044088176352,-0.25177984816951726,unstable,0.002820814296992713,0.012424951558233189
LP,0.0011022044088176352,-2.8898128054202754,stable,0.002820814296992713,0.012424951558233189
LP,0.0012024048096192384,-0.25407728213932756,unstable,0.002820814296992713,0.012424951558233189
LP,0.0012024048096192384,-2.8875153714504656,stable,0.002820814296992713,0.012424951558233189
LP,0.0013026052104208416,-0.25641751983299743,unstable,0.002820814296992713,0.012424951558233189
LP,0.0013026052104208416,-2.885175133756796,stable,0.002820814296992713,0.012424951558233189
LP,0.0014028056112224449,-0.25880178324918557,unstable,0.002820814296992713,0.012424951558233189
LP,0.0014028056112224449,-2.8827908703406075,stable,0.002820814296992713,0.012424951558233189
LP,0.001503006012024048,-0.2612313419327785,unstable,0.002820814296992713,0.012424951558233189
LP,0.001503006012024048,-2.8803613116570146,stable,0.002820814296992713,0.012424951558233189
LP,0.0016032064128256513,-0.26370751533985004,unstable,0.002820814296992713,0.012424951558233189
LP,0.0016032064128256513,-2.877885138249943,stable,0.002820814296992713,0.012424951558233189
LP,0.0017034068136272545,-0.26623167534705106,unstable,0.002820814296992713,0.012424951558233189
LP,0.0017034068136272545,-2.8753609782427425,stable,0.002820814296992713,0.012424951558233189
LP,0.0018036072144288577,-0.26880524891596913,unstable,0.002820814296992713,0.012424951558233189
LP,0.0018036072144288577,-2.872787404673824,stable,0.002820814296992713,0.012424951558233189
LP,0.001903807615230461,-0.2714297209238836,unstable,0.002820814296992713,0.012424951558233189
LP,0.001903807615230461,-2.8701629326659095,stable,0.002820814296992713,0.012424951558233189
LP,0.002004008016032064,-0.2741066371733405,unstable,0.002820814296992713,0.012424951558233189
LP,0.002004008016032064,-2.8674860164164526,stable,0.002820814296992713,0.012424951558233189
LP,0.002104208416833667,-0.2768376075940524,unstable,0.002820814296992713,0.012424951558233189
LP,0.002104208416833667,-2.864755045995741,stable,0.002820814296992713,0.012424951558233189
LP,0.0022044088176352704,-0.27962430965181895,unstable,0.002820814296992713,0.012424951558233189
LP,0.0022044088176352704,-2.861968343937974,stable,0.002820814296992713,0.012424951558233189
LP,0.0023046092184368736,-0.2824684919804916,unstable,0.002820814296992713,0.012424951558233189
LP,0.0023046092184368736,-2.8591241616093015,stable,0.002820814296992713,0.012424951558233189
LP,0.002404809619238477,-0.28537197825444327,unstable,0.002820814296992713,0.012424951558233189
LP,0.002404809619238477,-2.85622067533535,stable,0.002820814296992713,0.012424951558233189
LP,0.00250501002004008,-0.28833667132062946,unstable,0.002820814296992713,0.012424951558233189
LP,0.00250501002004008,-2.8532559822691637,stable,0.002820814296992713,0.012424951558233189
LP,0.0026052104208416833,-0.2913645576110757,unstable,0.002820814296992713,0.012424951558233189
LP,0.0026052104208416833,-2.850228095978718,stable,0.002820814296992713,0.012424951558233189
LP,0.0027054108216432865,-0.29445771185862446,unstable,0.002820814296992713,0.012424951558233189
LP,0.0027054108216432865,-2.847134941731168,stable,0.002820814296992713,0.012424951558233189
LP,0.0028056112224448897,-0.2976183021409242,unstable,0.002820814296992713,0.012424951558233189
LP,0.0028056112224448897,-2.8439743514488693,stable,0.002820814296992713,0.012424951558233189
LP,0.002905811623246493,-0.300848595280085,unstable,0.002820814296992713,0.012424951558233189
LP,0.002905811623246493,-2.840744058309708,stable,0.002820814296992713,0.012424951558233189
LP,0.003006012024048096,-0.3041509626281127,unstable,0.002820814296992713,0.012424951558233189
LP,0.003006012024048096,-2.837441690961681,stable,0.002820814296992713,0.012424951558233189
LP,0.0031062124248496994,-0.3075278862712296,unstable,0.002820814296992713,0.012424951558233189
LP,0.0031062124248496994,-2.834064767318564,stable,0.002820814296992713,0.012424951558233189
LP,0.0032064128256513026,-0.3109819656895345,unstable,0.002820814296992713,0.012424951558233189
LP,0.0032064128256513026,-2.8306106879002586,stable,0.002820814296992713,0.012424951558233189
LP,0.003306613226452906,-0.31451592491219893,unstable,0.002820814296992713,0.012424951558233189
LP,0.003306613226452906,-2.8270767286775946,stable,0.002820814296992713,0.012424951558233189
LP,0.003406813627254509,-0.31813262021256916,unstable,0.002820814296992713,0.012424951558233189
LP,0.003406813627254509,-2.8234600333772235,stable,0.002820814296992713,0.012424951558233189
LP,0.0035070140280561123,-0.3218350483922259,unstable,0.002820814296992713,0.012424951558233189
LP,0.0035070140280561123,-2.8197576051975677,stable,0.002820814296992713,0.012424951558233189
LP,0.0036072144288577155,-0.32562635570832565,unstable,0.002820814296992713,0.012424951558233189
LP,0.0036072144288577155,-2.8159662978814675,stable,0.002820814296992713,0.012424951558233189
LP,0.0037074148296593187,-0.3295098475044478,unstable,0.002820814296992713,0.012424951558233189
LP,0.0037074148296593187,-2.8120828060853453,stable,0.002820814296992713,0.012424951558233189
LP,0.003807615230460922,-0.333488998611839,unstable,0.002820814296992713,0.012424951558233189
LP,0.003807615230460922,-2.8081036549779537,stable,0.002820814296992713,0.012424951558233189
LP,0.003907815631262525,-0.33756746459546516,unstable,0.002820814296992713,0.012424951558233189
LP,0.003907815631262525,-2.804025188994328,stable,0.002820814296992713,0.012424951558233189
LP,0.004008016032064128,-0.34174909392778474,unstable,0.002820814296992713,0.012424951558233189
LP,0.004008016032064128,-2.7998435596620084,stable,0.002820814296992713,0.012424951558233189
LP,0.004108216432865732,-0.3460379411827801,unstable,0.002820814296992713,0.012424951558233189
LP,0.004108216432865732,-2.7955547124070126,stable,0.002820814296992713,0.012424951558233189
LP,0.004208416833667334,-0.3504382813537408,unstable,0.002820814296992713,0.012424951558233189
LP,0.004208416833667334,-2.7911543722360523,stable,0.002820814296992713,0.012424951558233189
LP,0.004308617234468938,-0.3549546254107092,unstable,0.002820814296992713,0.012424951558233189
LP,0.004308617234468938,-2.786638028179084,stable,0.002820814296992713,0.012424951558233189
LP,0.004408817635270541,-0.3595917372277109,unstable,0.002820814296992713,0.012424951558233189
LP,0.004408817635270541,-2.7820009163620822,stable,0.002820814296992713,0.012424951558233189
LP,0.0045090180360721445,-0.36435465202610073,unstable,0.002820814296992713,0.012424951558233189
LP,0.0045090180360721445,-2.777238001563692,stable,0.002820814296992713,0.012424951558233189
LP,0.004609218436873747,-0.3692486964989272,unstable,0.002820814296992713,0.012424951558233189
LP,0.004609218436873747,-2.7723439570908663,stable,0.002820814296992713,0.012424951558233189
LP,0.004709418837675351,-0.3742795108025745,unstable,0.002820814296992713,0.012424951558233189
LP,0.004709418837675351,-2.767313142787218,stable,0.002820814296992713,0.012424951558233189
LP,0.004809619238476954,-0.3794530726264882,unstable,0.002820814296992713,0.012424951558233189
LP,0.004809619238476954,-2.7621395809633054,stable,0.002820814296992713,0.012424951558233189
LP,0.004909819639278557,-0.38477572358017165,unstable,0.002820814296992713,0.012424951558233189
LP,0.004909819639278557,-2.756816930009622,stable,0.002820814296992713,0.012424951558233189
LP,0.00501002004008016,-0.3902541981694725,unstable,0.002820814296992713,0.012424951558233189
LP,0.00501002004008016,-2.7513384554203206,stable,0.002820814296992713,0.012424951558233189
LP,0.005110220440881764,-0.3958956556723172,unstable,0.002820814296992713,0.012424951558233189
LP,0.005110220440881764,-2.7456969979174755,stable,0.002820814296992713,0.012424951558233189
LP,0.0052104208416833666,-0.4017077152684423,unstable,0.002820814296992713,0.012424951558233189
LP,0.0052104208416833666,-2.7398849383213513,stable,0.002820814296992713,0.012424951558233189
LP,0.00531062124248497,-0.407698494829579,unstable,0.002820814296992713,0.012424951558233189
LP,0.00531062124248497,-2.733894158760214,stable,0.002820814296992713,0.012424951558233189
LP,0.005410821643286573,-0.41387665383734573,unstable,0.002820814296992713,0.012424951558233189
LP,0.005410821643286573,-2.727715999752448,stable,0.002820814296992713,0.012424951558233189
LP,0.005511022044088177,-0.4202514409676552,unstable,0.002820814296992713,0.012424951558233189
LP,0.005511022044088177,-2.7213412126221375,stable,0.002820814296992713,0.012424951558233189
LP,0.0056112224448897794,-0.42683274696488205,unstable,0.002820814296992713,0.012424951558233189
LP,0.0056112224448897794,-2.714759906624911,stable,0.002820814296992713,0.012424951558233189
LP,0.005711422845691383,-0.4336311635291441,unstable,0.002820814296992713,0.012424951558233189
LP,0.005711422845691383,-2.707961490060649,stable,0.002820814296992713,0.012424951558233189
LP,0.005811623246492986,-0.44065804905909367,unstable,0.002820814296992713,0.012424951558233189
LP,0.005811623246492986,-2.7009346045306994,stable,0.002820814296992713,0.012424951558233189
LP,0.0059118236472945895,-0.44792560223491407,unstable,0.002820814296992713,0.012424951558233189
LP,0.0059118236472945895,-2.693667051354879,stable,0.002820814296992713,0.012424951558233189
LP,0.006012024048096192,-0.455446944596928,unstable,0.002820814296992713,0.012424951558233189
LP,0.006012024048096192,-2.686145708992865,stable,0.002820814296992713,0.012424951558233189
LP,0.006112224448897796,-0.463236213481073,unstable,0.002820814296992713,0.012424951558233189
LP,0.006112224448897796,-2.67835644010872,stable,0.002820814296992713,0.012424951558233189
LP,0.006212424849699399,-0.47130866692190576,unstable,0.002820814296992713,0.012424951558233189
LP,0.006212424849699399,-2.6702839866678874,stable,0.002820814296992713,0.012424951558233189
LP,0.006312625250501002,-0.479680802437505,unstable,0.002820814296992713,0.012424951558233189
LP,0.006312625250501002,-2.661911851152288,stable,0.002820814296992713,0.012424951558233189
LP,0.006412825651302605,-0.4883704919826002,unstable,0.002820814296992713,0.012424951558233189
LP,0.006412825651302605,-2.653222161607193,stable,0.002820814296992713,0.012424951558233189
LP,0.006513026052104208,-0.49739713581435474,unstable,0.002820814296992713,0.012424951558233189
LP,0.006513026052104208,-2.6441955177754384,stable,0.002820814296992713,0.012424951558233189
LP,0.006613226452905812,-0.5067818385829606,unstable,0.002820814296992713,0.012424951558233189
LP,0.006613226452905812,-2.6348108150068326,stable,0.002820814296992713,0.012424951558233189
LP,0.006713426853707414,-0.5165476116674239,unstable,0.002820814296992713,0.012424951558233189
LP,0.006713426853707414,-2.6250450419223696,stable,0.002820814296992713,0.012424951558233189
LP,0.006813627254509018,-0.52671960666654,unstable,0.002820814296992713,0.012424951558233189
LP,0.006813627254509018,-2.614873046923253,stable,0.002820814296992713,0.012424951558233189
LP,0.006913827655310621,-0.5373253860809082,unstable,0.002820814296992713,0.012424951558233189
LP,0.006913827655310621,-2.6042672675088845,stable,0.002820814296992713,0.012424951558233189
LP,0.0070140280561122245,-0.5483952386580437,unstable,0.002820814296992713,0.012424951558233189
LP,0.0070140280561122245,-2.5931974149317494,stable,0.002820814296992713,0.012424951558233189
LP,0.007114228456913827,-0.5599625487203421,unstable,0.002820814296992713,0.012424951558233189
LP,0.007114228456913827,-2.5816301048694505,stable,0.002820814296992713,0.012424951558233189
LP,0.007214428857715431,-0.5720642311946973,unstable,0.002820814296992713,0.012424951558233189
LP,0.007214428857715431,-2.569528422395096,stable,0.002820814296992713,0.012424951558233189
LP,0.007314629258517034,-0.5847412472082145,unstable,0.002820814296992713,0.012424951558233189
LP,0.007314629258517034,-2.556851406381579,stable,0.002820814296992713,0.012424951558233189
LP,0.007414829659318637,-0.5980392192831117,unstable,0.002820814296992713,0.012424951558233189
LP,0.007414829659318637,-2.5435534343066815,stable,0.002820814296992713,0.012424951558233189
LP,0.00751503006012024,-0.6120091707522111,unstable,0.002820814296992713,0.012424951558233189
LP,0.00751503006012024,-2.529583482837582,stable,0.002820814296992713,0.012424951558233189
LP,0.007615230460921844,-0.6267084216019381,unstable,0.002820814296992713,0.012424951558233189
LP,0.007615230460921844,-2.514884231987855,stable,0.002820814296992713,0.012424951558233189
LP,0.007715430861723447,-0.642201683387289,unstable,0.002820814296992713,0.012424951558233189
LP,0.007715430861723447,-2.499390970202504,stable,0.002820814296992713,0.012424951558233189
LP,0.00781563126252505,-0.6585624104404477,unstable,0.002820814296992713,0.012424951558233189
LP,0.00781563126252505,-2.4830302431493454,stable,0.002820814296992713,0.012424951558233189
LP,0.007915831663326654,-0.6758744852886291,unstable,0.002820814296992713,0.012424951558233189
LP,0.007915831663326654,-2.465718168301164,stable,0.002820814296992713,0.012424951558233189
LP,0.008016032064128256,-0.6942343461082001,unstable,0.002820814296992713,0.012424951558233189
LP,0.008016032064128256,-2.4473583074815934,stable,0.002820814296992713,0.012424951558233189
LP,0.00811623246492986,-0.713753708149004,unstable,0.002820814296992713,0.012424951558233189
LP,0.00811623246492986,-2.427838945440789,stable,0.002820814296992713,0.012424951558233189
LP,0.008216432865731463,-0.7345630975668334,unstable,0.002820814296992713,0.012424951558233189
LP,0.008216432865731463,-2.4070295560229598,stable,0.002820814296992713,0.012424951558233189
LP,0.008316633266533067,-0.7568165189135123,unstable,0.002820814296992713,0.012424951558233189
LP,0.008316633266533067,-2.3847761346762812,stable,0.002820814296992713,0.012424951558233189
LP,0.008416833667334669,-0.7806977410283578,unstable,0.002820814296992713,0.012424951558233189
LP,0.008416833667334669,-2.3608949125614354,stable,0.002820814296992713,0.012424951558233189
LP,0.008517034068136272,-0.8064289545760772,unstable,0.002820814296992713,0.012424951558233189
LP,0.008517034068136272,-2.335163699013716,stable,0.002820814296992713,0.012424951558233189
LP,0.008617234468937876,-0.8342830120753479,unstable,0.002820814296992713,0.012424951558233189
LP,0.008617234468937876,-2.307309641514445,stable,0.002820814296992713,0.012424951558233189
LP,0.00871743486973948,-0.8646012755282193,unstable,0.002820814296992713,0.012424951558233189
LP,0.00871743486973948,-2.276991378061574,stable,0.002820814296992713,0.012424951558233189
LP,0.008817635270541082,-0.8978206214292772,unstable,0.002820814296992713,0.012424951558233189
LP,0.008817635270541082,-2.243772032160516,stable,0.002820814296992713,0.012424951558233189
LP,0.008917835671342685,-0.9345161879223349,unstable,0.002820814296992713,0.012424951558233189
LP,0.008917835671342685,-2.207076465667458,stable,0.002820814296992713,0.012424951558233189
LP,0.009018036072144289,-0.975472961138204,unstable,0.002820814296992713,0.012424951558233189
LP,0.009018036072144289,-2.1661196924515895,stable,0.002820814296992713,0.012424951558233189
LP,0.009118236472945893,-1.0218146581806602,unstable,0.002820814296992713,0.012424951558233189
LP,0.009118236472945893,-2.119777995409133,stable,0.002820814296992713,0.012424951558233189
LP,0.009218436873747494,-1.075259372734604,unstable,0.002820814296992713,0.012424951558233189
LP,0.009218436873747494,-2.066333280855189,stable,0.002820814296992713,0.012424951558233189
LP,0.009318637274549098,-1.1387013895699738,unstable,0.002820814296992713,0.012424951558233189
LP,0.009318637274549098,-2.0028912640198193,stable,0.002820814296992713,0.012424951558233189
LP,0.009418837675350702,-1.2178521555408204,unstable,0.002820814296992713,0.012424951558233189
LP,0.009418837675350702,-1.9237404980489732,stable,0.002820814296992713,0.012424951558233189
LP,0.009519038076152305,-1.3281900971375176,unstable,0.002820814296992713,0.012424951558233189
LP,0.009519038076152305,-1.8134025564522753,stable,0.002820814296992713,0.012424951558233189
LP,0.015330661322645291,1.3284735519140476,stable,0.002820814296992713,0.012424951558233189
LP,0.015330661322645291,1.8131191016757455,unstable,0.002820814296992713,0.012424951558233189
LP,0.015430861723446893,1.2180361813075997,stable,0.002820814296992713,0.012424951558233189
LP,0.015430861723446893,1.9235564722821934,unstable,0.002820814296992713,0.012424951558233189
LP,0.015531062124248497,1.1388436316344484,stable,0.002820814296992713,0.012424951558233189
LP,0.015531062124248497,2.0027490219553448,unstable,0.002820814296992713,0.012424951558233189
LP,0.0156312625250501,1.07537693211785,stable,0.002820814296992713,0.012424951558233189
LP,0.0156312625250501,2.066215721471943,unstable,0.002820814296992713,0.012424951558233189
LP,0.015731462925851702,1.0219153866953956,stable,0.002820814296992713,0.012424951558233189
LP,0.015731462925851702,2.1196772668943975,unstable,0.002820814296992713,0.012424951558233189
LP,0.015831663326653308,0.9755612579315969,stable,0.002820814296992713,0.012424951558233189
LP,0.015831663326653308,2.1660313956581962,unstable,0.002820814296992713,0.012424951558233189
LP,0.01593186372745491,0.9345948224127527,stable,0.002820814296992713,0.012424951558233189
LP,0.01593186372745491,2.2069978311770404,unstable,0.002820814296992713,0.012424951558233189
LP,0.01603206412825651,0.8978914764358308,stable,0.002820814296992713,0.012424951558233189
LP,0.01603206412825651,2.2437011771539623,unstable,0.002820814296992713,0.012424951558233189
LP,0.016132264529058117,0.8646657028864411,stable,0.002820814296992713,0.012424951558233189
LP,0.016132264529058117,2.276926950703352,unstable,0.002820814296992713,0.012424951558233189
LP,0.01623246492985972,0.83434202267693,stable,0.002820814296992713,0.012424951558233189
LP,0.01623246492985972,2.307250630912863,unstable,0.002820814296992713,0.012424951558233189
LP,0.01633266533066132,0.8064833285117312,stable,0.002820814296992713,0.012424951558233189
LP,0.01633266533066132,2.3351093250780615,unstable,0.002820814296992713,0.012424951558233189
LP,0.016432865731462926,0.7807480955323189,stable,0.002820814296992713,0.012424951558233189
LP,0.016432865731462926,2.360844558057474,unstable,0.002820814296992713,0.012424951558233189
LP,0.016533066132264528,0.7568633524035566,stable,0.002820814296992713,0.012424951558233189
LP,0.016533066132264528,2.384729301186237,unstable,0.002820814296992713,0.012424951558233189
LP,0.016633266533066134,0.7346068193625679,stable,0.002820814296992713,0.012424951558233189
LP,0.016633266533066134,2.406985834227225,unstable,0.002820814296992713,0.012424951558233189
LP,0.016733466933867736,0.7137946592066604,stable,0.002820814296992713,0.012424951558233189
LP,0.016733466933867736,2.4277979943831323,unstable,0.002820814296992713,0.012424951558233189
LP,0.016833667334669337,0.6942728139002692,stable,0.002820814296992713,0.012424951558233189
LP,0.016833667334669337,2.4473198396895235,unstable,0.002820814296992713,0.012424951558233189
LP,0.016933867735470943,0.6759107147412675,stable,0.002820814296992713,0.012424951558233189
LP,0.016933867735470943,2.465681938848526,unstable,0.002820814296992713,0.012424951558233189
LP,0.017034068136272545,0.658596612141535,stable,0.002820814296992713,0.012424951558233189
LP,0.017034068136272545,2.482996041448258,unstable,0.002820814296992713,0.012424951558233189
LP,0.017134268537074147,0.6422340398585247,stable,0.002820814296992713,0.012424951558233189
LP,0.017134268537074147,2.4993586137312684,unstable,0.002820814296992713,0.012424951558233189
LP,0.017234468937875752,0.626739092168322,stable,0.002820814296992713,0.012424951558233189
LP,0.017234468937875752,2.5148535614214715,unstable,0.002820814296992713,0.012424951558233189
LP,0.017334669338677354,0.6120382953761028,stable,0.002820814296992713,0.012424951558233189
LP,0.017334669338677354,2.529554358213691,unstable,0.002820814296992713,0.012424951558233189
LP,0.01743486973947896,0.5980669216210881,stable,0.002820814296992713,0.012424951558233189
LP,0.01743486973947896,2.543525731968705,unstable,0.002820814296992713,0.012424951558233189
LP,0.01753507014028056,0.5847676370758133,stable,0.002820814296992713,0.012424951558233189
LP,0.01753507014028056,2.5568250165139794,unstable,0.002820814296992713,0.012424951558233189
LP,0.017635270541082163,0.5720894065739444,stable,0.002820814296992713,0.012424951558233189
LP,0.017635270541082163,2.5695032470158488,unstable,0.002820814296992713,0.012424951558233189
LP,0.01773547094188377,0.5599865974099472,stable,0.002820814296992713,0.012424951558233189
LP,0.01773547094188377,2.5816060561798455,unstable,0.002820814296992713,0.012424951558233189
LP,0.01783567134268537,0.5484182396412178,stable,0.002820814296992713,0.012424951558233189
LP,0.01783567134268537,2.5931744139485753,unstable,0.002820814296992713,0.012424951558233189
LP,0.017935871743486972,0.53734741066779,stable,0.002820814296992713,0.012424951558233189
LP,0.017935871743486972,2.604245242922003,unstable,0.002820814296992713,0.012424951558233189
LP,0.018036072144288578,0.5267407194550602,stable,0.002820814296992713,0.012424951558233189
LP,0.018036072144288578,2.614851934134733,unstable,0.002820814296992713,0.012424951558233189
LP,0.01813627254509018,0.5165678713566648,stable,0.002820814296992713,0.012424951558233189
LP,0.01813627254509018,2.625024782233128,unstable,0.002820814296992713,0.012424951558233189
LP,0.018236472945891785,0.5068012986657506,stable,0.002820814296992713,0.012424951558233189
LP,0.018236472945891785,2.634791354924042,unstable,0.002820814296992713,0.012424951558233189
LP,0.018336673346693387,0.49741584517027615,stable,0.002820814296992713,0.012424951558233189
LP,0.018336673346693387,2.644176808419517,unstable,0.002820814296992713,0.012424951558233189
LP,0.01843687374749499,0.4883884953883171,stable,0.002820814296992713,0.012424951558233189
LP,0.01843687374749499,2.6532041582014756,unstable,0.002820814296992713,0.012424951558233189
LP,0.018537074148296594,0.47969814100803054,stable,0.002820814296992713,0.012424951558233189
LP,0.018537074148296594,2.661894512581762,unstable,0.002820814296992713,0.012424951558233189
LP,0.018637274549098196,0.4713253784938489,stable,0.002820814296992713,0.012424951558233189
LP,0.018637274549098196,2.670267275095944,unstable,0.002820814296992713,0.012424951558233189
LP,0.018737474949899798,0.4632523329468694,stable,0.002820814296992713,0.012424951558233189
LP,0.018737474949899798,2.678340320642924,unstable,0.002820814296992713,0.012424951558233189
LP,0.018837675350701404,0.4554625041974596,stable,0.002820814296992713,0.012424951558233189
LP,0.018837675350701404,2.6861301493923335,unstable,0.002820814296992713,0.012424951558233189
LP,0.018937875751503006,0.44794063181663724,stable,0.002820814296992713,0.012424951558233189
LP,0.018937875751503006,2.693652021773156,unstable,0.002820814296992713,0.012424951558233189
LP,0.01903807615230461,0.44067257630074685,stable,0.002820814296992713,0.012424951558233189
LP,0.01903807615230461,2.7009200772890463,unstable,0.002820814296992713,0.012424951558233189
LP,0.019138276553106213,0.4336452141422966,stable,0.002820814296992713,0.012424951558233189
LP,0.019138276553106213,2.707947439447496,unstable,0.002820814296992713,0.012424951558233189
LP,0.019238476953907815,0.42684634487187223,stable,0.002820814296992713,0.012424951558233189
LP,0.019238476953907815,2.7147463087179204,unstable,0.002820814296992713,0.012424951558233189
LP,0.01933867735470942,0.4202646084599313,stable,0.002820814296992713,0.012424951558233189
LP,0.01933867735470942,2.7213280451298623,unstable,0.002820814296992713,0.012424951558233189
LP,0.019438877755511022,0.4138894117167551,stable,0.002820814296992713,0.012424951558233189
LP,0.019438877755511022,2.727703241873038,unstable,0.002820814296992713,0.012424951558233189
LP,0.019539078156312624,0.4077108625347643,stable,0.002820814296992713,0.012424951558233189
LP,0.019539078156312624,2.733881791055029,unstable,0.002820814296992713,0.012424951558233189
LP,0.01963927855711423,0.4017197109882047,stable,0.002820814296992713,0.012424951558233189
LP,0.01963927855711423,2.739872942601588,unstable,0.002820814296992713,0.012424951558233189
LP,0.01973947895791583,0.3959072964475192,stable,0.002820814296992713,0.012424951558233189
LP,0.01973947895791583,2.745685357142274,unstable,0.002820814296992713,0.012424951558233189
LP,0.019839679358717433,0.3902654999848525,stable,0.002820814296992713,0.012424951558233189
LP,0.019839679358717433,2.75132715360494,unstable,0.002820814296992713,0.012424951558233189
LP,0.01993987975951904,0.38478670144724303,stable,0.002820814296992713,0.012424951558233189
LP,0.01993987975951904,2.7568059521425496,unstable,0.002820814296992713,0.012424951558233189
LP,0.02004008016032064,0.3794637406585446,stable,0.002820814296992713,0.012424951558233189
LP,0.02004008016032064,2.7621289129312485,unstable,0.002820814296992713,0.012424951558233189
LP,0.020140280561122246,0.3742898822826799,stable,0.002820814296992713,0.012424951558233189
LP,0.020140280561122246,2.767302771307113,unstable,0.002820814296992713,0.012424951558233189
LP,0.020240480961923848,0.36925878394167055,stable,0.002820814296992713,0.012424951558233189
LP,0.020240480961923848,2.772333869648122,unstable,0.002820814296992713,0.012424951558233189
LP,0.02034068136272545,0.3643644672337829,stable,0.002820814296992713,0.012424951558233189
LP,0.02034068136272545,2.7772281863560107,unstable,0.002820814296992713,0.012424951558233189
LP,0.020440881763527055,0.3596012913415545,stable,0.002820814296992713,0.012424951558233189
LP,0.020440881763527055,2.781991362248238,unstable,0.002820814296992713,0.012424951558233189
LP,0.020541082164328657,0.3549639289576101,stable,0.002820814296992713,0.012424951558233189
LP,0.020541082164328657,2.786628724632183,unstable,0.002820814296992713,0.012424951558233189
LP,0.02064128256513026,0.350447344289019,stable,0.002820814296992713,0.012424951558233189
LP,0.02064128256513026,2.7911453093007736,unstable,0.002820814296992713,0.012424951558233189
LP,0.020741482965931864,0.34604677292932884,stable,0.002820814296992713,0.012424951558233189
LP,0.020741482965931864,2.7955458806604643,unstable,0.002820814296992713,0.012424951558233189
LP,0.020841683366733466,0.3417577034119792,stable,0.002820814296992713,0.012424951558233189
LP,0.020841683366733466,2.7998349501778144,unstable,0.002820814296992713,0.012424951558233189
LP,0.02094188376753507,0.33757586028013886,stable,0.002820814296992713,0.012424951558233189
LP,0.02094188376753507,2.8040167933096543,unstable,0.002820814296992713,0.012424951558233189
LP,0.021042084168336674,0.33349718852661425,stable,0.002820814296992713,0.012424951558233189
LP,0.021042084168336674,2.808095465063179,unstable,0.002820814296992713,0.012424951558233189
LP,0.021142284569138275,0.3295178392736702,stable,0.002820814296992713,0.012424951558233189
LP,0.021142284569138275,2.812074814316123,unstable,0.002820814296992713,0.012424951558233189
LP,0.02124248496993988,0.32563415657681904,stable,0.002820814296992713,0.012424951558233189
LP,0.02124248496993988,2.815958497012974,unstable,0.002820814296992713,0.012424951558233189
LP,0.021342685370741483,0.32184266524907335,stable,0.002820814296992713,0.012424951558233189
LP,0.021342685370741483,2.8197499883407193,unstable,0.002820814296992713,0.012424951558233189
LP,0.021442885771543085,0.31814005961309233,stable,0.002820814296992713,0.012424951558233189
LP,0.021442885771543085,2.8234525939767003,unstable,0.002820814296992713,0.012424951558233189
LP,0.02154308617234469,0.3145231930982999,stable,0.002820814296992713,0.012424951558233189
LP,0.02154308617234469,2.8270694604914937,unstable,0.002820814296992713,0.012424951558233189
LP,0.021643286573146292,0.31098906860854125,stable,0.002820814296992713,0.012424951558233189
LP,0.021643286573146292,2.830603584981252,unstable,0.002820814296992713,0.012424951558233189
LP,0.021743486973947897,0.30753482959337486,stable,0.002820814296992713,0.012424951558233189
LP,0.021743486973947897,2.8340578239964183,unstable,0.002820814296992713,0.012424951558233189
LP,0.0218436873747495,0.30415775176276094,stable,0.002820814296992713,0.012424951558233189
LP,0.0218436873747495,2.8374349018270326,unstable,0.002820814296992713,0.012424951558233189
LP,0.0219438877755511,0.30085523539081294,stable,0.002820814296992713,0.012424951558233189
LP,0.0219438877755511,2.84073741819898,unstable,0.002820814296992713,0.012424951558233189
LP,0.022044088176352707,0.2976247981595517,stable,0.002820814296992713,0.012424951558233189
LP,0.022044088176352707,2.8439678554302414,unstable,0.002820814296992713,0.012424951558233189
LP,0.02214428857715431,0.29446406849828044,stable,0.002820814296992713,0.012424951558233189
LP,0.02214428857715431,2.8471285850915127,unstable,0.002820814296992713,0.012424951558233189
LP,0.02224448897795591,0.2913707793783731,stable,0.002820814296992713,0.012424951558233189
LP,0.02224448897795591,2.85022187421142,unstable,0.002820814296992713,0.012424951558233189
LP,0.022344689378757516,0.28834276252702784,stable,0.002820814296992713,0.012424951558233189
LP,0.022344689378757516,2.853249891062765,unstable,0.002820814296992713,0.012424951558233189
LP,0.022444889779559118,0.28537794302685615,stable,0.002820814296992713,0.012424951558233189
LP,0.022444889779559118,2.856214710562937,unstable,0.002820814296992713,0.012424951558233189
LP,0.02254509018036072,0.2824743342711966,stable,0.002820814296992713,0.012424951558233189
LP,0.02254509018036072,2.859118319318597,unstable,0.002820814296992713,0.012424951558233189
LP,0.022645290581162325,0.2796300332477335,stable,0.002820814296992713,0.012424951558233189
LP,0.022645290581162325,2.8619626203420596,unstable,0.002820814296992713,0.012424951558233189
LP,0.022745490981963927,0.27684321612541085,stable,0.002820814296992713,0.012424951558233189
LP,0.022745490981963927,2.8647494374643827,unstable,0.002820814296992713,0.012424951558233189
LP,0.022845691382765532,0.27411213412182533,stable,0.002820814296992713,0.012424951558233189
LP,0.022845691382765532,2.867480519467968,unstable,0.002820814296992713,0.012424951558233189
LP,0.022945891783567134,0.2714351096302483,stable,0.002820814296992713,0.012424951558233189
LP,0.022945891783567134,2.870157543959545,unstable,0.002820814296992713,0.012424951558233189
LP,0.023046092184368736,0.26881053258719056,stable,0.002820814296992713,0.012424951558233189
LP,0.023046092184368736,2.8727821210026026,unstable,0.002820814296992713,0.012424951558233189
LP,0.02314629258517034,0.2662368570630447,stable,0.002820814296992713,0.012424951558233189
LP,0.02314629258517034,2.8753557965267484,unstable,0.002820814296992713,0.012424951558233189
LP,0.023246492985971944,0.2637125980597803,stable,0.002820814296992713,0.012424951558233189
LP,0.023246492985971944,2.877880055530013,unstable,0.002820814296992713,0.012424951558233189
LP,0.023346693386773545,0.2612363285009911,stable,0.002820814296992713,0.012424951558233189
LP,0.023346693386773545,2.880356325088802,unstable,0.002820814296992713,0.012424951558233189
LP,0.02344689378757515,0.25880667640079036,stable,0.002820814296992713,0.012424951558233189
LP,0.02344689378757515,2.8827859771890028,unstable,0.002820814296992713,0.012424951558233189
LP,0.023547094188376753,0.2564223221991244,stable,0.002820814296992713,0.012424951558233189
LP,0.023547094188376753,2.8851703313906683,unstable,0.002820814296992713,0.012424951558233189
LP,0.023647294589178358,0.2540819962520784,stable,0.002820814296992713,0.012424951558233189
LP,0.023647294589178358,2.8875106573377147,unstable,0.002820814296992713,0.012424951558233189
LP,0.02374749498997996,0.2517844764666344,stable,0.002820814296992713,0.012424951558233189
LP,0.02374749498997996,2.889808177123159,unstable,0.002820814296992713,0.012424951558233189
LP,0.023847695390781562,0.24952858607016815,stable,0.002820814296992713,0.012424951558233189
LP,0.023847695390781562,2.892064067519625,unstable,0.002820814296992713,0.012424951558233189
LP,0.023947895791583167,0.24731319150571407,stable,0.002820814296992713,0.012424951558233189
LP,0.023947895791583167,2.8942794620840786,unstable,0.002820814296992713,0.012424951558233189
LP,0.02404809619238477,0.2451372004447161,stable,0.002820814296992713,0.012424951558233189
LP,0.02404809619238477,2.8964554531450766,unstable,0.002820814296992713,0.012424951558233189
LP,0.02414829659318637,0.24299955990960154,stable,0.002820814296992713,0.012424951558233189
LP,0.02414829659318637,2.8985930936801916,unstable,0.002820814296992713,0.012424951558233189
LP,0.024248496993987977,0.24089925449909,stable,0.002820814296992713,0.012424951558233189
LP,0.024248496993987977,2.900693399090703,unstable,0.002820814296992713,0.012424951558233189
LP,0.02434869739478958,0.2388353047096703,stable,0.002820814296992713,0.012424951558233189
LP,0.02434869739478958,2.9027573488801224,unstable,0.002820814296992713,0.012424951558233189
LP,0.024448897795591184,0.2368067653471595,stable,0.002820814296992713,0.012424951558233189
LP,0.024448897795591184,2.9047858882426336,unstable,0.002820814296992713,0.012424951558233189
LP,0.024549098196392786,0.23481272402270026,stable,0.002820814296992713,0.012424951558233189
LP,0.024549098196392786,2.906779929567093,unstable,0.002820814296992713,0.012424951558233189
LP,0.024649298597194388,0.23285229972795296,stable,0.002820814296992713,0.012424951558233189
LP,0.024649298597194388,2.90874035386184,unstable,0.002820814296992713,0.012424951558233189
LP,0.024749498997995993,0.2309246414846151,stable,0.002820814296992713,0.012424951558233189
LP,0.024749498997995993,2.9106680121051784,unstable,0.002820814296992713,0.012424951558233189
LP,0.024849699398797595,0.22902892706374312,stable,0.002820814296992713,0.012424951558233189
LP,0.024849699398797595,2.9125637265260504,unstable,0.002820814296992713,0.012424951558233189
LP,0.024949899799599197,0.22716436177066068,stable,0.002820814296992713,0.012424951558233189
LP,0.024949899799599197,2.9144282918191324,unstable,0.002820814296992713,0.012424951558233189
LP,0.025050100200400802,0.22533017729153437,stable,0.002820814296992713,0.012424951558233189
LP,0.025050100200400802,2.916262476298259,unstable,0.002820814296992713,0.012424951558233189
LP,0.025150300601202404,0.22352563059796982,stable,0.002820814296992713,0.012424951558233189
LP,0.025150300601202404,2.9180670229918233,unstable,0.002820814296992713,0.012424951558233189
LP,0.02525050100200401,0.22175000290620872,stable,0.002820814296992713,0.012424951558233189
LP,0.02525050100200401,2.9198426506835844,unstable,0.002820814296992713,0.012424951558233189
LP,0.02535070140280561,0.22000259868776562,stable,0.002820814296992713,0.012424951558233189
LP,0.02535070140280561,2.921590054902028,unstable,0.002820814296992713,0.012424951558233189
LP,0.025450901803607213,0.21828274472852538,stable,0.002820814296992713,0.012424951558233189
LP,0.025450901803607213,2.9233099088612677,unstable,0.002820814296992713,0.012424951558233189
LP,0.02555110220440882,0.21658978923354066,stable,0.002820814296992713,0.012424951558233189
LP,0.02555110220440882,2.9250028643562525,unstable,0.002820814296992713,0.012424951558233189
LP,0.02565130260521042,0.2149231009749326,stable,0.002820814296992713,0.012424951558233189
LP,0.02565130260521042,2.926669552614861,unstable,0.002820814296992713,0.012424951558233189
LP,0.025751503006012023,0.2132820684804777,stable,0.002820814296992713,0.012424951558233189
LP,0.025751503006012023,2.9283105851093154,unstable,0.002820814296992713,0.012424951558233189
LP,0.025851703406813628,0.21166609926061097,stable,0.002820814296992713,0.012424951558233189
LP,0.025851703406813628,2.9299265543291817,unstable,0.002820814296992713,0.012424951558233189
LP,0.02595190380761523,0.21007461907172953,stable,0.002820814296992713,0.012424951558233189
LP,0.02595190380761523,2.9315180345180636,unstable,0.002820814296992713,0.012424951558233189
LP,0.026052104208416832,0.2085070712137993,stable,0.002820814296992713,0.012424951558233189
LP,0.026052104208416832,2.933085582375994,unstable,0.002820814296992713,0.012424951558233189
LP,0.026152304609218437,0.2069629158604096,stable,0.002820814296992713,0.012424951558233189
LP,0.026152304609218437,2.9346297377293835,unstable,0.002820814296992713,0.012424951558233189
LP,0.02625250501002004,0.20544162941952226,stable,0.002820814296992713,0.012424951558233189
LP,0.02625250501002004,2.936151024170271,unstable,0.002820814296992713,0.012424951558233189
LP,0.026352705410821645,0.2039427039232775,stable,0.002820814296992713,0.012424951558233189
LP,0.026352705410821645,2.9376499496665156,unstable,0.002820814296992713,0.012424951558233189
LP,0.026452905811623247,0.20246564644531562,stable,0.002820814296992713,0.012424951558233189
LP,0.026452905811623247,2.939127007144478,unstable,0.002820814296992713,0.012424951558233189
LP,0.02655310621242485,0.2010099785441657,stable,0.002820814296992713,0.012424951558233189
LP,0.02655310621242485,2.9405826750456274,unstable,0.002820814296992713,0.012424951558233189
LP,0.026653306613226454,0.1995752357313445,stable,0.002820814296992713,0.012424951558233189
LP,0.026653306613226454,2.942017417858448,unstable,0.002820814296992713,0.012424951558233189
LP,0.026753507014028056,0.19816096696288454,stable,0.002820814296992713,0.012424951558233189
LP,0.026753507014028056,2.9434316866269086,unstable,0.002820814296992713,0.012424951558233189
LP,0.026853707414829658,0.19676673415308654,stable,0.002820814296992713,0.012424951558233189
LP,0.026853707414829658,2.944825919436706,unstable,0.002820814296992713,0.012424951558233189
LP,0.026953907815631263,0.19539211170936843,stable,0.002820814296992713,0.012424951558233189
LP,0.026953907815631263,2.9462005418804242,unstable,0.002820814296992713,0.012424951558233189
LP,0.027054108216432865,0.1940366860871361,stable,0.002820814296992713,0.012424951558233189
LP,0.027054108216432865,2.947555967502657,unstable,0.002820814296992713,0.012424951558233189
LP,0.02715430861723447,0.19270005536367885,stable,0.002820814296992713,0.012424951558233189
LP,0.02715430861723447,2.9488925982261147,unstable,0.002820814296992713,0.012424951558233189
LP,0.027254509018036072,0.1913818288301372,stable,0.002820814296992713,0.012424951558233189
LP,0.027254509018036072,2.9502108247596563,unstable,0.002820814296992713,0.012424951558233189
LP,0.027354709418837674,0.19008162660064887,stable,0.002820814296992713,0.012424951558233189
LP,0.027354709418837674,2.9515110269891442,unstable,0.002820814296992713,0.012424951558233189
LP,0.02745490981963928,0.18879907923783312,stable,0.002820814296992713,0.012424951558233189
LP,0.02745490981963928,2.9527935743519595,unstable,0.002820814296992713,0.012424951558233189
LP,0.02755511022044088,0.1875338273938154,stable,0.002820814296992713,0.012424951558233189
LP,0.02755511022044088,2.9540588261959773,unstable,0.002820814296992713,0.012424951558233189
LP,0.027655310621242483,0.1862855214660386,stable,0.002820814296992713,0.012424951558233189
LP,0.027655310621242483,2.955307132123755,unstable,0.002820814296992713,0.012424951558233189
LP,0.02775551102204409,0.18505382126715553,stable,0.002820814296992713,0.012424951558233189
LP,0.02775551102204409,2.9565388323226376,unstable,0.002820814296992713,0.012424951558233189
LP,0.02785571142284569,0.18383839570832716,stable,0.002820814296992713,0.012424951558233189
LP,0.02785571142284569,2.957754257881466,unstable,0.002820814296992713,0.012424951558233189
LP,0.027955911823647296,0.182638922495292,stable,0.002820814296992713,0.012424951558233189
LP,0.027955911823647296,2.9589537310945015,unstable,0.002820814296992713,0.012424951558233189
LP,0.028056112224448898,0.18145508783661324,stable,0.002820814296992713,0.012424951558233189
LP,0.028056112224448898,2.96013756575318,unstable,0.002820814296992713,0.012424951558233189
LP,0.0281563126252505,0.1802865861635219,stable,0.002820814296992713,0.012424951558233189
LP,0.0281563126252505,2.9613060674262712,unstable,0.002820814296992713,0.012424951558233189
LP,0.028256513026052105,0.1791331198608317,stable,0.002820814296992713,0.012424951558233189
LP,0.028256513026052105,2.9624595337289614,unstable,0.002820814296992713,0.012424951558233189
LP,0.028356713426853707,0.1779943990084094,stable,0.002820814296992713,0.012424951558233189
LP,0.028356713426853707,2.9635982545813837,unstable,0.002820814296992713,0.012424951558233189
LP,0.02845691382765531,0.17687014113271893,stable,0.002820814296992713,0.012424951558233189
LP,0.02845691382765531,2.964722512457074,unstable,0.002820814296992713,0.012424951558233189
LP,0.028557114228456915,0.17576007096797985,stable,0.002820814296992713,0.012424951558233189
LP,0.028557114228456915,2.965832582621813,unstable,0.002820814296992713,0.012424951558233189
LP,0.028657314629258517,0.17466392022651256,stable,0.002820814296992713,0.012424951558233189
LP,0.028657314629258517,2.9669287333632806,unstable,0.002820814296992713,0.012424951558233189
LP,0.028757515030060122,0.17358142737785132,stable,0.002820814296992713,0.012424951558233189
LP,0.028757515030060122,2.9680112262119422,unstable,0.002820814296992713,0.012424951558233189
LP,0.028857715430861724,0.1725123374362405,stable,0.002820814296992713,0.012424951558233189
LP,0.028857715430861724,2.969080316153553,unstable,0.002820814296992713,0.012424951558233189
LP,0.028957915831663326,0.1714564017561404,stable,0.002820814296992713,0.012424951558233189
LP,0.028957915831663326,2.9701362518336527,unstable,0.002820814296992713,0.012424951558233189
LP,0.02905811623246493,0.17041337783538957,stable,0.002820814296992713,0.012424951558233189
LP,0.02905811623246493,2.9711792757544035,unstable,0.002820814296992713,0.012424951558233189
LP,0.029158316633266533,0.16938302912569592,stable,0.002820814296992713,0.012424951558233189
LP,0.029158316633266533,2.9722096244640976,unstable,0.002820814296992713,0.012424951558233189
LP,0.029258517034068135,0.16836512485013078,stable,0.002820814296992713,0.012424951558233189
LP,0.029258517034068135,2.9732275287396623,unstable,0.002820814296992713,0.012424951558233189
LP,0.02935871743486974,0.16735943982732904,stable,0.002820814296992713,0.012424951558233189
LP,0.02935871743486974,2.9742332137624636,unstable,0.002820814296992713,0.012424951558233189
LP,0.029458917835671342,0.16636575430210732,stable,0.002820814296992713,0.012424951558233189
LP,0.029458917835671342,2.9752268992876854,unstable,0.002820814296992713,0.012424951558233189
LP,0.029559118236472944,0.16538385378222742,stable,0.002820814296992713,0.012424951558233189
LP,0.029559118236472944,2.9762087998075657,unstable,0.002820814296992713,0.012424951558233189
LP,0.02965931863727455,0.1644135288810431,stable,0.002820814296992713,0.012424951558233189
LP,0.02965931863727455,2.9771791247087496,unstable,0.002820814296992713,0.012424951558233189
LP,0.02975951903807615,0.1634545751657881,stable,0.002820814296992713,0.012424951558233189
LP,0.02975951903807615,2.9781380784240046,unstable,0.002820814296992713,0.012424951558233189
LP,0.029859719438877757,0.1625067930112638,stable,0.002820814296992713,0.012424951558233189
LP,0.029859719438877757,2.979085860578529,unstable,0.002820814296992713,0.012424951558233189
LP,0.02995991983967936,0.16156998745870643,stable,0.002820814296992713,0.012424951558233189
LP,0.02995991983967936,2.9800226661310862,unstable,0.002820814296992713,0.012424951558233189
LP,0.03006012024048096,0.160643968079619,stable,0.002820814296992713,0.012424951558233189
LP,0.03006012024048096,2.9809486855101746,unstable,0.002820814296992713,0.012424951558233189
LP,0.030160320641282566,0.15972854884436583,stable,0.002820814296992713,0.012424951558233189
LP,0.030160320641282566,2.9818641047454273,unstable,0.002820814296992713,0.012424951558233189
LP,0.030260521042084168,0.15882354799533172,stable,0.002820814296992713,0.012424951558233189
LP,0.030260521042084168,2.9827691055944614,unstable,0.002820814296992713,0.012424951558233189
LP,0.03036072144288577,0.15792878792446752,stable,0.002820814296992713,0.012424951558233189
LP,0.03036072144288577,2.983663865665326,unstable,0.002820814296992713,0.012424951558233189
LP,0.030460921843687375,0.1570440950550398,stable,0.002820814296992713,0.012424951558233189
LP,0.030460921843687375,2.984548558534753,unstable,0.002820814296992713,0.012424951558233189
LP,0.030561122244488977,0.156169299727416,stable,0.002820814296992713,0.012424951558233189
LP,0.030561122244488977,2.9854233538623767,unstable,0.002820814296992713,0.012424951558233189
LP,0.030661322645290583,0.15530423608873223,stable,0.002820814296992713,0.012424951558233189
LP,0.030661322645290583,2.9862884175010613,unstable,0.002820814296992713,0.012424951558233189
LP,0.030761523046092185,0.15444874198627945,stable,0.002820814296992713,0.012424951558233189
LP,0.030761523046092185,2.987143911603514,unstable,0.002820814296992713,0.012424951558233189
LP,0.030861723446893786,0.1536026588644721,stable,0.002820814296992713,0.012424951558233189
LP,0.030861723446893786,2.9879899947253215,unstable,0.002820814296992713,0.012424951558233189
LP,0.030961923847695392,0.15276583166524915,stable,0.002820814296992713,0.012424951558233189
LP,0.030961923847695392,2.988826821924544,unstable,0.002820814296992713,0.012424951558233189
LP,0.031062124248496994,0.15193810873178437,stable,0.002820814296992713,0.012424951558233189
LP,0.031062124248496994,2.989654544858009,unstable,0.002820814296992713,0.012424951558233189
LP,0.031162324649298596,0.15111934171536845,stable,0.002820814296992713,0.012424951558233189
LP,0.031162324649298596,2.9904733118744247,unstable,0.002820814296992713,0.012424951558233189
LP,0.0312625250501002,0.15030938548534944,stable,0.002820814296992713,0.012424951558233189
LP,0.0312625250501002,2.9912832681044437,unstable,0.002820814296992713,0.012424951558233189
LP,0.0313627254509018,0.14950809804200738,stable,0.002820814296992713,0.012424951558233189
LP,0.0313627254509018,2.9920845555477857,unstable,0.002820814296992713,0.012424951558233189
LP,0.031462925851703405,0.14871534043225765,stable,0.002820814296992713,0.012424951558233189
LP,0.031462925851703405,2.9928773131575355,unstable,0.002820814296992713,0.012424951558233189
LP,0.03156312625250501,0.14793097666807098,stable,0.002820814296992713,0.012424951558233189
LP,0.03156312625250501,2.9936616769217217,unstable,0.002820814296992713,0.012424951558233189
LP,0.031663326653306616,0.147154873647513,stable,0.002820814296992713,0.012424951558233189
LP,0.031663326653306616,2.99443777994228,unstable,0.002820814296992713,0.012424951558233189
LP,0.03176352705410822,0.14638690107830232,stable,0.002820814296992713,0.012424951558233189
LP,0.03176352705410822,2.995205752511491,unstable,0.002820814296992713,0.012424951558233189
LP,0.03186372745490982,0.14562693140379235,stable,0.002820814296992713,0.012424951558233189
LP,0.03186372745490982,2.9959657221860008,unstable,0.002820814296992713,0.012424951558233189
LP,0.03196392785571142,0.14487483973129178,stable,0.002820814296992713,0.012424951558233189
LP,0.03196392785571142,2.996717813858501,unstable,0.002820814296992713,0.012424951558233189
LP,0.03206412825651302,0.1441305037626348,stable,0.002820814296992713,0.012424951558233189
LP,0.03206412825651302,2.9974621498271583,unstable,0.002820814296992713,0.012424951558233189
LP,0.03216432865731463,0.14339380372691712,stable,0.002820814296992713,0.012424951558233189
LP,0.03216432865731463,2.9981988498628755,unstable,0.002820814296992713,0.012424951558233189
LP,0.032264529058116234,0.14266462231532273,stable,0.002820814296992713,0.012424951558233189
LP,0.032264529058116234,2.9989280312744704,unstable,0.002820814296992713,0.012424951558233189
LP,0.032364729458917836,0.1419428446179647,stable,0.002820814296992713,0.012424951558233189
LP,0.032364729458917836,2.999649808971828,unstable,0.002820814296992713,0.012424951558233189
LP,0.03246492985971944,0.1412283580626661,stable,0.002820814296992713,0.012424951558233189
LP,0.03246492985971944,3.0003642955271275,unstable,0.002820814296992713,0.012424951558233189
LP,0.03256513026052104,0.14052105235561063,stable,0.002820814296992713,0.012424951558233189
LP,0.03256513026052104,3.001071601234182,unstable,0.002820814296992713,0.012424951558233189
LP,0.03266533066132264,0.13982081942380242,stable,0.002820814296992713,0.012424951558233189
LP,0.03266533066132264,3.001771834165991,unstable,0.002820814296992713,0.012424951558233189
LP,0.03276553106212425,0.13912755335926308,stable,0.002820814296992713,0.012424951558233189
LP,0.03276553106212425,3.0024651002305305,unstable,0.002820814296992713,0.012424951558233189
LP,0.03286573146292585,0.13844115036491011,stable,0.002820814296992713,0.012424951558233189
LP,0.03286573146292585,3.003151503224883,unstable,0.002820814296992713,0.012424951558233189
LP,0.032965931863727455,0.13776150870205583,stable,0.002820814296992713,0.012424951558233189
LP,0.032965931863727455,3.0038311448877373,unstable,0.002820814296992713,0.012424951558233189
LP,0.033066132264529056,0.1370885286394694,stable,0.002820814296992713,0.012424951558233189
LP,0.033066132264529056,3.0045041249503237,unstable,0.002820814296992713,0.012424951558233189
LP,0.03316633266533066,0.13642211240395152,stable,0.002820814296992713,0.012424951558233189
LP,0.03316633266533066,3.0051705411858416,unstable,0.002820814296992713,0.012424951558233189
LP,0.03326653306613227,0.13576216413236297,stable,0.002820814296992713,0.012424951558233189
LP,0.03326653306613227,3.0058304894574306,unstable,0.002820814296992713,0.012424951558233189
LP,0.03336673346693387,0.13510858982506635,stable,0.002820814296992713,0.012424951558233189
LP,0.03336673346693387,3.006484063764727,unstable,0.002820814296992713,0.012424951558233189
LP,0.03346693386773547,0.13446129730072043,stable,0.002820814296992713,0.012424951558233189
LP,0.03346693386773547,3.0071313562890722,unstable,0.002820814296992713,0.012424951558233189
LP,0.03356713426853707,0.13382019615239438,stable,0.002820814296992713,0.012424951558233189
LP,0.03356713426853707,3.007772457437399,unstable,0.002820814296992713,0.012424951558233189
LP,0.033667334669338675,0.1331851977049472,stable,0.002820814296992713,0.012424951558233189
LP,0.033667334669338675,3.0084074558848464,unstable,0.002820814296992713,0.012424951558233189
LP,0.033767535070140284,0.132556214973635,stable,0.002820814296992713,0.012424951558233189
LP,0.033767535070140284,3.0090364386161585,unstable,0.002820814296992713,0.012424951558233189
LP,0.033867735470941886,0.13193316262390242,stable,0.002820814296992713,0.012424951558233189
LP,0.033867735470941886,3.009659490965891,unstable,0.002820814296992713,0.012424951558233189
LP,0.03396793587174349,0.13131595693232034,stable,0.002820814296992713,0.012424951558233189
LP,0.03396793587174349,3.0102766966574723,unstable,0.002820814296992713,0.012424951558233189
LP,0.03406813627254509,0.13070451574863062,stable,0.002820814296992713,0.012424951558233189
LP,0.03406813627254509,3.010888137841162,unstable,0.002820814296992713,0.012424951558233189
LP,0.03416833667334669,0.1300987584588631,stable,0.002820814296992713,0.012424951558233189
LP,0.03416833667334669,3.01149389513093,unstable,0.002820814296992713,0.012424951558233189
LP,0.03426853707414829,0.12949860594948692,stable,0.002820814296992713,0.012424951558233189
LP,0.03426853707414829,3.012094047640306,unstable,0.002820814296992713,0.012424951558233189
LP,0.0343687374749499,0.12890398057256425,stable,0.002820814296992713,0.012424951558233189
LP,0.0343687374749499,3.0126886730172284,unstable,0.002820814296992713,0.012424951558233189
LP,0.034468937875751504,0.12831480611187462,stable,0.002820814296992713,0.012424951558233189
LP,0.034468937875751504,3.0132778474779185,unstable,0.002820814296992713,0.012424951558233189
LP,0.034569138276553106,0.1277310077499747,stable,0.002820814296992713,0.012424951558233189
LP,0.034569138276553106,3.0138616458398184,unstable,0.002820814296992713,0.012424951558233189
LP,0.03466933867735471,0.12715251203616873,stable,0.002820814296992713,0.012424951558233189
LP,0.03466933867735471,3.0144401415536244,unstable,0.002820814296992713,0.012424951558233189
LP,0.03476953907815631,0.12657924685535527,stable,0.002820814296992713,0.012424951558233189
LP,0.03476953907815631,3.015013406734438,unstable,0.002820814296992713,0.012424951558233189
LP,0.03486973947895792,0.12601114139772474,stable,0.002820814296992713,0.012424951558233189
LP,0.03486973947895792,3.0155815121920684,unstable,0.002820814296992713,0.012424951558233189
LP,0.03496993987975952,0.12544812612928258,stable,0.002820814296992713,0.012424951558233189
LP,0.03496993987975952,3.0161445274605105,unstable,0.002820814296992713,0.012424951558233189
LP,0.03507014028056112,0.12489013276316685,stable,0.002820814296992713,0.012424951558233189
LP,0.03507014028056112,3.0167025208266267,unstable,0.002820814296992713,0.012424951558233189
LP,0.035170340681362725,0.12433709423173944,stable,0.002820814296992713,0.012424951558233189
LP,0.035170340681362725,3.0172555593580537,unstable,0.002820814296992713,0.012424951558233189
LP,0.035270541082164326,0.12378894465942558,stable,0.002820814296992713,0.012424951558233189
LP,0.035270541082164326,3.0178037089303675,unstable,0.002820814296992713,0.012424951558233189
LP,0.03537074148296593,0.12324561933627898,stable,0.002820814296992713,0.012424951558233189
LP,0.03537074148296593,3.018347034253514,unstable,0.002820814296992713,0.012424951558233189
LP,0.03547094188376754,0.12270705469224596,stable,0.002820814296992713,0.012424951558233189
LP,0.03547094188376754,3.0188855988975476,unstable,0.002820814296992713,0.012424951558233189
LP,0.03557114228456914,0.12217318827211487,stable,0.002820814296992713,0.012424951558233189
LP,0.03557114228456914,3.0194194653176787,unstable,0.002820814296992713,0.012424951558233189
LP,0.03567134268537074,0.1216439587111191,stable,0.002820814296992713,0.012424951558233189
LP,0.03567134268537074,3.019948694878674,unstable,0.002820814296992713,0.012424951558233189
LP,0.03577154308617234,0.12111930571118545,stable,0.002820814296992713,0.012424951558233189
LP,0.03577154308617234,3.0204733478786077,unstable,0.002820814296992713,0.012424951558233189
LP,0.035871743486973945,0.12059917001779885,stable,0.002820814296992713,0.012424951558233189
LP,0.035871743486973945,3.020993483571994,unstable,0.002820814296992713,0.012424951558233189
LP,0.035971943887775554,0.12008349339746704,stable,0.002820814296992713,0.012424951558233189
LP,0.035971943887775554,3.021509160192326,unstable,0.002820814296992713,0.012424951558233189
LP,0.036072144288577156,0.11957221861577239,stable,0.002820814296992713,0.012424951558233189
LP,0.036072144288577156,3.0220204349740207,unstable,0.002820814296992713,0.012424951558233189
LP,0.03617234468937876,0.11906528941598449,stable,0.002820814296992713,0.012424951558233189
LP,0.03617234468937876,3.0225273641738086,unstable,0.002820814296992713,0.012424951558233189
LP,0.03627254509018036,0.11856265049822312,stable,0.002820814296992713,0.012424951558233189
LP,0.03627254509018036,3.02303000309157,unstable,0.002820814296992713,0.012424951558233189
LP,0.03637274549098196,0.11806424749915356,stable,0.002820814296992713,0.012424951558233189
LP,0.03637274549098196,3.023528406090639,unstable,0.002820814296992713,0.012424951558233189
LP,0.03647294589178357,0.1175700269721962,stable,0.002820814296992713,0.012424951558233189
LP,0.03647294589178357,3.0240226266175974,unstable,0.002820814296992713,0.012424951558233189
LP,0.03657314629258517,0.11707993636823932,stable,0.002820814296992713,0.012424951558233189
LP,0.03657314629258517,3.024512717221554,unstable,0.002820814296992713,0.012424951558233189
LP,0.036673346693386774,0.11659392401683544,stable,0.002820814296992713,0.012424951558233189
LP,0.036673346693386774,3.0249987295729577,unstable,0.002820814296992713,0.012424951558233189
LP,0.036773547094188376,0.11611193910787243,stable,0.002820814296992713,0.012424951558233189
LP,0.036773547094188376,3.0254807144819207,unstable,0.002820814296992713,0.012424951558233189
LP,0.03687374749498998,0.11563393167369984,stable,0.002820814296992713,0.012424951558233189
LP,0.03687374749498998,3.0259587219160933,unstable,0.002820814296992713,0.012424951558233189
LP,0.03697394789579158,0.11515985257170014,stable,0.002820814296992713,0.012424951558233189
LP,0.03697394789579158,3.0264328010180925,unstable,0.002820814296992713,0.012424951558233189
LP,0.03707414829659319,0.1146896534672952,stable,0.002820814296992713,0.012424951558233189
LP,0.03707414829659319,3.0269030001224984,unstable,0.002820814296992713,0.012424951558233189
LP,0.03717434869739479,0.11422328681736804,stable,0.002820814296992713,0.012424951558233189
LP,0.03717434869739479,3.027369366772425,unstable,0.002820814296992713,0.012424951558233189
LP,0.03727454909819639,0.11376070585409304,stable,0.002820814296992713,0.012424951558233189
LP,0.03727454909819639,3.0278319477357005,unstable,0.002820814296992713,0.012424951558233189
LP,0.037374749498997994,0.11330186456916325,stable,0.002820814296992713,0.012424951558233189
LP,0.037374749498997994,3.0282907890206303,unstable,0.002820814296992713,0.012424951558233189
LP,0.037474949899799596,0.11284671769840093,stable,0.002820814296992713,0.012424951558233189
LP,0.037474949899799596,3.0287459358913917,unstable,0.002820814296992713,0.012424951558233189
LP,0.037575150300601205,0.11239522070674113,stable,0.002820814296992713,0.012424951558233189
LP,0.037575150300601205,3.029197432883052,unstable,0.002820814296992713,0.012424951558233189
LP,0.03767535070140281,0.11194732977358024,stable,0.002820814296992713,0.012424951558233189
LP,0.03767535070140281,3.0296453238162133,unstable,0.002820814296992713,0.012424951558233189
LP,0.03777555110220441,0.11150300177847328,stable,0.002820814296992713,0.012424951558233189
LP,0.03777555110220441,3.03008965181132,unstable,0.002820814296992713,0.012424951558233189
LP,0.03787575150300601,0.11106219428717878,stable,0.002820814296992713,0.012424951558233189
LP,0.03787575150300601,3.0305304593026143,unstable,0.002820814296992713,0.012424951558233189
LP,0.03797595190380761,0.1106248655380333,stable,0.002820814296992713,0.012424951558233189
LP,0.03797595190380761,3.0309677880517594,unstable,0.002820814296992713,0.012424951558233189
LP,0.03807615230460922,0.11019097442865222,stable,0.002820814296992713,0.012424951558233189
LP,0.03807615230460922,3.0314016791611404,unstable,0.002820814296992713,0.012424951558233189
LP,0.038176352705410824,0.10976048050294329,stable,0.002820814296992713,0.012424951558233189
LP,0.038176352705410824,3.0318321730868494,unstable,0.002820814296992713,0.012424951558233189
LP,0.038276553106212426,0.10933334393842964,stable,0.002820814296992713,0.012424951558233189
LP,0.038276553106212426,3.032259309651364,unstable,0.002820814296992713,0.012424951558233189
LP,0.03837675350701403,0.10890952553386679,stable,0.002820814296992713,0.012424951558233189
LP,0.03837675350701403,3.0326831280559263,unstable,0.002820814296992713,0.012424951558233189
LP,0.03847695390781563,0.10848898669715279,stable,0.002820814296992713,0.012424951558233189
LP,0.03847695390781563,3.0331036668926403,unstable,0.002820814296992713,0.012424951558233189
LP,0.03857715430861723,0.10807168943351941,stable,0.002820814296992713,0.012424951558233189
LP,0.03857715430861723,3.033520964156274,unstable,0.002820814296992713,0.012424951558233189
LP,0.03867735470941884,0.10765759633399519,stable,0.002820814296992713,0.012424951558233189
LP,0.03867735470941884,3.033935057255798,unstable,0.002820814296992713,0.012424951558233189
LP,0.03877755511022044,0.10724667056413884,stable,0.002820814296992713,0.012424951558233189
LP,0.03877755511022044,3.034345983025654,unstable,0.002820814296992713,0.012424951558233189
LP,0.038877755511022044,0.10683887585302942,stable,0.002820814296992713,0.012424951558233189
LP,0.038877755511022044,3.034753777736764,unstable,0.002820814296992713,0.012424951558233189
LP,0.038977955911823646,0.10643417648251141,stable,0.002820814296992713,0.012424951558233189
LP,0.038977955911823646,3.0351584771072817,unstable,0.002820814296992713,0.012424951558233189
LP,0.03907815631262525,0.10603253727668394,stable,0.002820814296992713,0.012424951558233189
LP,0.03907815631262525,3.0355601163131087,unstable,0.002820814296992713,0.012424951558233189
LP,0.03917835671342686,0.10563392359162993,stable,0.002820814296992713,0.012424951558233189
LP,0.03917835671342686,3.035958729998163,unstable,0.002820814296992713,0.012424951558233189
LP,0.03927855711422846,0.10523830130537792,stable,0.002820814296992713,0.012424951558233189
LP,0.03927855711422846,3.036354352284415,unstable,0.002820814296992713,0.012424951558233189
LP,0.03937875751503006,0.10484563680809211,stable,0.002820814296992713,0.012424951558233189
LP,0.03937875751503006,3.0367470167817014,unstable,0.002820814296992713,0.012424951558233189
LP,0.03947895791583166,0.10445589699248226,stable,0.002820814296992713,0.012424951558233189
LP,0.03947895791583166,3.0371367565973113,unstable,0.002820814296992713,0.012424951558233189
LP,0.039579158316633264,0.10406904924442717,stable,0.002820814296992713,0.012424951558233189
LP,0.039579158316633264,3.037523604345366,unstable,0.002820814296992713,0.012424951558233189
LP,0.039679358717434866,0.1036850614338114,stable,0.002820814296992713,0.012424951558233189
LP,0.039679358717434866,3.0379075921559817,unstable,0.002820814296992713,0.012424951558233189
LP,0.039779559118236475,0.10330390190556171,stable,0.002820814296992713,0.012424951558233189
LP,0.039779559118236475,3.038288751684231,unstable,0.002820814296992713,0.012424951558233189
LP,0.03987975951903808,0.10292553947088567,stable,0.002820814296992713,0.012424951558233189
LP,0.03987975951903808,3.0386671141189074,unstable,0.002820814296992713,0.012424951558233189
LP,0.03997995991983968,0.10254994339870249,stable,0.002820814296992713,0.012424951558233189
LP,0.03997995991983968,3.03904271019109,unstable,0.002820814296992713,0.012424951558233189
LP,0.04008016032064128,0.10217708340726128,stable,0.002820814296992713,0.012424951558233189
LP,0.04008016032064128,3.0394155701825323,unstable,0.002820814296992713,0.012424951558233189
LP,0.04018036072144288,0.1018069296559454,stable,0.002820814296992713,0.012424951558233189
LP,0.04018036072144288,3.039785723933848,unstable,0.002820814296992713,0.012424951558233189
LP,0.04028056112224449,0.10143945273725485,stable,0.002820814296992713,0.012424951558233189
LP,0.04028056112224449,3.0401532008525383,unstable,0.002820814296992713,0.012424951558233189
LP,0.040380761523046094,0.10107462366896236,stable,0.002820814296992713,0.012424951558233189
LP,0.040380761523046094,3.0405180299208308,unstable,0.002820814296992713,0.012424951558233189
LP,0.040480961923847696,0.10071241388644081,stable,0.002820814296992713,0.012424951558233189
LP,0.040480961923847696,3.040880239703352,unstable,0.002820814296992713,0.012424951558233189
LP,0.0405811623246493,0.10035279523515594,stable,0.002820814296992713,0.012424951558233189
LP,0.0405811623246493,3.041239858354637,unstable,0.002820814296992713,0.012424951558233189
LP,0.0406813627254509,0.09999573996332156,stable,0.002820814296992713,0.012424951558233189
LP,0.0406813627254509,3.0415969136264716,unstable,0.002820814296992713,0.012424951558233189
LP,0.04078156312625251,0.09964122071470971,stable,0.002820814296992713,0.012424951558233189
LP,0.04078156312625251,3.0419514328750834,unstable,0.002820814296992713,0.012424951558233189
LP,0.04088176352705411,0.09928921052161899,stable,0.002820814296992713,0.012424951558233189
LP,0.04088176352705411,3.0423034430681746,unstable,0.002820814296992713,0.012424951558233189
LP,0.04098196392785571,0.0989396827979867,stable,0.002820814296992713,0.012424951558233189
LP,0.04098196392785571,3.0426529707918064,unstable,0.002820814296992713,0.012424951558233189
LP,0.041082164328657314,0.09859261133265473,stable,0.002820814296992713,0.012424951558233189
LP,0.041082164328657314,3.0430000422571384,unstable,0.002820814296992713,0.012424951558233189
LP,0.041182364729458916,0.09824797028276855,stable,0.002820814296992713,0.012424951558233189
LP,0.041182364729458916,3.0433446833070246,unstable,0.002820814296992713,0.012424951558233189
LP,0.04128256513026052,0.09790573416732595,stable,0.002820814296992713,0.012424951558233189
LP,0.04128256513026052,3.043686919422467,unstable,0.002820814296992713,0.012424951558233189
LP,0.04138276553106213,0.09756587786085014,stable,0.002820814296992713,0.012424951558233189
LP,0.04138276553106213,3.044026775728943,unstable,0.002820814296992713,0.012424951558233189
LP,0.04148296593186373,0.09722837658720573,stable,0.002820814296992713,0.012424951558233189
LP,0.04148296593186373,3.044364277002588,unstable,0.002820814296992713,0.012424951558233189
LP,0.04158316633266533,0.09689320591353523,stable,0.002820814296992713,0.012424951558233189
LP,0.04158316633266533,3.0446994476762583,unstable,0.002820814296992713,0.012424951558233189
LP,0.04168336673346693,0.09656034174432637,stable,0.002820814296992713,0.012424951558233189
LP,0.04168336673346693,3.0450323118454667,unstable,0.002820814296992713,0.012424951558233189
LP,0.041783567134268534,0.09622976031560038,stable,0.002820814296992713,0.012424951558233189
LP,0.041783567134268534,3.045362893274193,unstable,0.002820814296992713,0.012424951558233189
LP,0.04188376753507014,0.09590143818922137,stable,0.002820814296992713,0.012424951558233189
LP,0.04188376753507014,3.0456912154005717,unstable,0.002820814296992713,0.012424951558233189
LP,0.041983967935871745,0.09557535224732128,stable,0.002820814296992713,0.012424951558233189
LP,0.041983967935871745,3.046017301342472,unstable,0.002820814296992713,0.012424951558233189
LP,0.04208416833667335,0.09525147968684111,stable,0.002820814296992713,0.012424951558233189
LP,0.04208416833667335,3.0463411739029524,unstable,0.002820814296992713,0.012424951558233189
LP,0.04218436873747495,0.09492979801418056,stable,0.002820814296992713,0.012424951558233189
LP,0.04218436873747495,3.0466628555756126,unstable,0.002820814296992713,0.012424951558233189
LP,0.04228456913827655,0.09461028503995816,stable,0.002820814296992713,0.012424951558233189
LP,0.04228456913827655,3.046982368549835,unstable,0.002820814296992713,0.012424951558233189
LP,0.04238476953907815,0.09429291887388036,stable,0.002820814296992713,0.012424951558233189
LP,0.04238476953907815,3.0472997347159128,unstable,0.002820814296992713,0.012424951558233189
LP,0.04248496993987976,0.0939776779197099,stable,0.002820814296992713,0.012424951558233189
LP,0.04248496993987976,3.0476149756700828,unstable,0.002820814296992713,0.012424951558233189
LP,0.042585170340681364,0.09366454087033649,stable,0.002820814296992713,0.012424951558233189
LP,0.042585170340681364,3.0479281127194566,unstable,0.002820814296992713,0.012424951558233189
LP,0.042685370741482966,0.09335348670294907,stable,0.002820814296992713,0.012424951558233189
LP,0.042685370741482966,3.0482391668868445,unstable,0.002820814296992713,0.012424951558233189
LP,0.04278557114228457,0.0930444946743032,stable,0.002820814296992713,0.012424951558233189
LP,0.04278557114228457,3.04854815891549,unstable,0.002820814296992713,0.012424951558233189
LP,0.04288577154308617,0.09273754431608072,stable,0.002820814296992713,0.012424951558233189
LP,0.04288577154308617,3.0488551092737124,unstable,0.002820814296992713,0.012424951558233189
LP,0.04298597194388778,0.09243261543034409,stable,0.002820814296992713,0.012424951558233189
LP,0.04298597194388778,3.0491600381594495,unstable,0.002820814296992713,0.012424951558233189
LP,0.04308617234468938,0.09212968808508215,stable,0.002820814296992713,0.012424951558233189
LP,0.04308617234468938,3.049462965504711,unstable,0.002820814296992713,0.012424951558233189
LP,0.04318637274549098,0.09182874260983809,stable,0.002820814296992713,0.012424951558233189
LP,0.04318637274549098,3.049763910979955,unstable,0.002820814296992713,0.012424951558233189
LP,0.043286573146292584,0.09152975959143106,stable,0.002820814296992713,0.012424951558233189
LP,0.043286573146292584,3.050062893998362,unstable,0.002820814296992713,0.012424951558233189
LP,0.043386773547094186,0.09123271986975512,stable,0.002820814296992713,0.012424951558233189
LP,0.043386773547094186,3.0503599337200384,unstable,0.002820814296992713,0.012424951558233189
LP,0.043486973947895795,0.09093760453366295,stable,0.002820814296992713,0.012424951558233189
LP,0.043486973947895795,3.0506550490561306,unstable,0.002820814296992713,0.012424951558233189
LP,0.0435871743486974,0.09064439491693177,stable,0.002820814296992713,0.012424951558233189
LP,0.0435871743486974,3.050948258672861,unstable,0.002820814296992713,0.012424951558233189
LP,0.043687374749499,0.09035307259430381,stable,0.002820814296992713,0.012424951558233189
LP,0.043687374749499,3.051239580995489,unstable,0.002820814296992713,0.012424951558233189
LP,0.0437875751503006,0.09006361937760587,stable,0.002820814296992713,0.012424951558233189
LP,0.0437875751503006,3.0515290342121872,unstable,0.002820814296992713,0.012424951558233189
LP,0.0438877755511022,0.08977601731194307,stable,0.002820814296992713,0.012424951558233189
LP,0.0438877755511022,3.0518166362778505,unstable,0.002820814296992713,0.012424951558233189
LP,0.043987975951903804,0.08949024867196531,stable,0.002820814296992713,0.012424951558233189
LP,0.043987975951903804,3.052102404917828,unstable,0.002820814296992713,0.012424951558233189
LP,0.04408817635270541,0.08920629595820628,stable,0.002820814296992713,0.012424951558233189
LP,0.04408817635270541,3.052386357631587,unstable,0.002820814296992713,0.012424951558233189
LP,0.044188376753507015,0.08892414189349163,stable,0.002820814296992713,0.012424951558233189
LP,0.044188376753507015,3.052668511696302,unstable,0.002820814296992713,0.012424951558233189
LP,0.04428857715430862,0.08864376941941554,stable,0.002820814296992713,0.012424951558233189
LP,0.04428857715430862,3.0529488841703776,unstable,0.002820814296992713,0.012424951558233189
LP,0.04438877755511022,0.08836516169288622,stable,0.002820814296992713,0.012424951558233189
LP,0.04438877755511022,3.053227491896907,unstable,0.002820814296992713,0.012424951558233189
LP,0.04448897795591182,0.08808830208273166,stable,0.002820814296992713,0.012424951558233189
LP,0.04448897795591182,3.053504351507062,unstable,0.002820814296992713,0.012424951558233189
LP,0.04458917835671343,0.08781317416637613,stable,0.002820814296992713,0.012424951558233189
LP,0.04458917835671343,3.053779479423417,unstable,0.002820814296992713,0.012424951558233189
LP,0.04468937875751503,0.08753976172657385,stable,0.002820814296992713,0.012424951558233189
LP,0.04468937875751503,3.0540528918632193,unstable,0.002820814296992713,0.012424951558233189
LP,0.044789579158316634,0.0872680487482067,stable,0.002820814296992713,0.012424951558233189
LP,0.044789579158316634,3.054324604841586,unstable,0.002820814296992713,0.012424951558233189
LP,0.044889779559118236,0.08699801941514007,stable,0.002820814296992713,0.012424951558233189
LP,0.044889779559118236,3.054594634174653,unstable,0.002820814296992713,0.012424951558233189
LP,0.04498997995991984,0.0867296581071395,stable,0.002820814296992713,0.012424951558233189
LP,0.04498997995991984,3.0548629954826536,unstable,0.002820814296992713,0.012424951558233189
LP,0.04509018036072144,0.08646294939684163,stable,0.002820814296992713,0.012424951558233189
LP,0.04509018036072144,3.055129704192952,unstable,0.002820814296992713,0.012424951558233189
LP,0.04519038076152305,0.08619787804678314,stable,0.002820814296992713,0.012424951558233189
LP,0.04519038076152305,3.05539477554301,unstable,0.002820814296992713,0.012424951558233189
LP,0.04529058116232465,0.08593442900648585,stable,0.002820814296992713,0.012424951558233189
LP,0.04529058116232465,3.0556582245833077,unstable,0.002820814296992713,0.012424951558233189
LP,0.04539078156312625,0.08567258740959183,stable,0.002820814296992713,0.012424951558233189
LP,0.04539078156312625,3.0559200661802013,unstable,0.002820814296992713,0.012424951558233189
LP,0.045490981963927854,0.08541233857105235,stable,0.002820814296992713,0.012424951558233189
LP,0.045490981963927854,3.056180315018741,unstable,0.002820814296992713,0.012424951558233189
LP,0.045591182364729456,0.0851536679843723,stable,0.002820814296992713,0.012424951558233189
LP,0.045591182364729456,3.0564389856054213,unstable,0.002820814296992713,0.012424951558233189
LP,0.045691382765531065,0.08489656131889767,stable,0.002820814296992713,0.012424951558233189
LP,0.045691382765531065,3.0566960922708954,unstable,0.002820814296992713,0.012424951558233189
LP,0.04579158316633267,0.08464100441715772,stable,0.002820814296992713,0.012424951558233189
LP,0.04579158316633267,3.0569516491726354,unstable,0.002820814296992713,0.012424951558233189
LP,0.04589178356713427,0.08438698329225369,stable,0.002820814296992713,0.012424951558233189
LP,0.04589178356713427,3.05720567029754,unstable,0.002820814296992713,0.012424951558233189
LP,0.04599198396793587,0.08413448412529423,stable,0.002820814296992713,0.012424951558233189
LP,0.04599198396793587,3.057458169464499,unstable,0.002820814296992713,0.012424951558233189
LP,0.04609218436873747,0.0838834932628778,stable,0.002820814296992713,0.012424951558233189
LP,0.04609218436873747,3.0577091603269153,unstable,0.002820814296992713,0.012424951558233189
LP,0.04619238476953908,0.08363399721461917,stable,0.002820814296992713,0.012424951558233189
LP,0.04619238476953908,3.057958656375174,unstable,0.002820814296992713,0.012424951558233189
LP,0.04629258517034068,0.08338598265072106,stable,0.002820814296992713,0.012424951558233189
LP,0.04629258517034068,3.0582066709390716,unstable,0.002820814296992713,0.012424951558233189
LP,0.046392785571142285,0.08313943639959032,stable,0.002820814296992713,0.012424951558233189
LP,0.046392785571142285,3.058453217190203,unstable,0.002820814296992713,0.012424951558233189
LP,0.04649298597194389,0.08289434544549268,stable,0.002820814296992713,0.012424951558233189
LP,0.04649298597194389,3.058698308144301,unstable,0.002820814296992713,0.012424951558233189
LP,0.04659318637274549,0.08265069692625326,stable,0.002820814296992713,0.012424951558233189
LP,0.04659318637274549,3.0589419566635403,unstable,0.002820814296992713,0.012424951558233189
LP,0.04669338677354709,0.08240847813099572,stable,0.002820814296992713,0.012424951558233189
LP,0.04669338677354709,3.059184175458798,unstable,0.002820814296992713,0.012424951558233189
LP,0.0467935871743487,0.08216767649792134,stable,0.002820814296992713,0.012424951558233189
LP,0.0467935871743487,3.059424977091872,unstable,0.002820814296992713,0.012424951558233189
LP,0.0468937875751503,0.08192827961212723,stable,0.002820814296992713,0.012424951558233189
LP,0.0468937875751503,3.0596643739776663,unstable,0.002820814296992713,0.012424951558233189
LP,0.046993987975951904,0.08169027520346406,stable,0.002820814296992713,0.012424951558233189
LP,0.046993987975951904,3.0599023783863295,unstable,0.002820814296992713,0.012424951558233189
LP,0.047094188376753505,0.08145365114442837,stable,0.002820814296992713,0.012424951558233189
LP,0.047094188376753505,3.0601390024453643,unstable,0.002820814296992713,0.012424951558233189
LP,0.04719438877755511,0.08121839544809539,stable,0.002820814296992713,0.012424951558233189
LP,0.04719438877755511,3.0603742581416977,unstable,0.002820814296992713,0.012424951558233189
LP,0.047294589178356716,0.08098449626608328,stable,0.002820814296992713,0.012424951558233189
LP,0.047294589178356716,3.06060815732371,unstable,0.002820814296992713,0.012424951558233189
LP,0.04739478957915832,0.08075194188655743,stable,0.002820814296992713,0.012424951558233189
LP,0.04739478957915832,3.0608407117032357,unstable,0.002820814296992713,0.012424951558233189
LP,0.04749498997995992,0.08052072073226668,stable,0.002820814296992713,0.012424951558233189
LP,0.04749498997995992,3.0610719328575264,unstable,0.002820814296992713,0.012424951558233189
LP,0.04759519038076152,0.0802908213586111,stable,0.002820814296992713,0.012424951558233189
LP,0.04759519038076152,3.061301832231182,unstable,0.002820814296992713,0.012424951558233189
LP,0.047695390781563124,0.08006223245174926,stable,0.002820814296992713,0.012424951558233189
LP,0.047695390781563124,3.061530421138044,unstable,0.002820814296992713,0.012424951558233189
LP,0.04779559118236473,0.07983494282673043,stable,0.002820814296992713,0.012424951558233189
LP,0.04779559118236473,3.0617577107630627,unstable,0.002820814296992713,0.012424951558233189
LP,0.047895791583166335,0.07960894142566577,stable,0.002820814296992713,0.012424951558233189
LP,0.047895791583166335,3.0619837121641273,unstable,0.002820814296992713,0.012424951558233189
LP,0.04799599198396794,0.07938421731592449,stable,0.002820814296992713,0.012424951558233189
LP,0.04799599198396794,3.0622084362738686,unstable,0.002820814296992713,0.012424951558233189
LP,0.04809619238476954,0.079160759688365,stable,0.002820814296992713,0.012424951558233189
LP,0.04809619238476954,3.0624318939014277,unstable,0.002820814296992713,0.012424951558233189
LP,0.04819639278557114,0.07893855785559323,stable,0.002820814296992713,0.012424951558233189
LP,0.04819639278557114,3.0626540957341994,unstable,0.002820814296992713,0.012424951558233189
LP,0.04829659318637274,0.07871760125025329,stable,0.002820814296992713,0.012424951558233189
LP,0.04829659318637274,3.06287505233954,unstable,0.002820814296992713,0.012424951558233189
LP,0.04839679358717435,0.07849787942334352,stable,0.002820814296992713,0.012424951558233189
LP,0.04839679358717435,3.0630947741664496,unstable,0.002820814296992713,0.012424951558233189
LP,0.04849699398797595,0.07827938204256313,stable,0.002820814296992713,0.012424951558233189
LP,0.04849699398797595,3.06331327154723,unstable,0.002820814296992713,0.012424951558233189
LP,0.048597194388777555,0.07806209889068594,stable,0.002820814296992713,0.012424951558233189
LP,0.048597194388777555,3.063530554699107,unstable,0.002820814296992713,0.012424951558233189
LP,0.04869739478957916,0.07784601986396034,stable,0.002820814296992713,0.012424951558233189
LP,0.04869739478957916,3.063746633725833,unstable,0.002820814296992713,0.012424951558233189
LP,0.04879759519038076,0.07763113497053808,stable,0.002820814296992713,0.012424951558233189
LP,0.04879759519038076,3.063961518619255,unstable,0.002820814296992713,0.012424951558233189
LP,0.04889779559118237,0.07741743432892667,stable,0.002820814296992713,0.012424951558233189
LP,0.04889779559118237,3.064175219260866,unstable,0.002820814296992713,0.012424951558233189
LP,0.04899799599198397,0.07720490816646874,stable,0.002820814296992713,0.012424951558233189
LP,0.04899799599198397,3.064387745423325,unstable,0.002820814296992713,0.012424951558233189
LP,0.04909819639278557,0.07699354681784731,stable,0.002820814296992713,0.012424951558233189
LP,0.04909819639278557,3.0645991067719454,unstable,0.002820814296992713,0.012424951558233189
LP,0.049198396793587174,0.0767833407236127,stable,0.002820814296992713,0.012424951558233189
LP,0.049198396793587174,3.0648093128661804,unstable,0.002820814296992713,0.012424951558233189
LP,0.049298597194388775,0.0765742804287366,stable,0.002820814296992713,0.012424951558233189
LP,0.049298597194388775,3.065018373161056,unstable,0.002820814296992713,0.012424951558233189
LP,0.04939879759519038,0.07636635658118962,stable,0.002820814296992713,0.012424951558233189
LP,0.04939879759519038,3.0652262970086035,unstable,0.002820814296992713,0.012424951558233189
LP,0.049498997995991986,0.07615955993053936,stable,0.002820814296992713,0.012424951558233189
LP,0.049498997995991986,3.0654330936592533,unstable,0.002820814296992713,0.012424951558233189
LP,0.04959919839679359,0.07595388132657455,stable,0.002820814296992713,0.012424951558233189
LP,0.04959919839679359,3.0656387722632186,unstable,0.002820814296992713,0.012424951558233189
LP,0.04969939879759519,0.07574931171795063,stable,0.002820814296992713,0.012424951558233189
LP,0.04969939879759519,3.065843341871842,unstable,0.002820814296992713,0.012424951558233189
LP,0.04979959919839679,0.07554584215085391,stable,0.002820814296992713,0.012424951558233189
LP,0.04979959919839679,3.066046811438939,unstable,0.002820814296992713,0.012424951558233189
LP,0.049899799599198394,0.07534346376769374,stable,0.002820814296992713,0.012424951558233189
LP,0.049899799599198394,3.0662491898220994,unstable,0.002820814296992713,0.012424951558233189
LP,0.05,0.07514216780581018,stable,0.002820814296992713,0.012424951558233189
LP,0.05,3.0664504857839834,unstable,0.002820814296992713,0.012424951558233189
LD,0.0,-0.12100120280231597,unstable,0.0014997680654257328,0.012424951558233189
LD,0.0,-3.020591450787477,stable,0.0014997680654257328,0.012424951558233189
LD,0.0001002004008016032,-0.12198983323940338,unstable,0.0014997680654257328,0.012424951558233189
LD,0.0001002004008016032,-3.0196028203503893,stable,0.0014997680654257328,0.012424951558233189
LD,0.0002004008016032064,-0.12299479340767183,unstable,0.0014997680654257328,0.012424951558233189
LD,0.0002004008016032064,-3.018597860182121,stable,0.0014997680654257328,0.012424951558233189
LD,0.0003006012024048096,-0.12401649233081047,unstable,0.0014997680654257328,0.012424951558233189
LD,0.0003006012024048096,-3.017576161258983,stable,0.0014997680654257328,0.012424951558233189
LD,0.0004008016032064128,-0.12505535284438718,unstable,0.0014997680654257328,0.012424951558233189
LD,0.0004008016032064128,-3.016537300745406,stable,0.0014997680654257328,0.012424951558233189
LD,0.000501002004008016,-0.126111812185409,unstable,0.0014997680654257328,0.012424951558233189
LD,0.000501002004008016,-3.0154808414043845,stable,0.0014997680654257328,0.012424951558233189
LD,0.0006012024048096192,-0.1271863226124217,unstable,0.0014997680654257328,0.012424951558233189
LD,0.0006012024048096192,-3.014406330977371,stable,0.0014997680654257328,0.012424951558233189
LD,0.0007014028056112224,-0.12827935205802277,unstable,0.0014997680654257328,0.012424951558233189
LD,0.0007014028056112224,-3.0133133015317703,stable,0.0014997680654257328,0.012424951558233189
LD,0.0008016032064128256,-0.12939138481578105,unstable,0.0014997680654257328,0.012424951558233189
LD,0.0008016032064128256,-3.012201268774012,stable,0.0014997680654257328,0.012424951558233189
LD,0.0009018036072144289,-0.13052292226370765,unstable,0.0014997680654257328,0.012424951558233189
LD,0.0009018036072144289,-3.011069731326085,stable,0.0014997680654257328,0.012424951558233189
LD,0.001002004008016032,-0.1316744836265773,unstable,0.0014997680654257328,0.012424951558233189
LD,0.001002004008016032,-3.009918169963216,stable,0.0014997680654257328,0.012424951558233189
LD,0.0011022044088176352,-0.13284660677955573,unstable,0.0014997680654257328,0.012424951558233189
LD,0.0011022044088176352,-3.008746046810238,stable,0.0014997680654257328,0.012424951558233189
LD,0.0012024048096192384,-0.13403984909578437,unstable,0.0014997680654257328,0.012424951558233189
LD,0.0012024048096192384,-3.0075528044940087,stable,0.0014997680654257328,0.012424951558233189
LD,0.0013026052104208416,-0.13525478834075777,unstable,0.0014997680654257328,0.012424951558233189
LD,0.0013026052104208416,-3.0063378652490353,stable,0.0014997680654257328,0.012424951558233189
LD,0.0014028056112224449,-0.13649202361654567,unstable,0.0014997680654257328,0.012424951558233189
LD,0.0014028056112224449,-3.0051006299732475,stable,0.0014997680654257328,0.012424951558233189
LD,0.001503006012024048,-0.1377521763591436,unstable,0.0014997680654257328,0.012424951558233189
LD,0.001503006012024048,-3.00384047723065,stable,0.0014997680654257328,0.012424951558233189
LD,0.0016032064128256513,-0.13903589139248007,unstable,0.0014997680654257328,0.012424951558233189
LD,0.0016032064128256513,-3.0025567621973135,stable,0.0014997680654257328,0.012424951558233189
LD,0.0017034068136272545,-0.14034383804289075,unstable,0.0014997680654257328,0.012424951558233189
LD,0.0017034068136272545,-3.0012488155469024,stable,0.0014997680654257328,0.012424951558233189
LD,0.0018036072144288577,-0.14167671131815363,unstable,0.0014997680654257328,0.012424951558233189
LD,0.0018036072144288577,-2.99991594227164,stable,0.0014997680654257328,0.012424951558233189
LD,0.001903807615230461,-0.14303523315550892,unstable,0.0014997680654257328,0.012424951558233189
LD,0.001903807615230461,-2.9985574204342846,stable,0.0014997680654257328,0.012424951558233189
LD,0.002004008016032064,-0.1444201537434373,unstable,0.0014997680654257328,0.012424951558233189
LD,0.002004008016032064,-2.9971724998463554,stable,0.0014997680654257328,0.012424951558233189
LD,0.002104208416833667,-0.14583225292235102,unstable,0.0014997680654257328,0.012424951558233189
LD,0.002104208416833667,-2.995760400667442,stable,0.0014997680654257328,0.012424951558233189
LD,0.0022044088176352704,-0.14727234166976633,unstable,0.0014997680654257328,0.012424951558233189
LD,0.0022044088176352704,-2.994320311920027,stable,0.0014997680654257328,0.012424951558233189
LD,0.0023046092184368736,-0.1487412636759946,unstable,0.0014997680654257328,0.012424951558233189
LD,0.0023046092184368736,-2.992851389913799,stable,0.0014997680654257328,0.012424951558233189
LD,0.002404809619238477,-0.15023989701686702,unstable,0.0014997680654257328,0.012424951558233189
LD,0.002404809619238477,-2.991352756572926,stable,0.0014997680654257328,0.012424951558233189
LD,0.00250501002004008,-0.1517691559305785,unstable,0.0014997680654257328,0.012424951558233189
LD,0.00250501002004008,-2.9898234976592146,stable,0.0014997680654257328,0.012424951558233189
LD,0.0026052104208416833,-0.1533299927063112,unstable,0.0014997680654257328,0.012424951558233189
LD,0.0026052104208416833,-2.988262660883482,stable,0.0014997680654257328,0.012424951558233189
LD,0.0027054108216432865,-0.1549233996929682,unstable,0.0014997680654257328,0.012424951558233189
LD,0.0027054108216432865,-2.9866692538968245,stable,0.0014997680654257328,0.012424951558233189
LD,0.0028056112224448897,-0.1565504114370615,unstable,0.0014997680654257328,0.012424951558233189
LD,0.0028056112224448897,-2.9850422421527316,stable,0.0014997680654257328,0.012424951558233189
LD,0.002905811623246493,-0.1582121069595921,unstable,0.0014997680654257328,0.012424951558233189
LD,0.002905811623246493,-2.983380546630201,stable,0.0014997680654257328,0.012424951558233189
LD,0.003006012024048096,-0.159909612182624,unstable,0.0014997680654257328,0.012424951558233189
LD,0.003006012024048096,-2.9816830414071696,stable,0.0014997680654257328,0.012424951558233189
LD,0.0031062124248496994,-0.16164410251721417,unstable,0.0014997680654257328,0.012424951558233189
LD,0.0031062124248496994,-2.979948551072579,stable,0.0014997680654257328,0.012424951558233189
LD,0.0032064128256513026,-0.1634168056254195,unstable,0.0014997680654257328,0.012424951558233189
LD,0.0032064128256513026,-2.9781758479643736,stable,0.0014997680654257328,0.012424951558233189
LD,0.003306613226452906,-0.16522900437025756,unstable,0.0014997680654257328,0.012424951558233189
LD,0.003306613226452906,-2.976363649219536,stable,0.0014997680654257328,0.012424951558233189
LD,0.003406813627254509,-0.16708203996878934,unstable,0.0014997680654257328,0.012424951558233189
LD,0.003406813627254509,-2.9745106136210033,stable,0.0014997680654257328,0.012424951558233189
LD,0.0035070140280561123,-0.1689773153649119,unstable,0.0014997680654257328,0.012424951558233189
LD,0.0035070140280561123,-2.972615338224881,stable,0.0014997680654257328,0.012424951558233189
LD,0.0036072144288577155,-0.17091629884002568,unstable,0.0014997680654257328,0.012424951558233189
LD,0.0036072144288577155,-2.9706763547497674,stable,0.0014997680654257328,0.012424951558233189
LD,0.0037074148296593187,-0.1729005278814828,unstable,0.0014997680654257328,0.012424951558233189
LD,0.0037074148296593187,-2.9686921257083103,stable,0.0014997680654257328,0.012424951558233189
LD,0.003807615230460922,-0.17493161333066665,unstable,0.0014997680654257328,0.012424951558233189
LD,0.003807615230460922,-2.966661040259126,stable,0.0014997680654257328,0.012424951558233189
LD,0.003907815631262525,-0.17701124383469846,unstable,0.0014997680654257328,0.012424951558233189
LD,0.003907815631262525,-2.9645814097550947,stable,0.0014997680654257328,0.012424951558233189
LD,0.004008016032064128,-0.1791411906281697,unstable,0.0014997680654257328,0.012424951558233189
LD,0.004008016032064128,-2.9624514629616234,stable,0.0014997680654257328,0.012424951558233189
LD,0.004108216432865732,-0.18132331267396884,unstable,0.0014997680654257328,0.012424951558233189
LD,0.004108216432865732,-2.960269340915824,stable,0.0014997680654257328,0.012424951558233189
LD,0.004208416833667334,-0.18355956219524838,unstable,0.0014997680654257328,0.012424951558233189
LD,0.004208416833667334,-2.9580330913945447,stable,0.0014997680654257328,0.012424951558233189
LD,0.004308617234468938,-0.1858519906339131,unstable,0.0014997680654257328,0.012424951558233189
LD,0.004308617234468938,-2.95574066295588,stable,0.0014997680654257328,0.012424951558233189
LD,0.004408817635270541,-0.18820275507473738,unstable,0.0014997680654257328,0.012424951558233189
LD,0.004408817635270541,-2.9533898985150557,stable,0.0014997680654257328,0.012424951558233189
LD,0.0045090180360721445,-0.1906141251783975,unstable,0.0014997680654257328,0.012424951558233189
LD,0.0045090180360721445,-2.9509785284113956,stable,0.0014997680654257328,0.012424951558233189
LD,0.004609218436873747,-0.1930884906713919,unstable,0.0014997680654257328,0.012424951558233189
LD,0.004609218436873747,-2.9485041629184012,stable,0.0014997680654257328,0.012424951558233189
LD,0.004709418837675351,-0.19562836944611428,unstable,0.0014997680654257328,0.012424951558233189
LD,0.004709418837675351,-2.9459642841436793,stable,0.0014997680654257328,0.012424951558233189
LD,0.004809619238476954,-0.19823641633025701,unstable,0.0014997680654257328,0.012424951558233189
LD,0.004809619238476954,-2.943356237259536,stable,0.0014997680654257328,0.012424951558233189
LD,0.004909819639278557,-0.20091543259145528,unstable,0.0014997680654257328,0.012424951558233189
LD,0.004909819639278557,-2.940677220998338,stable,0.0014997680654257328,0.012424951558233189
LD,0.00501002004008016,-0.2036683762506315,unstable,0.0014997680654257328,0.012424951558233189
LD,0.00501002004008016,-2.937924277339162,stable,0.0014997680654257328,0.012424951558233189
LD,0.005110220440881764,-0.20649837328609966,unstable,0.0014997680654257328,0.012424951558233189
LD,0.005110220440881764,-2.9350942803036935,stable,0.0014997680654257328,0.012424951558233189
LD,0.0052104208416833666,-0.20940872982019165,unstable,0.0014997680654257328,0.012424951558233189
LD,0.0052104208416833666,-2.9321839237696015,stable,0.0014997680654257328,0.012424951558233189
LD,0.00531062124248497,-0.21240294539124793,unstable,0.0014997680654257328,0.012424951558233189
LD,0.00531062124248497,-2.929189708198545,stable,0.0014997680654257328,0.012424951558233189
LD,0.005410821643286573,-0.2154847274263827,unstable,0.0014997680654257328,0.012424951558233189
LD,0.005410821643286573,-2.926107926163411,stable,0.0014997680654257328,0.012424951558233189
LD,0.005511022044088177,-0.21865800704481364,unstable,0.0014997680654257328,0.012424951558233189
LD,0.005511022044088177,-2.922934646544979,stable,0.0014997680654257328,0.012424951558233189
LD,0.0056112224448897794,-0.22192695633796422,unstable,0.0014997680654257328,0.012424951558233189
LD,0.0056112224448897794,-2.919665697251829,stable,0.0014997680654257328,0.012424951558233189
LD,0.005711422845691383,-0.22529600729136323,unstable,0.0014997680654257328,0.012424951558233189
LD,0.005711422845691383,-2.91629664629843,stable,0.0014997680654257328,0.012424951558233189
LD,0.005811623246492986,-0.22876987253499959,unstable,0.0014997680654257328,0.012424951558233189
LD,0.005811623246492986,-2.9128227810547935,stable,0.0014997680654257328,0.012424951558233189
LD,0.0059118236472945895,-0.2323535681336586,unstable,0.0014997680654257328,0.012424951558233189
LD,0.0059118236472945895,-2.909239085456134,stable,0.0014997680654257328,0.012424951558233189
LD,0.006012024048096192,-0.23605243865750625,unstable,0.0014997680654257328,0.012424951558233189
LD,0.006012024048096192,-2.9055402149322873,stable,0.0014997680654257328,0.012424951558233189
LD,0.006112224448897796,-0.2398721848063996,unstable,0.0014997680654257328,0.012424951558233189
LD,0.006112224448897796,-2.9017204687833935,stable,0.0014997680654257328,0.012424951558233189
LD,0.006212424849699399,-0.24381889389995948,unstable,0.0014997680654257328,0.012424951558233189
LD,0.006212424849699399,-2.8977737596898336,stable,0.0014997680654257328,0.012424951558233189
LD,0.006312625250501002,-0.2478990735902662,unstable,0.0014997680654257328,0.012424951558233189
LD,0.006312625250501002,-2.8936935799995265,stable,0.0014997680654257328,0.012424951558233189
LD,0.006412825651302605,-0.25211968920634176,unstable,0.0014997680654257328,0.012424951558233189
LD,0.006412825651302605,-2.889472964383451,stable,0.0014997680654257328,0.012424951558233189
LD,0.006513026052104208,-0.25648820520075066,unstable,0.0014997680654257328,0.012424951558233189
LD,0.006513026052104208,-2.8851044483890425,stable,0.0014997680654257328,0.012424951558233189
LD,0.006613226452905812,-0.26101263124045504,unstable,0.0014997680654257328,0.012424951558233189
LD,0.006613226452905812,-2.8805800223493385,stable,0.0014997680654257328,0.012424951558233189
LD,0.006713426853707414,-0.26570157356856283,unstable,0.0014997680654257328,0.012424951558233189
LD,0.006713426853707414,-2.87589108002123,stable,0.0014997680654257328,0.012424951558233189
LD,0.006813627254509018,-0.2705642923634408,unstable,0.0014997680654257328,0.012424951558233189
LD,0.006813627254509018,-2.8710283612263527,stable,0.0014997680654257328,0.012424951558233189
LD,0.006913827655310621,-0.2756107659399829,unstable,0.0014997680654257328,0.012424951558233189
LD,0.006913827655310621,-2.86598188764981,stable,0.0014997680654257328,0.012424951558233189
LD,0.0070140280561122245,-0.28085176277858803,unstable,0.0014997680654257328,0.012424951558233189
LD,0.0070140280561122245,-2.860740890811205,stable,0.0014997680654257328,0.012424951558233189
LD,0.007114228456913827,-0.2862989225354924,unstable,0.0014997680654257328,0.012424951558233189
LD,0.007114228456913827,-2.855293731054301,stable,0.0014997680654257328,0.012424951558233189
LD,0.007214428857715431,-0.2919648473896417,unstable,0.0014997680654257328,0.012424951558233189
LD,0.007214428857715431,-2.849627806200152,stable,0.0014997680654257328,0.012424951558233189
LD,0.007314629258517034,-0.29786320532395916,unstable,0.0014997680654257328,0.012424951558233189
LD,0.007314629258517034,-2.843729448265834,stable,0.0014997680654257328,0.012424951558233189
LD,0.007414829659318637,-0.3040088472323421,unstable,0.0014997680654257328,0.012424951558233189
LD,0.007414829659318637,-2.8375838063574506,stable,0.0014997680654257328,0.012424951558233189
LD,0.00751503006012024,-0.31041794010029244,unstable,0.0014997680654257328,0.012424951558233189
LD,0.00751503006012024,-2.831174713489501,stable,0.0014997680654257328,0.012424951558233189
LD,0.007615230460921844,-0.3171081189425138,unstable,0.0014997680654257328,0.012424951558233189
LD,0.007615230460921844,-2.8244845346472793,stable,0.0014997680654257328,0.012424951558233189
LD,0.007715430861723447,-0.32409866071518767,unstable,0.0014997680654257328,0.012424951558233189
LD,0.007715430861723447,-2.8174939928746054,stable,0.0014997680654257328,0.012424951558233189
LD,0.00781563126252505,-0.33141068408019647,unstable,0.0014997680654257328,0.012424951558233189
LD,0.00781563126252505,-2.810181969509596,stable,0.0014997680654257328,0.012424951558233189
LD,0.007915831663326654,-0.33906737971728385,unstable,0.0014997680654257328,0.012424951558233189
LD,0.007915831663326654,-2.8025252738725097,stable,0.0014997680654257328,0.012424951558233189
LD,0.008016032064128256,-0.3470942769027676,unstable,0.0014997680654257328,0.012424951558233189
LD,0.008016032064128256,-2.7944983766870255,stable,0.0014997680654257328,0.012424951558233189
LD,0.00811623246492986,-0.35551955335921015,unstable,0.0014997680654257328,0.012424951558233189
LD,0.00811623246492986,-2.786073100230583,stable,0.0014997680654257328,0.012424951558233189
LD,0.008216432865731463,-0.36437439700843033,unstable,0.0014997680654257328,0.012424951558233189
LD,0.008216432865731463,-2.777218256581363,stable,0.0014997680654257328,0.012424951558233189
LD,0.008316633266533067,-0.3736934303370729,unstable,0.0014997680654257328,0.012424951558233189
LD,0.008316633266533067,-2.76789922325272,stable,0.0014997680654257328,0.012424951558233189
LD,0.008416833667334669,-0.38351521075473016,unstable,0.0014997680654257328,0.012424951558233189
LD,0.008416833667334669,-2.758077442835063,stable,0.0014997680654257328,0.012424951558233189
LD,0.008517034068136272,-0.393882823788934,unstable,0.0014997680654257328,0.012424951558233189
LD,0.008517034068136272,-2.7477098298008595,stable,0.0014997680654257328,0.012424951558233189
LD,0.008617234468937876,-0.4048445904970164,unstable,0.0014997680654257328,0.012424951558233189
LD,0.008617234468937876,-2.7367480630927767,stable,0.0014997680654257328,0.012424951558233189
LD,0.00871743486973948,-0.4164549164730258,unstable,0.0014997680654257328,0.012424951558233189
LD,0.00871743486973948,-2.7251377371167678,stable,0.0014997680654257328,0.012424951558233189
LD,0.008817635270541082,-0.4287753178469962,unstable,0.0014997680654257328,0.012424951558233189
LD,0.008817635270541082,-2.7128173357427965,stable,0.0014997680654257328,0.012424951558233189
LD,0.008917835671342685,-0.44187567052224264,unstable,0.0014997680654257328,0.012424951558233189
LD,0.008917835671342685,-2.6997169830675505,stable,0.0014997680654257328,0.012424951558233189
LD,0.009018036072144289,-0.4558357437629441,unstable,0.0014997680654257328,0.012424951558233189
LD,0.009018036072144289,-2.685756909826849,stable,0.0014997680654257328,0.012424951558233189
LD,0.009118236472945893,-0.47074709990736885,unstable,0.0014997680654257328,0.012424951558233189
LD,0.009118236472945893,-2.6708455536824243,stable,0.0014997680654257328,0.012424951558233189
LD,0.009218436873747494,-0.4867154711520998,unstable,0.0014997680654257328,0.012424951558233189
LD,0.009218436873747494,-2.6548771824376933,stable,0.0014997680654257328,0.012424951558233189
LD,0.009318637274549098,-0.5038637662459156,unstable,0.0014997680654257328,0.012424951558233189
LD,0.009318637274549098,-2.6377288873438776,stable,0.0014997680654257328,0.012424951558233189
LD,0.009418837675350702,-0.522335921258791,unstable,0.0014997680654257328,0.012424951558233189
LD,0.009418837675350702,-2.619256732331002,stable,0.0014997680654257328,0.012424951558233189
LD,0.009519038076152305,-0.5423019003039995,unstable,0.0014997680654257328,0.012424951558233189
LD,0.009519038076152305,-2.5992907532857936,stable,0.0014997680654257328,0.012424951558233189
LD,0.009619238476953907,-0.5639642925774679,unstable,0.0014997680654257328,0.012424951558233189
LD,0.009619238476953907,-2.5776283610123247,stable,0.0014997680654257328,0.012424951558233189
LD,0.009719438877755511,-0.5875671732090382,unstable,0.0014997680654257328,0.012424951558233189
LD,0.009719438877755511,-2.554025480380755,stable,0.0014997680654257328,0.012424951558233189
LD,0.009819639278557115,-0.6134082544643467,unstable,0.0014997680654257328,0.012424951558233189
LD,0.009819639278557115,-2.528184399125447,stable,0.0014997680654257328,0.012424951558233189
LD,0.009919839679358717,-0.6418559580451784,unstable,0.0014997680654257328,0.012424951558233189
LD,0.009919839679358717,-2.4997366955446143,stable,0.0014997680654257328,0.012424951558233189
LD,0.01002004008016032,-0.6733740993016948,unstable,0.0014997680654257328,0.012424951558233189
LD,0.01002004008016032,-2.4682185542880983,stable,0.0014997680654257328,0.012424951558233189
LD,0.010120240480961924,-0.7085588278289094,unstable,0.0014997680654257328,0.012424951558233189
LD,0.010120240480961924,-2.4330338257608837,stable,0.0014997680654257328,0.012424951558233189
LD,0.010220440881763528,-0.7481962882783124,unstable,0.0014997680654257328,0.012424951558233189
LD,0.010220440881763528,-2.3933963653114807,stable,0.0014997680654257328,0.012424951558233189
LD,0.01032064128256513,-0.79335749074643,unstable,0.0014997680654257328,0.012424951558233189
LD,0.01032064128256513,-2.3482351628433626,stable,0.0014997680654257328,0.012424951558233189
LD,0.010420841683366733,-0.845565342362208,unstable,0.0014997680654257328,0.012424951558233189
LD,0.010420841683366733,-2.2960273112275846,stable,0.0014997680654257328,0.012424951558233189
LD,0.010521042084168337,-0.9071165655090612,unstable,0.0014997680654257328,0.012424951558233189
LD,0.010521042084168337,-2.234476088080732,stable,0.0014997680654257328,0.012424951558233189
LD,0.01062124248496994,-0.9817864061693262,unstable,0.0014997680654257328,0.012424951558233189
LD,0.01062124248496994,-2.159806247420467,stable,0.0014997680654257328,0.012424951558233189
LD,0.010721442885771542,-1.0767038100311863,unstable,0.0014997680654257328,0.012424951558233189
LD,0.010721442885771542,-2.064888843558607,stable,0.0014997680654257328,0.012424951558233189
LD,0.010821643286573146,-1.2094477370790973,unstable,0.0014997680654257328,0.012424951558233189
LD,0.010821643286573146,-1.9321449165106959,stable,0.0014997680654257328,0.012424951558233189
LD,0.01092184368737475,-1.5041216446465895,unstable,0.0014997680654257328,0.012424951558233189
LD,0.01092184368737475,-1.6374710089432032,stable,0.0014997680654257328,0.012424951558233189
LD,0.013927855711422845,1.506183460372661,stable,0.0014997680654257328,0.012424951558233189
LD,0.013927855711422845,1.6354091932171322,unstable,0.0014997680654257328,0.012424951558233189
LD,0.014028056112224449,1.2097841196836985,stable,0.0014997680654257328,0.012424951558233189
LD,0.014028056112224449,1.9318085339060946,unstable,0.0014997680654257328,0.012424951558233189
LD,0.014128256513026053,1.0769258923085605,stable,0.0014997680654257328,0.012424951558233189
LD,0.014128256513026053,2.0646667612812326,unstable,0.0014997680654257328,0.012424951558233189
LD,0.014228456913827655,0.9819554930925376,stable,0.0014997680654257328,0.012424951558233189
LD,0.014228456913827655,2.1596371604972555,unstable,0.0014997680654257328,0.012424951558233189
LD,0.014328657314629258,0.907253417178624,stable,0.0014997680654257328,0.012424951558233189
LD,0.014328657314629258,2.234339236411169,unstable,0.0014997680654257328,0.012424951558233189
LD,0.014428857715430862,0.8456800431897897,stable,0.0014997680654257328,0.012424951558233189
LD,0.014428857715430862,2.295912610400004,unstable,0.0014997680654257328,0.012424951558233189
LD,0.014529058116232466,0.7934558683751418,stable,0.0014997680654257328,0.012424951558233189
LD,0.014529058116232466,2.348136785214651,unstable,0.0014997680654257328,0.012424951558233189
LD,0.014629258517034067,0.74828207714399,stable,0.0014997680654257328,0.012424951558233189
LD,0.014629258517034067,2.3933105764458027,unstable,0.0014997680654257328,0.012424951558233189
LD,0.014729458917835671,0.708634591084722,stable,0.0014997680654257328,0.012424951558233189
LD,0.014729458917835671,2.4329580625050706,unstable,0.0014997680654257328,0.012424951558233189
LD,0.014829659318637275,0.6734416843777651,stable,0.0014997680654257328,0.012424951558233189
LD,0.014829659318637275,2.4681509692120276,unstable,0.0014997680654257328,0.012424951558233189
LD,0.014929859719438878,0.6419167461778592,stable,0.0014997680654257328,0.012424951558233189
LD,0.014929859719438878,2.499675907411934,unstable,0.0014997680654257328,0.012424951558233189
LD,0.01503006012024048,0.6134633081629657,stable,0.0014997680654257328,0.012424951558233189
LD,0.01503006012024048,2.5281293454268274,unstable,0.0014997680654257328,0.012424951558233189
LD,0.015130260521042084,0.587617328646135,stable,0.0014997680654257328,0.012424951558233189
LD,0.015130260521042084,2.553975324943658,unstable,0.0014997680654257328,0.012424951558233189
LD,0.015230460921843688,0.564010220213599,stable,0.0014997680654257328,0.012424951558233189
LD,0.015230460921843688,2.577582433376194,unstable,0.0014997680654257328,0.012424951558233189
LD,0.015330661322645291,0.5423441461902931,stable,0.0014997680654257328,0.012424951558233189
LD,0.015330661322645291,2.5992485073994995,unstable,0.0014997680654257328,0.012424951558233189
LD,0.015430861723446893,0.5223749360630312,stable,0.0014997680654257328,0.012424951558233189
LD,0.015430861723446893,2.6192177175267624,unstable,0.0014997680654257328,0.012424951558233189
LD,0.015531062124248497,0.5038999261905417,stable,0.0014997680654257328,0.012424951558233189
LD,0.015531062124248497,2.6376927273992514,unstable,0.0014997680654257328,0.012424951558233189
LD,0.0156312625250501,0.4867490934575529,stable,0.0014997680654257328,0.012424951558233189
LD,0.0156312625250501,2.6548435601322407,unstable,0.0014997680654257328,0.012424951558233189
LD,0.015731462925851702,0.4707784544032716,stable,0.0014997680654257328,0.012424951558233189
LD,0.015731462925851702,2.6708141991865215,unstable,0.0014997680654257328,0.012424951558233189
LD,0.015831663326653308,0.4558650617651283,stable,0.0014997680654257328,0.012424951558233189
LD,0.015831663326653308,2.685727591824665,unstable,0.0014997680654257328,0.012424951558233189
LD,0.01593186372745491,0.44190315171987526,stable,0.0014997680654257328,0.012424951558233189
LD,0.01593186372745491,2.6996895018699174,unstable,0.0014997680654257328,0.012424951558233189
LD,0.01603206412825651,0.4288011357158812,stable,0.0014997680654257328,0.012424951558233189
LD,0.01603206412825651,2.712791517873912,unstable,0.0014997680654257328,0.012424951558233189
LD,0.016132264529058117,0.4164792225802141,stable,0.0014997680654257328,0.012424951558233189
LD,0.016132264529058117,2.7251134310095786,unstable,0.0014997680654257328,0.012424951558233189
LD,0.01623246492985972,0.4048675179597252,stable,0.0014997680654257328,0.012424951558233189
LD,0.01623246492985972,2.736725135630068,unstable,0.0014997680654257328,0.012424951558233189
LD,0.01633266533066132,0.39390449008027373,stable,0.0014997680654257328,0.012424951558233189
LD,0.01633266533066132,2.747688163509519,unstable,0.0014997680654257328,0.012424951558233189
LD,0.016432865731462926,0.383535719999188,stable,0.0014997680654257328,0.012424951558233189
LD,0.016432865731462926,2.7580569335906056,unstable,0.0014997680654257328,0.012424951558233189
LD,0.016533066132264528,0.37371287520331364,stable,0.0014997680654257328,0.012424951558233189
LD,0.016533066132264528,2.7678797783864795,unstable,0.0014997680654257328,0.012424951558233189
LD,0.016633266533066134,0.3643928602812889,stable,0.0014997680654257328,0.012424951558233189
LD,0.016633266533066134,2.7771997933085046,unstable,0.0014997680654257328,0.012424951558233189
LD,0.016733466933867736,0.35553710925391524,stable,0.0014997680654257328,0.012424951558233189
LD,0.016733466933867736,2.786055544335878,unstable,0.0014997680654257328,0.012424951558233189
LD,0.016833667334669337,0.3471109921703919,stable,0.0014997680654257328,0.012424951558233189
LD,0.016833667334669337,2.7944816614194012,unstable,0.0014997680654257328,0.012424951558233189
LD,0.016933867735470943,0.33908331457987106,stable,0.0014997680654257328,0.012424951558233189
LD,0.016933867735470943,2.802509339009922,unstable,0.0014997680654257328,0.012424951558233189
LD,0.017034068136272545,0.33142589302598635,stable,0.0014997680654257328,0.012424951558233189
LD,0.017034068136272545,2.8101667605638063,unstable,0.0014997680654257328,0.012424951558233189
LD,0.017134268537074147,0.32411319317819753,stable,0.0014997680654257328,0.012424951558233189
LD,0.017134268537074147,2.8174794604115956,unstable,0.0014997680654257328,0.012424951558233189
LD,0.017234468937875752,0.31712201988597366,stable,0.0014997680654257328,0.012424951558233189
LD,0.017234468937875752,2.82447063370382,unstable,0.0014997680654257328,0.012424951558233189
LD,0.017334669338677354,0.31043125051970044,stable,0.0014997680654257328,0.012424951558233189
LD,0.017334669338677354,2.8311614030700927,unstable,0.0014997680654257328,0.012424951558233189
LD,0.01743486973947896,0.30402160459097205,stable,0.0014997680654257328,0.012424951558233189
LD,0.01743486973947896,2.8375710489988215,unstable,0.0014997680654257328,0.012424951558233189
LD,0.01753507014028056,0.29787544393133647,stable,0.0014997680654257328,0.012424951558233189
LD,0.01753507014028056,2.8437172096584566,unstable,0.0014997680654257328,0.012424951558233189
LD,0.017635270541082163,0.29197659873163584,stable,0.0014997680654257328,0.012424951558233189
LD,0.017635270541082163,2.8496160548581573,unstable,0.0014997680654257328,0.012424951558233189
LD,0.01773547094188377,0.28631021556320446,stable,0.0014997680654257328,0.012424951558233189
LD,0.01773547094188377,2.855282438026588,unstable,0.0014997680654257328,0.012424951558233189
LD,0.01783567134268537,0.28086262416198204,stable,0.0014997680654257328,0.012424951558233189
LD,0.01783567134268537,2.8607300294278115,unstable,0.0014997680654257328,0.012424951558233189
LD,0.017935871743486972,0.2756212202912547,stable,0.0014997680654257328,0.012424951558233189
LD,0.017935871743486972,2.8659714332985384,unstable,0.0014997680654257328,0.012424951558233189
LD,0.018036072144288578,0.27057436243430466,stable,0.0014997680654257328,0.012424951558233189
LD,0.018036072144288578,2.8710182911554885,unstable,0.0014997680654257328,0.012424951558233189
LD,0.01813627254509018,0.2657112804249846,stable,0.0014997680654257328,0.012424951558233189
LD,0.01813627254509018,2.875881373164809,unstable,0.0014997680654257328,0.012424951558233189
LD,0.018236472945891785,0.2610219944178218,stable,0.0014997680654257328,0.012424951558233189
LD,0.018236472945891785,2.880570659171971,unstable,0.0014997680654257328,0.012424951558233189
LD,0.018336673346693387,0.2564972428420109,stable,0.0014997680654257328,0.012424951558233189
LD,0.018336673346693387,2.885095410747782,unstable,0.0014997680654257328,0.012424951558233189
LD,0.01843687374749499,0.2521284181852832,stable,0.0014997680654257328,0.012424951558233189
LD,0.01843687374749499,2.8894642354045104,unstable,0.0014997680654257328,0.012424951558233189
LD,0.018537074148296594,0.24790750962178354,stable,0.0014997680654257328,0.012424951558233189
LD,0.018537074148296594,2.8936851439680096,unstable,0.0014997680654257328,0.012424951558233189
LD,0.018637274549098196,0.2438270516389034,stable,0.0014997680654257328,0.012424951558233189
LD,0.018637274549098196,2.8977656019508897,unstable,0.0014997680654257328,0.012424951558233189
LD,0.018737474949899798,0.239880077936375,stable,0.0014997680654257328,0.012424951558233189
LD,0.018737474949899798,2.901712575653418,unstable,0.0014997680654257328,0.012424951558233189
LD,0.018837675350701404,0.23606007997080525,stable,0.0014997680654257328,0.012424951558233189
LD,0.018837675350701404,2.905532573618988,unstable,0.0014997680654257328,0.012424951558233189
LD,0.018937875751503006,0.23236096960335262,stable,0.0014997680654257328,0.012424951558233189
LD,0.018937875751503006,2.909231683986441,unstable,0.0014997680654257328,0.012424951558233189
LD,0.01903807615230461,0.22877704538008325,stable,0.0014997680654257328,0.012424951558233189
LD,0.01903807615230461,2.9128156082097103,unstable,0.0014997680654257328,0.012424951558233189
LD,0.019138276553106213,0.22530296203572275,stable,0.0014997680654257328,0.012424951558233189
LD,0.019138276553106213,2.91628969155407,unstable,0.0014997680654257328,0.012424951558233189
LD,0.019238476953907815,0.22193370286385017,stable,0.0014997680654257328,0.012424951558233189
LD,0.019238476953907815,2.9196589507259425,unstable,0.0014997680654257328,0.012424951558233189
LD,0.01933867735470942,0.2186645546414141,stable,0.0014997680654257328,0.012424951558233189
LD,0.01933867735470942,2.922928098948379,unstable,0.0014997680654257328,0.012424951558233189
LD,0.019438877755511022,0.21549108483401058,stable,0.0014997680654257328,0.012424951558233189
LD,0.019438877755511022,2.926101568755783,unstable,0.0014997680654257328,0.012424951558233189
LD,0.019539078156312624,0.21240912084160835,stable,0.0014997680654257328,0.012424951558233189
LD,0.019539078156312624,2.929183532748185,unstable,0.0014997680654257328,0.012424951558233189
LD,0.01963927855711423,0.20941473107312492,stable,0.0014997680654257328,0.012424951558233189
LD,0.01963927855711423,2.9321779225166686,unstable,0.0014997680654257328,0.012424951558233189
LD,0.01973947895791583,0.2065042076631638,stable,0.0014997680654257328,0.012424951558233189
LD,0.01973947895791583,2.9350884459266293,unstable,0.0014997680654257328,0.012424951558233189
LD,0.019839679358717433,0.20367405066583633,stable,0.0014997680654257328,0.012424951558233189
LD,0.019839679358717433,2.937918602923957,unstable,0.0014997680654257328,0.012424951558233189
LD,0.01993987975951904,0.20092095357942608,stable,0.0014997680654257328,0.012424951558233189
LD,0.01993987975951904,2.940671700010367,unstable,0.0014997680654257328,0.012424951558233189
LD,0.02004008016032064,0.19824179007208143,stable,0.0014997680654257328,0.012424951558233189
LD,0.02004008016032064,2.9433508635177112,unstable,0.0014997680654257328,0.012424951558233189
LD,0.020140280561122246,0.1956336017930873,stable,0.0014997680654257328,0.012424951558233189
LD,0.020140280561122246,2.945959051796706,unstable,0.0014997680654257328,0.012424951558233189
LD,0.020240480961923848,0.19309358716686376,stable,0.0014997680654257328,0.012424951558233189
LD,0.020240480961923848,2.9484990664229294,unstable,0.0014997680654257328,0.012424951558233189
LD,0.02034068136272545,0.19061909107789443,stable,0.0014997680654257328,0.012424951558233189
LD,0.02034068136272545,2.9509735625118987,unstable,0.0014997680654257328,0.012424951558233189
LD,0.020440881763527055,0.1882075953645166,stable,0.0014997680654257328,0.012424951558233189
LD,0.020440881763527055,2.953385058225276,unstable,0.0014997680654257328,0.012424951558233189
LD,0.020541082164328657,0.1858567100480899,stable,0.0014997680654257328,0.012424951558233189
LD,0.020541082164328657,2.955735943541703,unstable,0.0014997680654257328,0.012424951558233189
LD,0.02064128256513026,0.18356416523162844,stable,0.0014997680654257328,0.012424951558233189
LD,0.02064128256513026,2.958028488358165,unstable,0.0014997680654257328,0.012424951558233189
LD,0.020741482965931864,0.18132780360869383,stable,0.0014997680654257328,0.012424951558233189
LD,0.020741482965931864,2.9602648499810993,unstable,0.0014997680654257328,0.012424951558233189
LD,0.020841683366733466,0.1791455735292793,stable,0.0014997680654257328,0.012424951558233189
LD,0.020841683366733466,2.962447080060514,unstable,0.0014997680654257328,0.012424951558233189
LD,0.02094188376753507,0.17701552257470654,stable,0.0014997680654257328,0.012424951558233189
LD,0.02094188376753507,2.964577131015087,unstable,0.0014997680654257328,0.012424951558233189
LD,0.021042084168336674,0.17493579159823058,stable,0.0014997680654257328,0.012424951558233189
LD,0.021042084168336674,2.966656861991563,unstable,0.0014997680654257328,0.012424951558233189
LD,0.021142284569138275,0.1729046091922406,stable,0.0014997680654257328,0.012424951558233189
LD,0.021142284569138275,2.9686880443975525,unstable,0.0014997680654257328,0.012424951558233189
LD,0.02124248496993988,0.17092028654667457,stable,0.0014997680654257328,0.012424951558233189
LD,0.02124248496993988,2.970672367043118,unstable,0.0014997680654257328,0.012424951558233189
LD,0.021342685370741483,0.16898121266658528,stable,0.0014997680654257328,0.012424951558233189
LD,0.021342685370741483,2.972611440923208,unstable,0.0014997680654257328,0.012424951558233189
LD,0.021442885771543085,0.16708584991979158,stable,0.0014997680654257328,0.012424951558233189
LD,0.021442885771543085,2.9745068036700015,unstable,0.0014997680654257328,0.012424951558233189
LD,0.02154308617234469,0.1652327298882046,stable,0.0014997680654257328,0.012424951558233189
LD,0.02154308617234469,2.9763599237015885,unstable,0.0014997680654257328,0.012424951558233189
LD,0.021643286573146292,0.1634204494988376,stable,0.0014997680654257328,0.012424951558233189
LD,0.021643286573146292,2.9781722040909555,unstable,0.0014997680654257328,0.012424951558233189
LD,0.021743486973947897,0.1616476674126308,stable,0.0014997680654257328,0.012424951558233189
LD,0.021743486973947897,2.9799449861771627,unstable,0.0014997680654257328,0.012424951558233189
LD,0.0218436873747495,0.15991310065119801,stable,0.0014997680654257328,0.012424951558233189
LD,0.0218436873747495,2.981679552938595,unstable,0.0014997680654257328,0.012424951558233189
LD,0.0219438877755511,0.1582155214433114,stable,0.0014997680654257328,0.012424951558233189
LD,0.0219438877755511,2.9833771321464813,unstable,0.0014997680654257328,0.012424951558233189
LD,0.022044088176352707,0.1565537542745452,stable,0.0014997680654257328,0.012424951558233189
LD,0.022044088176352707,2.9850388993152475,unstable,0.0014997680654257328,0.012424951558233189
LD,0.02214428857715431,0.15492667312490216,stable,0.0014997680654257328,0.012424951558233189
LD,0.02214428857715431,2.986665980464891,unstable,0.0014997680654257328,0.012424951558233189
LD,0.02224448897795591,0.15333319888054087,stable,0.0014997680654257328,0.012424951558233189
LD,0.02224448897795591,2.9882594547092527,unstable,0.0014997680654257328,0.012424951558233189
LD,0.022344689378757516,0.15177229690688643,stable,0.0014997680654257328,0.012424951558233189
LD,0.022344689378757516,2.989820356682907,unstable,0.0014997680654257328,0.012424951558233189
LD,0.022444889779559118,0.15024297477145776,stable,0.0014997680654257328,0.012424951558233189
LD,0.022444889779559118,2.9913496788183354,unstable,0.0014997680654257328,0.012424951558233189
LD,0.02254509018036072,0.14874428010570817,stable,0.0014997680654257328,0.012424951558233189
LD,0.02254509018036072,2.992848373484085,unstable,0.0014997680654257328,0.012424951558233189
LD,0.022645290581162325,0.14727529859603639,stable,0.0014997680654257328,0.012424951558233189
LD,0.022645290581162325,2.9943173549937567,unstable,0.0014997680654257328,0.012424951558233189
LD,0.022745490981963927,0.14583515209492726,stable,0.0014997680654257328,0.012424951558233189
LD,0.022745490981963927,2.9957575014948663,unstable,0.0014997680654257328,0.012424951558233189
LD,0.022845691382765532,0.14442299684389237,stable,0.0014997680654257328,0.012424951558233189
LD,0.022845691382765532,2.9971696567459007,unstable,0.0014997680654257328,0.012424951558233189
LD,0.022945891783567134,0.14303802180053626,stable,0.0014997680654257328,0.012424951558233189
LD,0.022945891783567134,2.998554631789257,unstable,0.0014997680654257328,0.012424951558233189
LD,0.023046092184368736,0.1416794470626792,stable,0.0014997680654257328,0.012424951558233189
LD,0.023046092184368736,2.999913206527114,unstable,0.0014997680654257328,0.012424951558233189
LD,0.02314629258517034,0.14034652238300316,stable,0.0014997680654257328,0.012424951558233189
LD,0.02314629258517034,3.0012461312067895,unstable,0.0014997680654257328,0.012424951558233189
LD,0.023246492985971944,0.13903852576819675,stable,0.0014997680654257328,0.012424951558233189
LD,0.023246492985971944,3.002554127821597,unstable,0.0014997680654257328,0.012424951558233189
LD,0.023346693386773545,0.1377547621570221,stable,0.0014997680654257328,0.012424951558233189
LD,0.023346693386773545,3.003837891432771,unstable,0.0014997680654257328,0.012424951558233189
LD,0.02344689378757515,0.1364945621721496,stable,0.0014997680654257328,0.012424951558233189
LD,0.02344689378757515,3.0050980914176435,unstable,0.0014997680654257328,0.012424951558233189
LD,0.023547094188376753,0.13525728094098577,stable,0.0014997680654257328,0.012424951558233189
LD,0.023547094188376753,3.006335372648808,unstable,0.0014997680654257328,0.012424951558233189
LD,0.023647294589178358,0.13404229698107528,stable,0.0014997680654257328,0.012424951558233189
LD,0.023647294589178358,3.007550356608718,unstable,0.0014997680654257328,0.012424951558233189
LD,0.02374749498997996,0.13284901114597059,stable,0.0014997680654257328,0.012424951558233189
LD,0.02374749498997996,3.0087436424438225,unstable,0.0014997680654257328,0.012424951558233189
LD,0.023847695390781562,0.13167684562777415,stable,0.0014997680654257328,0.012424951558233189
LD,0.023847695390781562,3.0099158079620185,unstable,0.0014997680654257328,0.012424951558233189
LD,0.023947895791583167,0.1305252430128072,stable,0.0014997680654257328,0.012424951558233189
LD,0.023947895791583167,3.0110674105769863,unstable,0.0014997680654257328,0.012424951558233189
LD,0.02404809619238477,0.1293936653871386,stable,0.0014997680654257328,0.012424951558233189
LD,0.02404809619238477,3.0121989882026545,unstable,0.0014997680654257328,0.012424951558233189
LD,0.02414829659318637,0.128281593488905,stable,0.0014997680654257328,0.012424951558233189
LD,0.02414829659318637,3.0133110601008877,unstable,0.0014997680654257328,0.012424951558233189
LD,0.024248496993987977,0.12718852590459795,stable,0.0014997680654257328,0.012424951558233189
LD,0.024248496993987977,3.0144041276851947,unstable,0.0014997680654257328,0.012424951558233189
LD,0.02434869739478958,0.1261139783066607,stable,0.0014997680654257328,0.012424951558233189
LD,0.02434869739478958,3.0154786752831324,unstable,0.0014997680654257328,0.012424951558233189
LD,0.024448897795591184,0.12505748272994177,stable,0.0014997680654257328,0.012424951558233189
LD,0.024448897795591184,3.016535170859852,unstable,0.0014997680654257328,0.012424951558233189
LD,0.024549098196392786,0.1240185868847008,stable,0.0014997680654257328,0.012424951558233189
LD,0.024549098196392786,3.0175740667050928,unstable,0.0014997680654257328,0.012424951558233189
LD,0.024649298597194388,0.12299685350403111,stable,0.0014997680654257328,0.012424951558233189
LD,0.024649298597194388,3.0185958000857624,unstable,0.0014997680654257328,0.012424951558233189
LD,0.024749498997995993,0.1219918597236922,stable,0.0014997680654257328,0.012424951558233189
LD,0.024749498997995993,3.0196007938661005,unstable,0.0014997680654257328,0.012424951558233189
LD,0.024849699398797595,0.12100319649249336,stable,0.0014997680654257328,0.012424951558233189
LD,0.024849699398797595,3.0205894570972998,unstable,0.0014997680654257328,0.012424951558233189
LD,0.024949899799599197,0.12003046801147388,stable,0.0014997680654257328,0.012424951558233189
LD,0.024949899799599197,3.0215621855783192,unstable,0.0014997680654257328,0.012424951558233189
LD,0.025050100200400802,0.11907329120025567,stable,0.0014997680654257328,0.012424951558233189
LD,0.025050100200400802,3.022519362389538,unstable,0.0014997680654257328,0.012424951558233189
LD,0.025150300601202404,0.11813129518903498,stable,0.0014997680654257328,0.012424951558233189
LD,0.025150300601202404,3.023461358400758,unstable,0.0014997680654257328,0.012424951558233189
LD,0.02525050100200401,0.11720412083478937,stable,0.0014997680654257328,0.012424951558233189
LD,0.02525050100200401,3.0243885327550037,unstable,0.0014997680654257328,0.012424951558233189
LD,0.02535070140280561,0.11629142026035577,stable,0.0014997680654257328,0.012424951558233189
LD,0.02535070140280561,3.0253012333294373,unstable,0.0014997680654257328,0.012424951558233189
LD,0.025450901803607213,0.11539285641513208,stable,0.0014997680654257328,0.012424951558233189
LD,0.025450901803607213,3.0261997971746606,unstable,0.0014997680654257328,0.012424951558233189
LD,0.02555110220440882,0.11450810265621625,stable,0.0014997680654257328,0.012424951558233189
LD,0.02555110220440882,3.0270845509335764,unstable,0.0014997680654257328,0.012424951558233189
LD,0.02565130260521042,0.11363684234888716,stable,0.0014997680654257328,0.012424951558233189
LD,0.02565130260521042,3.027955811240906,unstable,0.0014997680654257328,0.012424951558233189
LD,0.025751503006012023,0.1127787684853887,stable,0.0014997680654257328,0.012424951558233189
LD,0.025751503006012023,3.0288138851044044,unstable,0.0014997680654257328,0.012424951558233189
LD,0.025851703406813628,0.11193358332104353,stable,0.0014997680654257328,0.012424951558233189
LD,0.025851703406813628,3.0296590702687496,unstable,0.0014997680654257328,0.012424951558233189
LD,0.02595190380761523,0.1111009980267812,stable,0.0014997680654257328,0.012424951558233189
LD,0.02595190380761523,3.0304916555630115,unstable,0.0014997680654257328,0.012424951558233189
LD,0.026052104208416832,0.11028073235722458,stable,0.0014997680654257328,0.012424951558233189
LD,0.026052104208416832,3.031311921232568,unstable,0.0014997680654257328,0.012424951558233189
LD,0.026152304609218437,0.10947251433352356,stable,0.0014997680654257328,0.012424951558233189
LD,0.026152304609218437,3.0321201392562696,unstable,0.0014997680654257328,0.012424951558233189
LD,0.02625250501002004,0.1086760799401798,stable,0.0014997680654257328,0.012424951558233189
LD,0.02625250501002004,3.0329165736496133,unstable,0.0014997680654257328,0.012424951558233189
LD,0.026352705410821645,0.10789117283513772,stable,0.0014997680654257328,0.012424951558233189
LD,0.026352705410821645,3.0337014807546554,unstable,0.0014997680654257328,0.012424951558233189
LD,0.026452905811623247,0.10711754407247787,stable,0.0014997680654257328,0.012424951558233189
LD,0.026452905811623247,3.034475109517315,unstable,0.0014997680654257328,0.012424951558233189
LD,0.02655310621242485,0.10635495183707278,stable,0.0014997680654257328,0.012424951558233189
LD,0.02655310621242485,3.0352377017527203,unstable,0.0014997680654257328,0.012424951558233189
LD,0.026653306613226454,0.10560316119060298,stable,0.0014997680654257328,0.012424951558233189
LD,0.026653306613226454,3.0359894923991906,unstable,0.0014997680654257328,0.012424951558233189
LD,0.026753507014028056,0.10486194382837644,stable,0.0014997680654257328,0.012424951558233189
LD,0.026753507014028056,3.0367307097614162,unstable,0.0014997680654257328,0.012424951558233189
LD,0.026853707414829658,0.10413107784640863,stable,0.0014997680654257328,0.012424951558233189
LD,0.026853707414829658,3.037461575743384,unstable,0.0014997680654257328,0.012424951558233189
LD,0.026953907815631263,0.10341034751827083,stable,0.0014997680654257328,0.012424951558233189
LD,0.026953907815631263,3.0381823060715227,unstable,0.0014997680654257328,0.012424951558233189
LD,0.027054108216432865,0.10269954308122298,stable,0.0014997680654257328,0.012424951558233189
LD,0.027054108216432865,3.03889311050857,unstable,0.0014997680654257328,0.012424951558233189
LD,0.02715430861723447,0.10199846053118833,stable,0.0014997680654257328,0.012424951558233189
LD,0.02715430861723447,3.039594193058605,unstable,0.0014997680654257328,0.012424951558233189
LD,0.027254509018036072,0.10130690142613874,stable,0.0014997680654257328,0.012424951558233189
LD,0.027254509018036072,3.040285752163655,unstable,0.0014997680654257328,0.012424951558233189
LD,0.027354709418837674,0.10062467269750108,stable,0.0014997680654257328,0.012424951558233189
LD,0.027354709418837674,3.040967980892292,unstable,0.0014997680654257328,0.012424951558233189
LD,0.02745490981963928,0.09995158646919267,stable,0.0014997680654257328,0.012424951558233189
LD,0.02745490981963928,3.041641067120601,unstable,0.0014997680654257328,0.012424951558233189
LD,0.02755511022044088,0.0992874598839375,stable,0.0014997680654257328,0.012424951558233189
LD,0.02755511022044088,3.0423051937058556,unstable,0.0014997680654257328,0.012424951558233189
LD,0.027655310621242483,0.0986321149365148,stable,0.0014997680654257328,0.012424951558233189
LD,0.027655310621242483,3.0429605386532783,unstable,0.0014997680654257328,0.012424951558233189
LD,0.02775551102204409,0.09798537831362752,stable,0.0014997680654257328,0.012424951558233189
LD,0.02775551102204409,3.043607275276166,unstable,0.0014997680654257328,0.012424951558233189
LD,0.02785571142284569,0.09734708124007785,stable,0.0014997680654257328,0.012424951558233189
LD,0.02785571142284569,3.0442455723497153,unstable,0.0014997680654257328,0.012424951558233189
LD,0.027955911823647296,0.09671705933096542,stable,0.0014997680654257328,0.012424951558233189
LD,0.027955911823647296,3.044875594258828,unstable,0.0014997680654257328,0.012424951558233189
LD,0.028056112224448898,0.0960951524496334,stable,0.0014997680654257328,0.012424951558233189
LD,0.028056112224448898,3.0454975011401597,unstable,0.0014997680654257328,0.012424951558233189
LD,0.0281563126252505,0.09548120457110532,stable,0.0014997680654257328,0.012424951558233189
LD,0.0281563126252505,3.046111449018688,unstable,0.0014997680654257328,0.012424951558233189
LD,0.028256513026052105,0.0948750636507607,stable,0.0014997680654257328,0.012424951558233189
LD,0.028256513026052105,3.046717589939032,unstable,0.0014997680654257328,0.012424951558233189
LD,0.028356713426853707,0.09427658149802065,stable,0.0014997680654257328,0.012424951558233189
LD,0.028356713426853707,3.047316072091773,unstable,0.0014997680654257328,0.012424951558233189
LD,0.02845691382765531,0.09368561365482408,stable,0.0014997680654257328,0.012424951558233189
LD,0.02845691382765531,3.0479070399349695,unstable,0.0014997680654257328,0.012424951558233189
LD,0.028557114228456915,0.09310201927867334,stable,0.0014997680654257328,0.012424951558233189
LD,0.028557114228456915,3.04849063431112,unstable,0.0014997680654257328,0.012424951558233189
LD,0.028657314629258517,0.09252566103006243,stable,0.0014997680654257328,0.012424951558233189
LD,0.028657314629258517,3.0490669925597302,unstable,0.0014997680654257328,0.012424951558233189
LD,0.028757515030060122,0.09195640496408819,stable,0.0014997680654257328,0.012424951558233189
LD,0.028757515030060122,3.0496362486257045,unstable,0.0014997680654257328,0.012424951558233189
LD,0.028857715430861724,0.09139412042606576,stable,0.0014997680654257328,0.012424951558233189
LD,0.028857715430861724,3.0501985331637274,unstable,0.0014997680654257328,0.012424951558233189
LD,0.028957915831663326,0.09083867995098238,stable,0.0014997680654257328,0.012424951558233189
LD,0.028957915831663326,3.0507539736388107,unstable,0.0014997680654257328,0.012424951558233189
LD,0.02905811623246493,0.09028995916661398,stable,0.0014997680654257328,0.012424951558233189
LD,0.02905811623246493,3.051302694423179,unstable,0.0014997680654257328,0.012424951558233189
LD,0.029158316633266533,0.08974783670016429,stable,0.0014997680654257328,0.012424951558233189
LD,0.029158316633266533,3.051844816889629,unstable,0.0014997680654257328,0.012424951558233189
LD,0.029258517034068135,0.08921219408826264,stable,0.0014997680654257328,0.012424951558233189
LD,0.029258517034068135,3.0523804595015305,unstable,0.0014997680654257328,0.012424951558233189
LD,0.02935871743486974,0.08868291569019382,stable,0.0014997680654257328,0.012424951558233189
LD,0.02935871743486974,3.052909737899599,unstable,0.0014997680654257328,0.012424951558233189
LD,0.029458917835671342,0.08815988860421431,stable,0.0014997680654257328,0.012424951558233189
LD,0.029458917835671342,3.053432764985579,unstable,0.0014997680654257328,0.012424951558233189
LD,0.029559118236472944,0.08764300258683377,stable,0.0014997680654257328,0.012424951558233189
LD,0.029559118236472944,3.0539496510029593,unstable,0.0014997680654257328,0.012424951558233189
LD,0.02965931863727455,0.08713214997494045,stable,0.0014997680654257328,0.012424951558233189
LD,0.02965931863727455,3.0544605036148527,unstable,0.0014997680654257328,0.012424951558233189
LD,0.02975951903807615,0.08662722561064617,stable,0.0014997680654257328,0.012424951558233189
LD,0.02975951903807615,3.0549654279791465,unstable,0.0014997680654257328,0.012424951558233189
LD,0.029859719438877757,0.08612812676875103,stable,0.0014997680654257328,0.012424951558233189
LD,0.029859719438877757,3.0554645268210425,unstable,0.0014997680654257328,0.012424951558233189
LD,0.02995991983967936,0.08563475308671542,stable,0.0014997680654257328,0.012424951558233189
LD,0.02995991983967936,3.0559579005030777,unstable,0.0014997680654257328,0.012424951558233189
LD,0.03006012024048096,0.08514700649703855,stable,0.0014997680654257328,0.012424951558233189
LD,0.03006012024048096,3.0564456470927546,unstable,0.0014997680654257328,0.012424951558233189
LD,0.030160320641282566,0.08466479116195114,stable,0.0014997680654257328,0.012424951558233189
LD,0.030160320641282566,3.056927862427842,unstable,0.0014997680654257328,0.012424951558233189
LD,0.030260521042084168,0.08418801341032767,stable,0.0014997680654257328,0.012424951558233189
LD,0.030260521042084168,3.057404640179465,unstable,0.0014997680654257328,0.012424951558233189
LD,0.03036072144288577,0.08371658167672935,stable,0.0014997680654257328,0.012424951558233189
LD,0.03036072144288577,3.057876071913064,unstable,0.0014997680654257328,0.012424951558233189
LD,0.030460921843687375,0.08325040644250015,stable,0.0014997680654257328,0.012424951558233189
LD,0.030460921843687375,3.0583422471472925,unstable,0.0014997680654257328,0.012424951558233189
LD,0.030561122244488977,0.08278940017882475,stable,0.0014997680654257328,0.012424951558233189
LD,0.030561122244488977,3.058803253410968,unstable,0.0014997680654257328,0.012424951558233189
LD,0.030661322645290583,0.08233347729168727,stable,0.0014997680654257328,0.012424951558233189
LD,0.030661322645290583,3.059259176298106,unstable,0.0014997680654257328,0.012424951558233189
LD,0.030761523046092185,0.08188255406864187,stable,0.0014997680654257328,0.012424951558233189
LD,0.030761523046092185,3.0597100995211512,unstable,0.0014997680654257328,0.012424951558233189
LD,0.030861723446893786,0.08143654862733563,stable,0.0014997680654257328,0.012424951558233189
LD,0.030861723446893786,3.0601561049624575,unstable,0.0014997680654257328,0.012424951558233189
LD,0.030961923847695392,0.08099538086571734,stable,0.0014997680654257328,0.012424951558233189
LD,0.030961923847695392,3.060597272724076,unstable,0.0014997680654257328,0.012424951558233189
LD,0.031062124248496994,0.08055897241385868,stable,0.0014997680654257328,0.012424951558233189
LD,0.031062124248496994,3.0610336811759344,unstable,0.0014997680654257328,0.012424951558233189
LD,0.031162324649298596,0.08012724658733772,stable,0.0014997680654257328,0.012424951558233189
LD,0.031162324649298596,3.061465407002455,unstable,0.0014997680654257328,0.012424951558233189
LD,0.0312625250501002,0.0797001283421217,stable,0.0014997680654257328,0.012424951558233189
LD,0.0312625250501002,3.0618925252476714,unstable,0.0014997680654257328,0.012424951558233189
LD,0.0313627254509018,0.07927754423088818,stable,0.0014997680654257328,0.012424951558233189
LD,0.0313627254509018,3.062315109358905,unstable,0.0014997680654257328,0.012424951558233189
LD,0.031462925851703405,0.07885942236074106,stable,0.0014997680654257328,0.012424951558233189
LD,0.031462925851703405,3.0627332312290516,unstable,0.0014997680654257328,0.012424951558233189
LD,0.03156312625250501,0.07844569235226295,stable,0.0014997680654257328,0.012424951558233189
LD,0.03156312625250501,3.06314696123753,unstable,0.0014997680654257328,0.012424951558233189
LD,0.031663326653306616,0.07803628529985485,stable,0.0014997680654257328,0.012424951558233189
LD,0.031663326653306616,3.0635563682899383,unstable,0.0014997680654257328,0.012424951558233189
LD,0.03176352705410822,0.07763113373332065,stable,0.0014997680654257328,0.012424951558233189
LD,0.03176352705410822,3.0639615198564725,unstable,0.0014997680654257328,0.012424951558233189
LD,0.03186372745490982,0.07723017158064405,stable,0.0014997680654257328,0.012424951558233189
LD,0.03186372745490982,3.064362482009149,unstable,0.0014997680654257328,0.012424951558233189
LD,0.03196392785571142,0.0768333341319245,stable,0.0014997680654257328,0.012424951558233189
LD,0.03196392785571142,3.0647593194578686,unstable,0.0014997680654257328,0.012424951558233189
LD,0.03206412825651302,0.07644055800441985,stable,0.0014997680654257328,0.012424951558233189
LD,0.03206412825651302,3.0651520955853737,unstable,0.0014997680654257328,0.012424951558233189
LD,0.03216432865731463,0.07605178110866229,stable,0.0014997680654257328,0.012424951558233189
LD,0.03216432865731463,3.0655408724811313,unstable,0.0014997680654257328,0.012424951558233189
LD,0.032264529058116234,0.0756669426156118,stable,0.0014997680654257328,0.012424951558233189
LD,0.032264529058116234,3.065925710974181,unstable,0.0014997680654257328,0.012424951558233189
LD,0.032364729458917836,0.07528598292480071,stable,0.0014997680654257328,0.012424951558233189
LD,0.032364729458917836,3.066306670664993,unstable,0.0014997680654257328,0.012424951558233189
LD,0.03246492985971944,0.07490884363344508,stable,0.0014997680654257328,0.012424951558233189
LD,0.03246492985971944,3.0666838099563485,unstable,0.0014997680654257328,0.012424951558233189
LD,0.03256513026052104,0.07453546750648155,stable,0.0014997680654257328,0.012424951558233189
LD,0.03256513026052104,3.0670571860833116,unstable,0.0014997680654257328,0.012424951558233189
LD,0.03266533066132264,0.07416579844750171,stable,0.0014997680654257328,0.012424951558233189
LD,0.03266533066132264,3.0674268551422914,unstable,0.0014997680654257328,0.012424951558233189
LD,0.03276553106212425,0.07379978147054977,stable,0.0014997680654257328,0.012424951558233189
LD,0.03276553106212425,3.0677928721192433,unstable,0.0014997680654257328,0.012424951558233189
LD,0.03286573146292585,0.07343736267275602,stable,0.0014997680654257328,0.012424951558233189
LD,0.03286573146292585,3.068155290917037,unstable,0.0014997680654257328,0.012424951558233189
LD,0.032965931863727455,0.07307848920777626,stable,0.0014997680654257328,0.012424951558233189
LD,0.032965931863727455,3.068514164382017,unstable,0.0014997680654257328,0.012424951558233189
LD,0.033066132264529056,0.07272310926000936,stable,0.0014997680654257328,0.012424951558233189
LD,0.033066132264529056,3.068869544329784,unstable,0.0014997680654257328,0.012424951558233189
LD,0.03316633266533066,0.072371172019567,stable,0.0014997680654257328,0.012424951558233189
LD,0.03316633266533066,3.069221481570226,unstable,0.0014997680654257328,0.012424951558233189
LD,0.03326653306613227,0.07202262765796963,stable,0.0014997680654257328,0.012424951558233189
LD,0.03326653306613227,3.0695700259318235,unstable,0.0014997680654257328,0.012424951558233189
LD,0.03336673346693387,0.0716774273045453,stable,0.0014997680654257328,0.012424951558233189
LD,0.03336673346693387,3.0699152262852483,unstable,0.0014997680654257328,0.012424951558233189
LD,0.03346693386773547,0.07133552302350532,stable,0.0014997680654257328,0.012424951558233189
LD,0.03346693386773547,3.0702571305662882,unstable,0.0014997680654257328,0.012424951558233189
LD,0.03356713426853707,0.07099686779167813,stable,0.0014997680654257328,0.012424951558233189
LD,0.03356713426853707,3.0705957857981154,unstable,0.0014997680654257328,0.012424951558233189
LD,0.033667334669338675,0.07066141547687455,stable,0.0014997680654257328,0.012424951558233189
LD,0.033667334669338675,3.0709312381129186,unstable,0.0014997680654257328,0.012424951558233189
LD,0.033767535070140284,0.07032912081686726,stable,0.0014997680654257328,0.012424951558233189
LD,0.033767535070140284,3.0712635327729263,unstable,0.0014997680654257328,0.012424951558233189
LD,0.033867735470941886,0.0699999393989641,stable,0.0014997680654257328,0.012424951558233189
LD,0.033867735470941886,3.071592714190829,unstable,0.0014997680654257328,0.012424951558233189
LD,0.03396793587174349,0.06967382764015229,stable,0.0014997680654257328,0.012424951558233189
LD,0.03396793587174349,3.0719188259496413,unstable,0.0014997680654257328,0.012424951558233189
LD,0.03406813627254509,0.06935074276779885,stable,0.0014997680654257328,0.012424951558233189
LD,0.03406813627254509,3.072241910821994,unstable,0.0014997680654257328,0.012424951558233189
LD,0.03416833667334669,0.06903064280088911,stable,0.0014997680654257328,0.012424951558233189
LD,0.03416833667334669,3.0725620107889036,unstable,0.0014997680654257328,0.012424951558233189
LD,0.03426853707414829,0.06871348653178089,stable,0.0014997680654257328,0.012424951558233189
LD,0.03426853707414829,3.0728791670580122,unstable,0.0014997680654257328,0.012424951558233189
LD,0.0343687374749499,0.06839923350846444,stable,0.0014997680654257328,0.012424951558233189
LD,0.0343687374749499,3.0731934200813287,unstable,0.0014997680654257328,0.012424951558233189
LD,0.034468937875751504,0.06808784401730827,stable,0.0014997680654257328,0.012424951558233189
LD,0.034468937875751504,3.0735048095724853,unstable,0.0014997680654257328,0.012424951558233189
LD,0.034569138276553106,0.06777927906627434,stable,0.0014997680654257328,0.012424951558233189
LD,0.034569138276553106,3.073813374523519,unstable,0.0014997680654257328,0.012424951558233189
LD,0.03466933867735471,0.06747350036859157,stable,0.0014997680654257328,0.012424951558233189
LD,0.03466933867735471,3.0741191532212016,unstable,0.0014997680654257328,0.012424951558233189
LD,0.03476953907815631,0.06717047032686985,stable,0.0014997680654257328,0.012424951558233189
LD,0.03476953907815631,3.0744221832629233,unstable,0.0014997680654257328,0.012424951558233189
LD,0.03486973947895792,0.06687015201764135,stable,0.0014997680654257328,0.012424951558233189
LD,0.03486973947895792,3.074722501572152,unstable,0.0014997680654257328,0.012424951558233189
LD,0.03496993987975952,0.06657250917631696,stable,0.0014997680654257328,0.012424951558233189
LD,0.03496993987975952,3.075020144413476,unstable,0.0014997680654257328,0.012424951558233189
LD,0.03507014028056112,0.06627750618254558,stable,0.0014997680654257328,0.012424951558233189
LD,0.03507014028056112,3.075315147407247,unstable,0.0014997680654257328,0.012424951558233189
LD,0.035170340681362725,0.06598510804595836,stable,0.0014997680654257328,0.012424951558233189
LD,0.035170340681362725,3.0756075455438348,unstable,0.0014997680654257328,0.012424951558233189
LD,0.035270541082164326,0.06569528039229589,stable,0.0014997680654257328,0.012424951558233189
LD,0.035270541082164326,3.0758973731974972,unstable,0.0014997680654257328,0.012424951558233189
LD,0.03537074148296593,0.06540798944989357,stable,0.0014997680654257328,0.012424951558233189
LD,0.03537074148296593,3.0761846641399,unstable,0.0014997680654257328,0.012424951558233189
LD,0.03547094188376754,0.06512320203652866,stable,0.0014997680654257328,0.012424951558233189
LD,0.03547094188376754,3.0764694515532645,unstable,0.0014997680654257328,0.012424951558233189
LD,0.03557114228456914,0.06484088554660428,stable,0.0014997680654257328,0.012424951558233189
LD,0.03557114228456914,3.076751768043189,unstable,0.0014997680654257328,0.012424951558233189
LD,0.03567134268537074,0.06456100793867225,stable,0.0014997680654257328,0.012424951558233189
LD,0.03567134268537074,3.077031645651121,unstable,0.0014997680654257328,0.012424951558233189
LD,0.03577154308617234,0.064283537723274,stable,0.0014997680654257328,0.012424951558233189
LD,0.03577154308617234,3.0773091158665196,unstable,0.0014997680654257328,0.012424951558233189
LD,0.035871743486973945,0.06400844395109662,stable,0.0014997680654257328,0.012424951558233189
LD,0.035871743486973945,3.0775842096386965,unstable,0.0014997680654257328,0.012424951558233189
LD,0.035971943887775554,0.0637356962014346,stable,0.0014997680654257328,0.012424951558233189
LD,0.035971943887775554,3.0778569573883585,unstable,0.0014997680654257328,0.012424951558233189
LD,0.036072144288577156,0.06346526457094281,stable,0.0014997680654257328,0.012424951558233189
LD,0.036072144288577156,3.0781273890188503,unstable,0.0014997680654257328,0.012424951558233189
LD,0.03617234468937876,0.0631971196626786,stable,0.0014997680654257328,0.012424951558233189
LD,0.03617234468937876,3.0783955339271145,unstable,0.0014997680654257328,0.012424951558233189
LD,0.03627254509018036,0.06293123257541922,stable,0.0014997680654257328,0.012424951558233189
LD,0.03627254509018036,3.078661421014374,unstable,0.0014997680654257328,0.012424951558233189
LD,0.03637274549098196,0.06266757489325059,stable,0.0014997680654257328,0.012424951558233189
LD,0.03637274549098196,3.0789250786965425,unstable,0.0014997680654257328,0.012424951558233189
LD,0.03647294589178357,0.06240611867541679,stable,0.0014997680654257328,0.012424951558233189
LD,0.03647294589178357,3.079186534914376,unstable,0.0014997680654257328,0.012424951558233189
LD,0.03657314629258517,0.062146836446421716,stable,0.0014997680654257328,0.012424951558233189
LD,0.03657314629258517,3.0794458171433714,unstable,0.0014997680654257328,0.012424951558233189
LD,0.036673346693386774,0.061889701186380375,stable,0.0014997680654257328,0.012424951558233189
LD,0.036673346693386774,3.0797029524034123,unstable,0.0014997680654257328,0.012424951558233189
LD,0.036773547094188376,0.061634686321607735,stable,0.0014997680654257328,0.012424951558233189
LD,0.036773547094188376,3.079957967268186,unstable,0.0014997680654257328,0.012424951558233189
LD,0.03687374749498998,0.06138176571543985,stable,0.0014997680654257328,0.012424951558233189
LD,0.03687374749498998,3.080210887874353,unstable,0.0014997680654257328,0.012424951558233189
LD,0.03697394789579158,0.06113091365928103,stable,0.0014997680654257328,0.012424951558233189
LD,0.03697394789579158,3.080461739930512,unstable,0.0014997680654257328,0.012424951558233189
LD,0.03707414829659319,0.060882104863871245,stable,0.0014997680654257328,0.012424951558233189
LD,0.03707414829659319,3.0807105487259214,unstable,0.0014997680654257328,0.012424951558233189
LD,0.03717434869739479,0.06063531445076453,stable,0.0014997680654257328,0.012424951558233189
LD,0.03717434869739479,3.0809573391390286,unstable,0.0014997680654257328,0.012424951558233189
LD,0.03727454909819639,0.06039051794401784,stable,0.0014997680654257328,0.012424951558233189
LD,0.03727454909819639,3.081202135645775,unstable,0.0014997680654257328,0.012424951558233189
LD,0.037374749498997994,0.06014769126207575,stable,0.0014997680654257328,0.012424951558233189
LD,0.037374749498997994,3.0814449623277174,unstable,0.0014997680654257328,0.012424951558233189
LD,0.037474949899799596,0.05990681070985815,stable,0.0014997680654257328,0.012424951558233189
LD,0.037474949899799596,3.081685842879935,unstable,0.0014997680654257328,0.012424951558233189
LD,0.037575150300601205,0.0596678529710295,stable,0.0014997680654257328,0.012424951558233189
LD,0.037575150300601205,3.081924800618763,unstable,0.0014997680654257328,0.012424951558233189
LD,0.03767535070140281,0.05943079510046001,stable,0.0014997680654257328,0.012424951558233189
LD,0.03767535070140281,3.082161858489333,unstable,0.0014997680654257328,0.012424951558233189
LD,0.03777555110220441,0.059195614516861284,stable,0.0014997680654257328,0.012424951558233189
LD,0.03777555110220441,3.082397039072932,unstable,0.0014997680654257328,0.012424951558233189
LD,0.03787575150300601,0.05896228899560141,stable,0.0014997680654257328,0.012424951558233189
LD,0.03787575150300601,3.0826303645941913,unstable,0.0014997680654257328,0.012424951558233189
LD,0.03797595190380761,0.05873079666168435,stable,0.0014997680654257328,0.012424951558233189
LD,0.03797595190380761,3.0828618569281083,unstable,0.0014997680654257328,0.012424951558233189
LD,0.03807615230460922,0.05850111598289942,stable,0.0014997680654257328,0.012424951558233189
LD,0.03807615230460922,3.0830915376068937,unstable,0.0014997680654257328,0.012424951558233189
LD,0.038176352705410824,0.05827322576312843,stable,0.0014997680654257328,0.012424951558233189
LD,0.038176352705410824,3.0833194278266642,unstable,0.0014997680654257328,0.012424951558233189
LD,0.038276553106212426,0.05804710513580913,stable,0.0014997680654257328,0.012424951558233189
LD,0.038276553106212426,3.0835455484539835,unstable,0.0014997680654257328,0.012424951558233189
LD,0.03837675350701403,0.05782273355755452,stable,0.0014997680654257328,0.012424951558233189
LD,0.03837675350701403,3.083769920032239,unstable,0.0014997680654257328,0.012424951558233189
LD,0.03847695390781563,0.05760009080191297,stable,0.0014997680654257328,0.012424951558233189
LD,0.03847695390781563,3.0839925627878806,unstable,0.0014997680654257328,0.012424951558233189
LD,0.03857715430861723,0.057379156953279775,stable,0.0014997680654257328,0.012424951558233189
LD,0.03857715430861723,3.0842134966365133,unstable,0.0014997680654257328,0.012424951558233189
LD,0.03867735470941884,0.05715991240094276,stable,0.0014997680654257328,0.012424951558233189
LD,0.03867735470941884,3.0844327411888504,unstable,0.0014997680654257328,0.012424951558233189
LD,0.03877755511022044,0.056942337833269185,stable,0.0014997680654257328,0.012424951558233189
LD,0.03877755511022044,3.084650315756524,unstable,0.0014997680654257328,0.012424951558233189
LD,0.038877755511022044,0.05672641423202007,stable,0.0014997680654257328,0.012424951558233189
LD,0.038877755511022044,3.0848662393577726,unstable,0.0014997680654257328,0.012424951558233189
LD,0.038977955911823646,0.05651212286679952,stable,0.0014997680654257328,0.012424951558233189
LD,0.038977955911823646,3.085080530722994,unstable,0.0014997680654257328,0.012424951558233189
LD,0.03907815631262525,0.056299445289623495,stable,0.0014997680654257328,0.012424951558233189
LD,0.03907815631262525,3.08529320830017,unstable,0.0014997680654257328,0.012424951558233189
LD,0.03917835671342686,0.05608836332961786,stable,0.0014997680654257328,0.012424951558233189
LD,0.03917835671342686,3.0855042902601753,unstable,0.0014997680654257328,0.012424951558233189
LD,0.03927855711422846,0.0558788590878283,stable,0.0014997680654257328,0.012424951558233189
LD,0.03927855711422846,3.085713794501965,unstable,0.0014997680654257328,0.012424951558233189
LD,0.03937875751503006,0.05567091493215415,stable,0.0014997680654257328,0.012424951558233189
LD,0.03937875751503006,3.085921738657639,unstable,0.0014997680654257328,0.012424951558233189
LD,0.03947895791583166,0.05546451349238701,stable,0.0014997680654257328,0.012424951558233189
LD,0.03947895791583166,3.086128140097406,unstable,0.0014997680654257328,0.012424951558233189
LD,0.039579158316633264,0.05525963765536712,stable,0.0014997680654257328,0.012424951558233189
LD,0.039579158316633264,3.086333015934426,unstable,0.0014997680654257328,0.012424951558233189
LD,0.039679358717434866,0.05505627056024309,stable,0.0014997680654257328,0.012424951558233189
LD,0.039679358717434866,3.08653638302955,unstable,0.0014997680654257328,0.012424951558233189
LD,0.039779559118236475,0.054854395593834315,stable,0.0014997680654257328,0.012424951558233189
LD,0.039779559118236475,3.0867382579959592,unstable,0.0014997680654257328,0.012424951558233189
LD,0.03987975951903808,0.0546539963861008,stable,0.0014997680654257328,0.012424951558233189
LD,0.03987975951903808,3.0869386572036923,unstable,0.0014997680654257328,0.012424951558233189
LD,0.03997995991983968,0.05445505680570806,stable,0.0014997680654257328,0.012424951558233189
LD,0.03997995991983968,3.0871375967840855,unstable,0.0014997680654257328,0.012424951558233189
LD,0.04008016032064128,0.05425756095568879,stable,0.0014997680654257328,0.012424951558233189
LD,0.04008016032064128,3.0873350926341043,unstable,0.0014997680654257328,0.012424951558233189
LD,0.04018036072144288,0.05406149316920139,stable,0.0014997680654257328,0.012424951558233189
LD,0.04018036072144288,3.0875311604205917,unstable,0.0014997680654257328,0.012424951558233189
LD,0.04028056112224449,0.05386683800537817,stable,0.0014997680654257328,0.012424951558233189
LD,0.04028056112224449,3.087725815584415,unstable,0.0014997680654257328,0.012424951558233189
LD,0.040380761523046094,0.05367358024526325,stable,0.0014997680654257328,0.012424951558233189
LD,0.040380761523046094,3.08791907334453,unstable,0.0014997680654257328,0.012424951558233189
LD,0.040480961923847696,0.05348170488783932,stable,0.0014997680654257328,0.012424951558233189
LD,0.040480961923847696,3.088110948701954,unstable,0.0014997680654257328,0.012424951558233189
LD,0.0405811623246493,0.053291197146137836,stable,0.0014997680654257328,0.012424951558233189
LD,0.0405811623246493,3.0883014564436557,unstable,0.0014997680654257328,0.012424951558233189
LD,0.0406813627254509,0.05310204244343408,stable,0.0014997680654257328,0.012424951558233189
LD,0.0406813627254509,3.0884906111463586,unstable,0.0014997680654257328,0.012424951558233189
LD,0.04078156312625251,0.05291422640952037,stable,0.0014997680654257328,0.012424951558233189
LD,0.04078156312625251,3.088678427180273,unstable,0.0014997680654257328,0.012424951558233189
LD,0.04088176352705411,0.052727734877061394,stable,0.0014997680654257328,0.012424951558233189
LD,0.04088176352705411,3.0888649187127317,unstable,0.0014997680654257328,0.012424951558233189
LD,0.04098196392785571,0.05254255387802376,stable,0.0014997680654257328,0.012424951558233189
LD,0.04098196392785571,3.08905009971177,unstable,0.0014997680654257328,0.012424951558233189
LD,0.041082164328657314,0.05235866964018365,stable,0.0014997680654257328,0.012424951558233189
LD,0.041082164328657314,3.08923398394961,unstable,0.0014997680654257328,0.012424951558233189
LD,0.041182364729458916,0.052176068583704716,stable,0.0014997680654257328,0.012424951558233189
LD,0.041182364729458916,3.089416585006088,unstable,0.0014997680654257328,0.012424951558233189
LD,0.04128256513026052,0.05199473731779003,stable,0.0014997680654257328,0.012424951558233189
LD,0.04128256513026052,3.0895979162720035,unstable,0.0014997680654257328,0.012424951558233189
LD,0.04138276553106213,0.051814662637400755,stable,0.0014997680654257328,0.012424951558233189
LD,0.04138276553106213,3.089777990952392,unstable,0.0014997680654257328,0.012424951558233189
LD,0.04148296593186373,0.05163583152004714,stable,0.0014997680654257328,0.012424951558233189
LD,0.04148296593186373,3.0899568220697464,unstable,0.0014997680654257328,0.012424951558233189
LD,0.04158316633266533,0.051458231122641696,stable,0.0014997680654257328,0.012424951558233189
LD,0.04158316633266533,3.090134422467152,unstable,0.0014997680654257328,0.012424951558233189
LD,0.04168336673346693,0.051281848778419015,stable,0.0014997680654257328,0.012424951558233189
LD,0.04168336673346693,3.0903108048113737,unstable,0.0014997680654257328,0.012424951558233189
LD,0.041783567134268534,0.05110667199392127,stable,0.0014997680654257328,0.012424951558233189
LD,0.041783567134268534,3.0904859815958723,unstable,0.0014997680654257328,0.012424951558233189
LD,0.04188376753507014,0.05093268844604015,stable,0.0014997680654257328,0.012424951558233189
LD,0.04188376753507014,3.090659965143753,unstable,0.0014997680654257328,0.012424951558233189
LD,0.041983967935871745,0.050759885979123176,stable,0.0014997680654257328,0.012424951558233189
LD,0.041983967935871745,3.09083276761067,unstable,0.0014997680654257328,0.012424951558233189
LD,0.04208416833667335,0.05058825260213817,stable,0.0014997680654257328,0.012424951558233189
LD,0.04208416833667335,3.0910044009876554,unstable,0.0014997680654257328,0.012424951558233189
LD,0.04218436873747495,0.05041777648589374,stable,0.0014997680654257328,0.012424951558233189
LD,0.04218436873747495,3.0911748771038994,unstable,0.0014997680654257328,0.012424951558233189
LD,0.04228456913827655,0.05024844596031919,stable,0.0014997680654257328,0.012424951558233189
LD,0.04228456913827655,3.091344207629474,unstable,0.0014997680654257328,0.012424951558233189
LD,0.04238476953907815,0.05008024951179246,stable,0.0014997680654257328,0.012424951558233189
LD,0.04238476953907815,3.091512404078001,unstable,0.0014997680654257328,0.012424951558233189
LD,0.04248496993987976,0.049913175780531116,stable,0.0014997680654257328,0.012424951558233189
LD,0.04248496993987976,3.0916794778092616,unstable,0.0014997680654257328,0.012424951558233189
LD,0.042585170340681364,0.04974721355802725,stable,0.0014997680654257328,0.012424951558233189
LD,0.042585170340681364,3.091845440031766,unstable,0.0014997680654257328,0.012424951558233189
LD,0.042685370741482966,0.049582351784537515,stable,0.0014997680654257328,0.012424951558233189
LD,0.042685370741482966,3.0920103018052556,unstable,0.0014997680654257328,0.012424951558233189
LD,0.04278557114228457,0.049418579546621544,stable,0.0014997680654257328,0.012424951558233189
LD,0.04278557114228457,3.0921740740431716,unstable,0.0014997680654257328,0.012424951558233189
LD,0.04288577154308617,0.04925588607473186,stable,0.0014997680654257328,0.012424951558233189
LD,0.04288577154308617,3.092336767515061,unstable,0.0014997680654257328,0.012424951558233189
LD,0.04298597194388778,0.04909426074084733,stable,0.0014997680654257328,0.012424951558233189
LD,0.04298597194388778,3.0924983928489453,unstable,0.0014997680654257328,0.012424951558233189
LD,0.04308617234468938,0.04893369305615458,stable,0.0014997680654257328,0.012424951558233189
LD,0.04308617234468938,3.0926589605336385,unstable,0.0014997680654257328,0.012424951558233189
LD,0.04318637274549098,0.04877417266877693,stable,0.0014997680654257328,0.012424951558233189
LD,0.04318637274549098,3.092818480921016,unstable,0.0014997680654257328,0.012424951558233189
LD,0.043286573146292584,0.04861568936154592,stable,0.0014997680654257328,0.012424951558233189
LD,0.043286573146292584,3.0929769642282476,unstable,0.0014997680654257328,0.012424951558233189
LD,0.043386773547094186,0.04845823304981467,stable,0.0014997680654257328,0.012424951558233189
LD,0.043386773547094186,3.093134420539979,unstable,0.0014997680654257328,0.012424951558233189
LD,0.043486973947895795,0.048301793779317315,stable,0.0014997680654257328,0.012424951558233189
LD,0.043486973947895795,3.093290859810476,unstable,0.0014997680654257328,0.012424951558233189
LD,0.0435871743486974,0.04814636172406672,stable,0.0014997680654257328,0.012424951558233189
LD,0.0435871743486974,3.0934462918657264,unstable,0.0014997680654257328,0.012424951558233189
LD,0.043687374749499,0.047991927184295236,stable,0.0014997680654257328,0.012424951558233189
LD,0.043687374749499,3.093600726405498,unstable,0.0014997680654257328,0.012424951558233189
LD,0.0437875751503006,0.04783848058443141,stable,0.0014997680654257328,0.012424951558233189
LD,0.0437875751503006,3.0937541730053617,unstable,0.0014997680654257328,0.012424951558233189
LD,0.0438877755511022,0.047686012471120254,stable,0.0014997680654257328,0.012424951558233189
LD,0.0438877755511022,3.0939066411186733,unstable,0.0014997680654257328,0.012424951558233189
LD,0.043987975951903804,0.04753451351127813,stable,0.0014997680654257328,0.012424951558233189
LD,0.043987975951903804,3.0940581400785145,unstable,0.0014997680654257328,0.012424951558233189
LD,0.04408817635270541,0.04738397449018361,stable,0.0014997680654257328,0.012424951558233189
LD,0.04408817635270541,3.0942086790996095,unstable,0.0014997680654257328,0.012424951558233189
LD,0.044188376753507015,0.04723438630960963,stable,0.0014997680654257328,0.012424951558233189
LD,0.044188376753507015,3.0943582672801835,unstable,0.0014997680654257328,0.012424951558233189
LD,0.04428857715430862,0.04708573998598542,stable,0.0014997680654257328,0.012424951558233189
LD,0.04428857715430862,3.0945069136038077,unstable,0.0014997680654257328,0.012424951558233189
LD,0.04438877755511022,0.04693802664859481,stable,0.0014997680654257328,0.012424951558233189
LD,0.04438877755511022,3.094654626941198,unstable,0.0014997680654257328,0.012424951558233189
LD,0.04448897795591182,0.04679123753781145,stable,0.0014997680654257328,0.012424951558233189
LD,0.04448897795591182,3.0948014160519817,unstable,0.0014997680654257328,0.012424951558233189
LD,0.04458917835671343,0.046645364003361944,stable,0.0014997680654257328,0.012424951558233189
LD,0.04458917835671343,3.0949472895864307,unstable,0.0014997680654257328,0.012424951558233189
LD,0.04468937875751503,0.0465003975026268,stable,0.0014997680654257328,0.012424951558233189
LD,0.04468937875751503,3.0950922560871668,unstable,0.0014997680654257328,0.012424951558233189
LD,0.044789579158316634,0.04635632959896796,stable,0.0014997680654257328,0.012424951558233189
LD,0.044789579158316634,3.095236323990825,unstable,0.0014997680654257328,0.012424951558233189
LD,0.044889779559118236,0.046213151960091015,stable,0.0014997680654257328,0.012424951558233189
LD,0.044889779559118236,3.0953795016297025,unstable,0.0014997680654257328,0.012424951558233189
LD,0.04498997995991984,0.04607085635643626,stable,0.0014997680654257328,0.012424951558233189
LD,0.04498997995991984,3.0955217972333564,unstable,0.0014997680654257328,0.012424951558233189
LD,0.04509018036072144,0.045929434659598645,stable,0.0014997680654257328,0.012424951558233189
LD,0.04509018036072144,3.095663218930195,unstable,0.0014997680654257328,0.012424951558233189
LD,0.04519038076152305,0.045788878840779645,stable,0.0014997680654257328,0.012424951558233189
LD,0.04519038076152305,3.0958037747490135,unstable,0.0014997680654257328,0.012424951558233189
LD,0.04529058116232465,0.04564918096926496,stable,0.0014997680654257328,0.012424951558233189
LD,0.04529058116232465,3.0959434726205277,unstable,0.0014997680654257328,0.012424951558233189
LD,0.04539078156312625,0.04551033321092968,stable,0.0014997680654257328,0.012424951558233189
LD,0.04539078156312625,3.096082320378864,unstable,0.0014997680654257328,0.012424951558233189
LD,0.045490981963927854,0.04537232782677281,stable,0.0014997680654257328,0.012424951558233189
LD,0.045490981963927854,3.0962203257630208,unstable,0.0014997680654257328,0.012424951558233189
LD,0.045591182364729456,0.045235157171477525,stable,0.0014997680654257328,0.012424951558233189
LD,0.045591182364729456,3.0963574964183156,unstable,0.0014997680654257328,0.012424951558233189
LD,0.045691382765531065,0.045098813691995865,stable,0.0014997680654257328,0.012424951558233189
LD,0.045691382765531065,3.0964938398977973,unstable,0.0014997680654257328,0.012424951558233189
LD,0.04579158316633267,0.04496328992616361,stable,0.0014997680654257328,0.012424951558233189
LD,0.04579158316633267,3.096629363663629,unstable,0.0014997680654257328,0.012424951558233189
LD,0.04589178356713427,0.04482857850133293,stable,0.0014997680654257328,0.012424951558233189
LD,0.04589178356713427,3.09676407508846,unstable,0.0014997680654257328,0.012424951558233189
LD,0.04599198396793587,0.04469467213303657,stable,0.0014997680654257328,0.012424951558233189
LD,0.04599198396793587,3.096897981456756,unstable,0.0014997680654257328,0.012424951558233189
LD,0.04609218436873747,0.04456156362367203,stable,0.0014997680654257328,0.012424951558233189
LD,0.04609218436873747,3.097031089966121,unstable,0.0014997680654257328,0.012424951558233189
LD,0.04619238476953908,0.04442924586121055,stable,0.0014997680654257328,0.012424951558233189
LD,0.04619238476953908,3.0971634077285826,unstable,0.0014997680654257328,0.012424951558233189
LD,0.04629258517034068,0.044297711817927965,stable,0.0014997680654257328,0.012424951558233189
LD,0.04629258517034068,3.0972949417718656,unstable,0.0014997680654257328,0.012424951558233189
LD,0.046392785571142285,0.04416695454915898,stable,0.0014997680654257328,0.012424951558233189
LD,0.046392785571142285,3.0974256990406346,unstable,0.0014997680654257328,0.012424951558233189
LD,0.04649298597194389,0.04403696719207417,stable,0.0014997680654257328,0.012424951558233189
LD,0.04649298597194389,3.097555686397719,unstable,0.0014997680654257328,0.012424951558233189
LD,0.04659318637274549,0.04390774296447697,stable,0.0014997680654257328,0.012424951558233189
LD,0.04659318637274549,3.0976849106253166,unstable,0.0014997680654257328,0.012424951558233189
LD,0.04669338677354709,0.04377927516362279,stable,0.0014997680654257328,0.012424951558233189
LD,0.04669338677354709,3.0978133784261708,unstable,0.0014997680654257328,0.012424951558233189
LD,0.0467935871743487,0.04365155716505864,stable,0.0014997680654257328,0.012424951558233189
LD,0.0467935871743487,3.0979410964247345,unstable,0.0014997680654257328,0.012424951558233189
LD,0.0468937875751503,0.04352458242148227,stable,0.0014997680654257328,0.012424951558233189
LD,0.0468937875751503,3.098068071168311,unstable,0.0014997680654257328,0.012424951558233189
LD,0.046993987975951904,0.04339834446162305,stable,0.0014997680654257328,0.012424951558233189
LD,0.046993987975951904,3.0981943091281696,unstable,0.0014997680654257328,0.012424951558233189
LD,0.047094188376753505,0.04327283688914063,stable,0.0014997680654257328,0.012424951558233189
LD,0.047094188376753505,3.098319816700652,unstable,0.0014997680654257328,0.012424951558233189
LD,0.04719438877755511,0.04314805338154315,stable,0.0014997680654257328,0.012424951558233189
LD,0.04719438877755511,3.09844460020825,unstable,0.0014997680654257328,0.012424951558233189
LD,0.047294589178356716,0.04302398768912363,stable,0.0014997680654257328,0.012424951558233189
LD,0.047294589178356716,3.09856866590067,unstable,0.0014997680654257328,0.012424951558233189
LD,0.04739478957915832,0.04290063363391727,stable,0.0014997680654257328,0.012424951558233189
LD,0.04739478957915832,3.098692019955876,unstable,0.0014997680654257328,0.012424951558233189
LD,0.04749498997995992,0.042777985108672034,stable,0.0014997680654257328,0.012424951558233189
LD,0.04749498997995992,3.098814668481121,unstable,0.0014997680654257328,0.012424951558233189
LD,0.04759519038076152,0.04265603607584101,stable,0.0014997680654257328,0.012424951558233189
LD,0.04759519038076152,3.098936617513952,unstable,0.0014997680654257328,0.012424951558233189
LD,0.047695390781563124,0.04253478056659077,stable,0.0014997680654257328,0.012424951558233189
LD,0.047695390781563124,3.0990578730232023,unstable,0.0014997680654257328,0.012424951558233189
LD,0.04779559118236473,0.04241421267982526,stable,0.0014997680654257328,0.012424951558233189
LD,0.04779559118236473,3.0991784409099683,unstable,0.0014997680654257328,0.012424951558233189
LD,0.047895791583166335,0.04229432658122878,stable,0.0014997680654257328,0.012424951558233189
LD,0.047895791583166335,3.0992983270085643,unstable,0.0014997680654257328,0.012424951558233189
LD,0.04799599198396794,0.042175116502320975,stable,0.0014997680654257328,0.012424951558233189
LD,0.04799599198396794,3.099417537087472,unstable,0.0014997680654257328,0.012424951558233189
LD,0.04809619238476954,0.042056576739534,stable,0.0014997680654257328,0.012424951558233189
LD,0.04809619238476954,3.099536076850259,unstable,0.0014997680654257328,0.012424951558233189
LD,0.04819639278557114,0.04193870165329949,stable,0.0014997680654257328,0.012424951558233189
LD,0.04819639278557114,3.099653951936494,unstable,0.0014997680654257328,0.012424951558233189
LD,0.04829659318637274,0.04182148566715327,stable,0.0014997680654257328,0.012424951558233189
LD,0.04829659318637274,3.09977116792264,unstable,0.0014997680654257328,0.012424951558233189
LD,0.04839679358717435,0.041704923266856486,stable,0.0014997680654257328,0.012424951558233189
LD,0.04839679358717435,3.099887730322937,unstable,0.0014997680654257328,0.012424951558233189
LD,0.04849699398797595,0.04158900899952833,stable,0.0014997680654257328,0.012424951558233189
LD,0.04849699398797595,3.100003644590265,unstable,0.0014997680654257328,0.012424951558233189
LD,0.048597194388777555,0.04147373747279426,stable,0.0014997680654257328,0.012424951558233189
LD,0.048597194388777555,3.1001189161169993,unstable,0.0014997680654257328,0.012424951558233189
LD,0.04869739478957916,0.041359103353950655,stable,0.0014997680654257328,0.012424951558233189
LD,0.04869739478957916,3.100233550235842,unstable,0.0014997680654257328,0.012424951558233189
LD,0.04879759519038076,0.04124510136914106,stable,0.0014997680654257328,0.012424951558233189
LD,0.04879759519038076,3.1003475522206525,unstable,0.0014997680654257328,0.012424951558233189
LD,0.04889779559118237,0.04113172630254436,stable,0.0014997680654257328,0.012424951558233189
LD,0.04889779559118237,3.1004609272872488,unstable,0.0014997680654257328,0.012424951558233189
LD,0.04899799599198397,0.041018972995581215,stable,0.0014997680654257328,0.012424951558233189
LD,0.04899799599198397,3.100573680594212,unstable,0.0014997680654257328,0.012424951558233189
LD,0.04909819639278557,0.04090683634612979,stable,0.0014997680654257328,0.012424951558233189
LD,0.04909819639278557,3.1006858172436633,unstable,0.0014997680654257328,0.012424951558233189
LD,0.049198396793587174,0.040795311307753934,stable,0.0014997680654257328,0.012424951558233189
LD,0.049198396793587174,3.100797342282039,unstable,0.0014997680654257328,0.012424951558233189
LD,0.049298597194388775,0.04068439288894732,stable,0.0014997680654257328,0.012424951558233189
LD,0.049298597194388775,3.1009082607008462,unstable,0.0014997680654257328,0.012424951558233189
LD,0.04939879759519038,0.04057407615238695,stable,0.0014997680654257328,0.012424951558233189
LD,0.04939879759519038,3.101018577437406,unstable,0.0014997680654257328,0.012424951558233189
LD,0.049498997995991986,0.040464356214199526,stable,0.0014997680654257328,0.012424951558233189
LD,0.049498997995991986,3.1011282973755936,unstable,0.0014997680654257328,0.012424951558233189
LD,0.04959919839679359,0.040355228243240227,stable,0.0014997680654257328,0.012424951558233189
LD,0.04959919839679359,3.101237425346553,unstable,0.0014997680654257328,0.012424951558233189
LD,0.04969939879759519,0.040246687460382624,stable,0.0014997680654257328,0.012424951558233189
LD,0.04969939879759519,3.1013459661294105,unstable,0.0014997680654257328,0.012424951558233189
LD,0.04979959919839679,0.040138729137821016,stable,0.0014997680654257328,0.012424951558233189
LD,0.04979959919839679,3.101453924451972,unstable,0.0014997680654257328,0.012424951558233189
LD,0.049899799599198394,0.04003134859838209,stable,0.0014997680654257328,0.012424951558233189
LD,0.049899799599198394,3.101561304991411,unstable,0.0014997680654257328,0.012424951558233189
LD,0.05,0.03992454121484945,stable,0.0014997680654257328,0.012424951558233189
LD,0.05,3.101668112374943,unstable,0.0014997680654257328,0.012424951558233189
T22,0.0,0.3530354982625372,unstable,-0.004295898269084997,0.012424951558233189
T22,0.0,2.788557155327256,stable,-0.004295898269084997,0.012424951558233189
T22,0.0001002004008016032,0.3560328428322559,unstable,-0.004295898269084997,0.012424951558233189
T22,0.0001002004008016032,2.785559810757537,stable,-0.004295898269084997,0.012424951558233189
T22,0.0002004008016032064,0.3590827514431987,unstable,-0.004295898269084997,0.012424951558233189
T22,0.0002004008016032064,2.782509902146595,stable,-0.004295898269084997,0.012424951558233189
T22,0.0003006012024048096,0.36218665427312224,unstable,-0.004295898269084997,0.012424951558233189
T22,0.0003006012024048096,2.779405999316671,stable,-0.004295898269084997,0.012424951558233189
T22,0.0004008016032064128,0.3653460352302904,unstable,-0.004295898269084997,0.012424951558233189
T22,0.0004008016032064128,2.7762466183595027,stable,-0.004295898269084997,0.012424951558233189
T22,0.000501002004008016,0.36856243456869997,unstable,-0.004295898269084997,0.012424951558233189
T22,0.000501002004008016,2.773030219021093,stable,-0.004295898269084997,0.012424951558233189
T22,0.0006012024048096192,0.3718374516616789,unstable,-0.004295898269084997,0.012424951558233189
T22,0.0006012024048096192,2.769755201928114,stable,-0.004295898269084997,0.012424951558233189
T22,0.0007014028056112224,0.37517274794544253,unstable,-0.004295898269084997,0.012424951558233189
T22,0.0007014028056112224,2.7664199056443506,stable,-0.004295898269084997,0.012424951558233189
T22,0.0008016032064128256,0.37857005004522026,unstable,-0.004295898269084997,0.012424951558233189
T22,0.0008016032064128256,2.763022603544573,stable,-0.004295898269084997,0.012424951558233189
T22,0.0009018036072144289,0.3820311530976621,unstable,-0.004295898269084997,0.012424951558233189
T22,0.0009018036072144289,2.759561500492131,stable,-0.004295898269084997,0.012424951558233189
T22,0.001002004008016032,0.3855579242844418,unstable,-0.004295898269084997,0.012424951558233189
T22,0.001002004008016032,2.7560347293053518,stable,-0.004295898269084997,0.012424951558233189
T22,0.0011022044088176352,0.3891523065933513,unstable,-0.004295898269084997,0.012424951558233189
T22,0.0011022044088176352,2.7524403469964422,stable,-0.004295898269084997,0.012424951558233189
T22,0.0012024048096192384,0.3928163228246335,unstable,-0.004295898269084997,0.012424951558233189
T22,0.0012024048096192384,2.7487763307651596,stable,-0.004295898269084997,0.012424951558233189
T22,0.0013026052104208416,0.39655207986197283,unstable,-0.004295898269084997,0.012424951558233189
T22,0.0013026052104208416,2.7450405737278203,stable,-0.004295898269084997,0.012424951558233189
T22,0.0014028056112224449,0.40036177322937405,unstable,-0.004295898269084997,0.012424951558233189
T22,0.0014028056112224449,2.741230880360419,stable,-0.004295898269084997,0.012424951558233189
T22,0.001503006012024048,0.4042476919571909,unstable,-0.004295898269084997,0.012424951558233189
T22,0.001503006012024048,2.737344961632602,stable,-0.004295898269084997,0.012424951558233189
T22,0.0016032064128256513,0.4082122237828125,unstable,-0.004295898269084997,0.012424951558233189
T22,0.0016032064128256513,2.7333804298069806,stable,-0.004295898269084997,0.012424951558233189
T22,0.0017034068136272545,0.4122578607140266,unstable,-0.004295898269084997,0.012424951558233189
T22,0.0017034068136272545,2.7293347928757665,stable,-0.004295898269084997,0.012424951558233189
T22,0.0018036072144288577,0.4163872049858548,unstable,-0.004295898269084997,0.012424951558233189
T22,0.0018036072144288577,2.7252054486039388,stable,-0.004295898269084997,0.012424951558233189
T22,0.001903807615230461,0.4206029754448002,unstable,-0.004295898269084997,0.012424951558233189
T22,0.001903807615230461,2.720989678144993,stable,-0.004295898269084997,0.012424951558233189
T22,0.002004008016032064,0.4249080143979054,unstable,-0.004295898269084997,0.012424951558233189
T22,0.002004008016032064,2.7166846391918877,stable,-0.004295898269084997,0.012424951558233189
T22,0.002104208416833667,0.4293052949679428,unstable,-0.004295898269084997,0.012424951558233189
T22,0.002104208416833667,2.7122873586218503,stable,-0.004295898269084997,0.012424951558233189
T22,0.0022044088176352704,0.43379792900044656,unstable,-0.004295898269084997,0.012424951558233189
T22,0.0022044088176352704,2.7077947245893466,stable,-0.004295898269084997,0.012424951558233189
T22,0.0023046092184368736,0.4383891755732092,unstable,-0.004295898269084997,0.012424951558233189
T22,0.0023046092184368736,2.703203478016584,stable,-0.004295898269084997,0.012424951558233189
T22,0.002404809619238477,0.44308245016443637,unstable,-0.004295898269084997,0.012424951558233189
T22,0.002404809619238477,2.698510203425357,stable,-0.004295898269084997,0.012424951558233189
T22,0.00250501002004008,0.4478813345420196,unstable,-0.004295898269084997,0.012424951558233189
T22,0.00250501002004008,2.6937113190477735,stable,-0.004295898269084997,0.012424951558233189
T22,0.0026052104208416833,0.4527895874434691,unstable,-0.004295898269084997,0.012424951558233189
T22,0.0026052104208416833,2.688803066146324,stable,-0.004295898269084997,0.012424951558233189
T22,0.0027054108216432865,0.4578111561240976,unstable,-0.004295898269084997,0.012424951558233189
T22,0.0027054108216432865,2.683781497465695,stable,-0.004295898269084997,0.012424951558233189
T22,0.0028056112224448897,0.46295018886017436,unstable,-0.004295898269084997,0.012424951558233189
T22,0.0028056112224448897,2.6786424647296183,stable,-0.004295898269084997,0.012424951558233189
T22,0.002905811623246493,0.46821104850415374,unstable,-0.004295898269084997,0.012424951558233189
T22,0.002905811623246493,2.6733816050856394,stable,-0.004295898269084997,0.012424951558233189
T22,0.003006012024048096,0.47359832720095785,unstable,-0.004295898269084997,0.012424951558233189
T22,0.003006012024048096,2.6679943263888353,stable,-0.004295898269084997,0.012424951558233189
T22,0.0031062124248496994,0.4791168623878548,unstable,-0.004295898269084997,0.012424951558233189
T22,0.0031062124248496994,2.6624757912019383,stable,-0.004295898269084997,0.012424951558233189
T22,0.0032064128256513026,0.4847717542160326,unstable,-0.004295898269084997,0.012424951558233189
T22,0.0032064128256513026,2.656820899373761,stable,-0.004295898269084997,0.012424951558233189
T22,0.003306613226452906,0.49056838454987517,unstable,-0.004295898269084997,0.012424951558233189
T22,0.003306613226452906,2.651024269039918,stable,-0.004295898269084997,0.012424951558233189
T22,0.003406813627254509,0.4965124377205594,unstable,-0.004295898269084997,0.012424951558233189
T22,0.003406813627254509,2.6450802158692337,stable,-0.004295898269084997,0.012424951558233189
T22,0.0035070140280561123,0.5026099232344712,unstable,-0.004295898269084997,0.012424951558233189
T22,0.0035070140280561123,2.6389827303553215,stable,-0.004295898269084997,0.012424951558233189
T22,0.0036072144288577155,0.508867200664576,unstable,-0.004295898269084997,0.012424951558233189
T22,0.0036072144288577155,2.632725452925217,stable,-0.004295898269084997,0.012424951558233189
T22,0.0037074148296593187,0.5152910069850973,unstable,-0.004295898269084997,0.012424951558233189
T22,0.0037074148296593187,2.626301646604696,stable,-0.004295898269084997,0.012424951558233189
T22,0.003807615230460922,0.5218884866473807,unstable,-0.004295898269084997,0.012424951558233189
T22,0.003807615230460922,2.6197041669424124,stable,-0.004295898269084997,0.012424951558233189
T22,0.003907815631262525,0.5286672247388386,unstable,-0.004295898269084997,0.012424951558233189
T22,0.003907815631262525,2.6129254288509545,stable,-0.004295898269084997,0.012424951558233189
T22,0.004008016032064128,0.5356352836185372,unstable,-0.004295898269084997,0.012424951558233189
T22,0.004008016032064128,2.6059573699712555,stable,-0.004295898269084997,0.012424951558233189
T22,0.004108216432865732,0.5428012434839511,unstable,-0.004295898269084997,0.012424951558233189
T22,0.004108216432865732,2.598791410105842,stable,-0.004295898269084997,0.012424951558233189
T22,0.004208416833667334,0.5501742473956157,unstable,-0.004295898269084997,0.012424951558233189
T22,0.004208416833667334,2.591418406194178,stable,-0.004295898269084997,0.012424951558233189
T22,0.004308617234468938,0.5577640513721973,unstable,-0.004295898269084997,0.012424951558233189
T22,0.004308617234468938,2.5838286022175954,stable,-0.004295898269084997,0.012424951558233189
T22,0.004408817635270541,0.5655810802709667,unstable,-0.004295898269084997,0.012424951558233189
T22,0.004408817635270541,2.5760115733188265,stable,-0.004295898269084997,0.012424951558233189
T22,0.0045090180360721445,0.5736364902915403,unstable,-0.004295898269084997,0.012424951558233189
T22,0.0045090180360721445,2.567956163298253,stable,-0.004295898269084997,0.012424951558233189
T22,0.004609218436873747,0.5819422390887787,unstable,-0.004295898269084997,0.012424951558233189
T22,0.004609218436873747,2.5596504145010144,stable,-0.004295898269084997,0.012424951558233189
T22,0.004709418837675351,0.5905111646600005,unstable,-0.004295898269084997,0.012424951558233189
T22,0.004709418837675351,2.5510814889297926,stable,-0.004295898269084997,0.012424951558233189
T22,0.004809619238476954,0.5993570743898644,unstable,-0.004295898269084997,0.012424951558233189
T22,0.004809619238476954,2.5422355791999287,stable,-0.004295898269084997,0.012424951558233189
T22,0.004909819639278557,0.6084948459033193,unstable,-0.004295898269084997,0.012424951558233189
T22,0.004909819639278557,2.533097807686474,stable,-0.004295898269084997,0.012424951558233189
T22,0.00501002004008016,0.617940541705774,unstable,-0.004295898269084997,0.012424951558233189
T22,0.00501002004008016,2.5236521118840187,stable,-0.004295898269084997,0.012424951558233189
T22,0.005110220440881764,0.6277115399968665,unstable,-0.004295898269084997,0.012424951558233189
T22,0.005110220440881764,2.5138811135929267,stable,-0.004295898269084997,0.012424951558233189
T22,0.0052104208416833666,0.6378266845519498,unstable,-0.004295898269084997,0.012424951558233189
T22,0.0052104208416833666,2.5037659690378433,stable,-0.004295898269084997,0.012424951558233189
T22,0.00531062124248497,0.6483064572028723,unstable,-0.004295898269084997,0.012424951558233189
T22,0.00531062124248497,2.4932861963869204,stable,-0.004295898269084997,0.012424951558233189
T22,0.005410821643286573,0.6591731772559539,unstable,-0.004295898269084997,0.012424951558233189
T22,0.005410821643286573,2.482419476333839,stable,-0.004295898269084997,0.012424951558233189
T22,0.005511022044088177,0.6704512332130141,unstable,-0.004295898269084997,0.012424951558233189
T22,0.005511022044088177,2.471141420376779,stable,-0.004295898269084997,0.012424951558233189
T22,0.0056112224448897794,0.6821673534829582,unstable,-0.004295898269084997,0.012424951558233189
T22,0.0056112224448897794,2.459425300106835,stable,-0.004295898269084997,0.012424951558233189
T22,0.005711422845691383,0.6943509244861739,unstable,-0.004295898269084997,0.012424951558233189
T22,0.005711422845691383,2.4472417291036193,stable,-0.004295898269084997,0.012424951558233189
T22,0.005811623246492986,0.7070343668003902,unstable,-0.004295898269084997,0.012424951558233189
T22,0.005811623246492986,2.434558286789403,stable,-0.004295898269084997,0.012424951558233189
T22,0.0059118236472945895,0.720253582970662,unstable,-0.004295898269084997,0.012424951558233189
T22,0.0059118236472945895,2.4213390706191316,stable,-0.004295898269084997,0.012424951558233189
T22,0.006012024048096192,0.7340484945881114,unstable,-0.004295898269084997,0.012424951558233189
T22,0.006012024048096192,2.4075441590016817,stable,-0.004295898269084997,0.012424951558233189
T22,0.006112224448897796,0.7484636916394596,unstable,-0.004295898269084997,0.012424951558233189
T22,0.006112224448897796,2.3931289619503335,stable,-0.004295898269084997,0.012424951558233189
T22,0.006212424849699399,0.7635492245433895,unstable,-0.004295898269084997,0.012424951558233189
T22,0.006212424849699399,2.3780434290464036,stable,-0.004295898269084997,0.012424951558233189
T22,0.006312625250501002,0.7793615796231301,unstable,-0.004295898269084997,0.012424951558233189
T22,0.006312625250501002,2.3622310739666634,stable,-0.004295898269084997,0.012424951558233189
T22,0.006412825651302605,0.7959648933980832,unstable,-0.004295898269084997,0.012424951558233189
T22,0.006412825651302605,2.34562776019171,stable,-0.004295898269084997,0.012424951558233189
T22,0.006513026052104208,0.8134324821669399,unstable,-0.004295898269084997,0.012424951558233189
T22,0.006513026052104208,2.3281601714228533,stable,-0.004295898269084997,0.012424951558233189
T22,0.006613226452905812,0.8318487943443396,unstable,-0.004295898269084997,0.012424951558233189
T22,0.006613226452905812,2.3097438592454536,stable,-0.004295898269084997,0.012424951558233189
T22,0.006713426853707414,0.8513119395434856,unstable,-0.004295898269084997,0.012424951558233189
T22,0.006713426853707414,2.2902807140463075,stable,-0.004295898269084997,0.012424951558233189
T22,0.006813627254509018,0.87193701997011,unstable,-0.004295898269084997,0.012424951558233189
T22,0.006813627254509018,2.269655633619683,stable,-0.004295898269084997,0.012424951558233189
T22,0.006913827655310621,0.8938606028271714,unstable,-0.004295898269084997,0.012424951558233189
T22,0.006913827655310621,2.2477320507626217,stable,-0.004295898269084997,0.012424951558233189
T22,0.0070140280561122245,0.9172468568832439,unstable,-0.004295898269084997,0.012424951558233189
T22,0.0070140280561122245,2.224345796706549,stable,-0.004295898269084997,0.012424951558233189
T22,0.007114228456913827,0.9422961879719054,unstable,-0.004295898269084997,0.012424951558233189
T22,0.007114228456913827,2.1992964656178877,stable,-0.004295898269084997,0.012424951558233189
T22,0.007214428857715431,0.969257756797056,unstable,-0.004295898269084997,0.012424951558233189
T22,0.007214428857715431,2.172334896792737,stable,-0.004295898269084997,0.012424951558233189
T22,0.007314629258517034,0.9984482762649396,unstable,-0.004295898269084997,0.012424951558233189
T22,0.007314629258517034,2.1431443773248535,stable,-0.004295898269084997,0.012424951558233189
T22,0.007414829659318637,1.030281470993284,unstable,-0.004295898269084997,0.012424951558233189
T22,0.007414829659318637,2.111311182596509,stable,-0.004295898269084997,0.012424951558233189
T22,0.00751503006012024,1.0653167543921427,unstable,-0.004295898269084997,0.012424951558233189
T22,0.00751503006012024,2.0762758991976504,stable,-0.004295898269084997,0.012424951558233189
T22,0.007615230460921844,1.1043452586127156,unstable,-0.004295898269084997,0.012424951558233189
T22,0.007615230460921844,2.0372473949770775,stable,-0.004295898269084997,0.012424951558233189
T22,0.007715430861723447,1.1485560106236488,unstable,-0.004295898269084997,0.012424951558233189
T22,0.007715430861723447,1.9930366429661444,stable,-0.004295898269084997,0.012424951558233189
T22,0.00781563126252505,1.1998991844621933,unstable,-0.004295898269084997,0.012424951558233189
T22,0.00781563126252505,1.9416934691275998,stable,-0.004295898269084997,0.012424951558233189
T22,0.007915831663326654,1.2620433675912395,unstable,-0.004295898269084997,0.012424951558233189
T22,0.007915831663326654,1.8795492859985536,stable,-0.004295898269084997,0.012424951558233189
T22,0.008016032064128256,1.3438824479592029,unstable,-0.004295898269084997,0.012424951558233189
T22,0.008016032064128256,1.7977102056305903,stable,-0.004295898269084997,0.012424951558233189
T22,0.00811623246492986,1.4936337667756678,unstable,-0.004295898269084997,0.012424951558233189
T22,0.00811623246492986,1.6479588868141253,stable,-0.004295898269084997,0.012424951558233189
T22,0.016733466933867736,-1.4942477537636338,stable,-0.004295898269084997,0.012424951558233189
T22,0.016733466933867736,-1.6473448998261588,unstable,-0.004295898269084997,0.012424951558233189
T22,0.016833667334669337,-1.344082664097372,stable,-0.004295898269084997,0.012424951558233189
T22,0.016833667334669337,-1.7975099894924211,unstable,-0.004295898269084997,0.012424951558233189
T22,0.016933867735470943,-1.2621850533644756,stable,-0.004295898269084997,0.012424951558233189
T22,0.016933867735470943,-1.879407600225317,unstable,-0.004295898269084997,0.012424951558233189
T22,0.017034068136272545,-1.2000128532998835,stable,-0.004295898269084997,0.012424951558233189
T22,0.017034068136272545,-1.9415798002899098,unstable,-0.004295898269084997,0.012424951558233189
T22,0.017134268537074147,-1.1486523086330782,stable,-0.004295898269084997,0.012424951558233189
T22,0.017134268537074147,-1.9929403449567147,unstable,-0.004295898269084997,0.012424951558233189
T22,0.017234468937875752,-1.1044293896084403,stable,-0.004295898269084997,0.012424951558233189
T22,0.017234468937875752,-2.037163263981353,unstable,-0.004295898269084997,0.012424951558233189
T22,0.017334669338677354,-1.0653917320625084,stable,-0.004295898269084997,0.012424951558233189
T22,0.017334669338677354,-2.0762009215272847,unstable,-0.004295898269084997,0.012424951558233189
T22,0.01743486973947896,-1.0303492316286986,stable,-0.004295898269084997,0.012424951558233189
T22,0.01743486973947896,-2.1112434219610945,unstable,-0.004295898269084997,0.012424951558233189
T22,0.01753507014028056,-0.9985101547531787,stable,-0.004295898269084997,0.012424951558233189
T22,0.01753507014028056,-2.1430824988366144,unstable,-0.004295898269084997,0.012424951558233189
T22,0.017635270541082163,-0.9693147215837654,stable,-0.004295898269084997,0.012424951558233189
T22,0.017635270541082163,-2.1722779320060273,unstable,-0.004295898269084997,0.012424951558233189
T22,0.01773547094188377,-0.9423489693320417,stable,-0.004295898269084997,0.012424951558233189
T22,0.01773547094188377,-2.199243684257752,unstable,-0.004295898269084997,0.012424951558233189
T22,0.01783567134268537,-0.9172960224113953,stable,-0.004295898269084997,0.012424951558233189
T22,0.01783567134268537,-2.2242966311783974,unstable,-0.004295898269084997,0.012424951558233189
T22,0.017935871743486972,-0.8939066045350814,stable,-0.004295898269084997,0.012424951558233189
T22,0.017935871743486972,-2.2476860490547113,unstable,-0.004295898269084997,0.012424951558233189
T22,0.018036072144288578,-0.8719802250758346,stable,-0.004295898269084997,0.012424951558233189
T22,0.018036072144288578,-2.269612428513959,unstable,-0.004295898269084997,0.012424951558233189
T22,0.01813627254509018,-0.8513526513850049,stable,-0.004295898269084997,0.012424951558233189
T22,0.01813627254509018,-2.290240002204788,unstable,-0.004295898269084997,0.012424951558233189
T22,0.018236472945891785,-0.8318872670467559,stable,-0.004295898269084997,0.012424951558233189
T22,0.018236472945891785,-2.309705386543037,unstable,-0.004295898269084997,0.012424951558233189
T22,0.018336673346693387,-0.8134689312116254,stable,-0.004295898269084997,0.012424951558233189
T22,0.018336673346693387,-2.3281237223781677,unstable,-0.004295898269084997,0.012424951558233189
T22,0.01843687374749499,-0.7959995034181615,stable,-0.004295898269084997,0.012424951558233189
T22,0.01843687374749499,-2.3455931501716316,unstable,-0.004295898269084997,0.012424951558233189
T22,0.018537074148296594,-0.7793945102705586,stable,-0.004295898269084997,0.012424951558233189
T22,0.018537074148296594,-2.362198143319235,unstable,-0.004295898269084997,0.012424951558233189
T22,0.018637274549098196,-0.7635806149835505,stable,-0.004295898269084997,0.012424951558233189
T22,0.018637274549098196,-2.3780120386062427,unstable,-0.004295898269084997,0.012424951558233189
T22,0.018737474949899798,-0.7484936640485791,stable,-0.004295898269084997,0.012424951558233189
T22,0.018737474949899798,-2.3930989895412136,unstable,-0.004295898269084997,0.012424951558233189
T22,0.018837675350701404,-0.7340771569128539,stable,-0.004295898269084997,0.012424951558233189
T22,0.018837675350701404,-2.4075154966769396,unstable,-0.004295898269084997,0.012424951558233189
T22,0.018937875751503006,-0.7202810311328198,stable,-0.004295898269084997,0.012424951558233189
T22,0.018937875751503006,-2.4213116224569733,unstable,-0.004295898269084997,0.012424951558233189
T22,0.01903807615230461,-0.7070606864780853,stable,-0.004295898269084997,0.012424951558233189
T22,0.01903807615230461,-2.434531967111708,unstable,-0.004295898269084997,0.012424951558233189
T22,0.019138276553106213,-0.6943761925675727,stable,-0.004295898269084997,0.012424951558233189
T22,0.019138276553106213,-2.4472164610222205,unstable,-0.004295898269084997,0.012424951558233189
T22,0.019238476953907815,-0.6821916392636793,stable,-0.004295898269084997,0.012424951558233189
T22,0.019238476953907815,-2.4594010143261134,unstable,-0.004295898269084997,0.012424951558233189
T22,0.01933867735470942,-0.6704745993907353,stable,-0.004295898269084997,0.012424951558233189
T22,0.01933867735470942,-2.4711180541990583,unstable,-0.004295898269084997,0.012424951558233189
T22,0.019438877755511022,-0.6591956807629415,stable,-0.004295898269084997,0.012424951558233189
T22,0.019438877755511022,-2.4823969728268516,unstable,-0.004295898269084997,0.012424951558233189
T22,0.019539078156312624,-0.648328149907786,stable,-0.004295898269084997,0.012424951558233189
T22,0.019539078156312624,-2.493264503682007,unstable,-0.004295898269084997,0.012424951558233189
T22,0.01963927855711423,-0.6378476138553162,stable,-0.004295898269084997,0.012424951558233189
T22,0.01963927855711423,-2.5037450397344774,unstable,-0.004295898269084997,0.012424951558233189
T22,0.01973947895791583,-0.6277317493393832,stable,-0.004295898269084997,0.012424951558233189
T22,0.01973947895791583,-2.51386090425041,unstable,-0.004295898269084997,0.012424951558233189
T22,0.019839679358717433,-0.6179600710046298,stable,-0.004295898269084997,0.012424951558233189
T22,0.019839679358717433,-2.5236325825851633,unstable,-0.004295898269084997,0.012424951558233189
T22,0.01993987975951904,-0.6085137319286784,stable,-0.004295898269084997,0.012424951558233189
T22,0.01993987975951904,-2.533078921661115,unstable,-0.004295898269084997,0.012424951558233189
T22,0.02004008016032064,-0.5993753510912887,stable,-0.004295898269084997,0.012424951558233189
T22,0.02004008016032064,-2.5422173024985044,unstable,-0.004295898269084997,0.012424951558233189
T22,0.020140280561122246,-0.5905288634507535,stable,-0.004295898269084997,0.012424951558233189
T22,0.020140280561122246,-2.5510637901390396,unstable,-0.004295898269084997,0.012424951558233189
T22,0.020240480961923848,-0.5819593890944872,stable,-0.004295898269084997,0.012424951558233189
T22,0.020240480961923848,-2.5596332644953055,unstable,-0.004295898269084997,0.012424951558233189
T22,0.02034068136272545,-0.5736531185685485,stable,-0.004295898269084997,0.012424951558233189
T22,0.02034068136272545,-2.567939535021244,unstable,-0.004295898269084997,0.012424951558233189
T22,0.020440881763527055,-0.5655972119987909,stable,-0.004295898269084997,0.012424951558233189
T22,0.020440881763527055,-2.5759954415910027,unstable,-0.004295898269084997,0.012424951558233189
T22,0.020541082164328657,-0.55777971002375,stable,-0.004295898269084997,0.012424951558233189
T22,0.020541082164328657,-2.583812943566043,unstable,-0.004295898269084997,0.012424951558233189
T22,0.02064128256513026,-0.5501894548882604,stable,-0.004295898269084997,0.012424951558233189
T22,0.02064128256513026,-2.591403198701533,unstable,-0.004295898269084997,0.012424951558233189
T22,0.020741482965931864,-0.5428160203139649,stable,-0.004295898269084997,0.012424951558233189
T22,0.020741482965931864,-2.598776633275828,unstable,-0.004295898269084997,0.012424951558233189
T22,0.020841683366733466,-0.5356496489811651,stable,-0.004295898269084997,0.012424951558233189
T22,0.020841683366733466,-2.605943004608628,unstable,-0.004295898269084997,0.012424951558233189
T22,0.02094188376753507,-0.528681196635771,stable,-0.004295898269084997,0.012424951558233189
T22,0.02094188376753507,-2.6129114569540217,unstable,-0.004295898269084997,0.012424951558233189
T22,0.021042084168336674,-0.5219020819832334,stable,-0.004295898269084997,0.012424951558233189
T22,0.021042084168336674,-2.6196905716065597,unstable,-0.004295898269084997,0.012424951558233189
T22,0.021142284569138275,-0.5153042416542402,stable,-0.004295898269084997,0.012424951558233189
T22,0.021142284569138275,-2.626288411935553,unstable,-0.004295898269084997,0.012424951558233189
T22,0.02124248496993988,-0.5088800896294523,stable,-0.004295898269084997,0.012424951558233189
T22,0.02124248496993988,-2.6327125639603413,unstable,-0.004295898269084997,0.012424951558233189
T22,0.021342685370741483,-0.502622480596413,stable,-0.004295898269084997,0.012424951558233189
T22,0.021342685370741483,-2.63897017299338,unstable,-0.004295898269084997,0.012424951558233189
T22,0.021442885771543085,-0.49652467678395196,stable,-0.004295898269084997,0.012424951558233189
T22,0.021442885771543085,-2.6450679768058407,unstable,-0.004295898269084997,0.012424951558233189
T22,0.02154308617234469,-0.4905803178804131,stable,-0.004295898269084997,0.012424951558233189
T22,0.02154308617234469,-2.65101233570938,unstable,-0.004295898269084997,0.012424951558233189
T22,0.021643286573146292,-0.4847833936937245,stable,-0.004295898269084997,0.012424951558233189
T22,0.021643286573146292,-2.656809259896068,unstable,-0.004295898269084997,0.012424951558233189
T22,0.021743486973947897,-0.47912821925532967,stable,-0.004295898269084997,0.012424951558233189
T22,0.021743486973947897,-2.6624644343344634,unstable,-0.004295898269084997,0.012424951558233189
T22,0.0218436873747495,-0.4736094121075811,stable,-0.004295898269084997,0.012424951558233189
T22,0.0218436873747495,-2.6679832414822116,unstable,-0.004295898269084997,0.012424951558233189
T22,0.0219438877755511,-0.46822187154637573,stable,-0.004295898269084997,0.012424951558233189
T22,0.0219438877755511,-2.673370782043417,unstable,-0.004295898269084997,0.012424951558233189
T22,0.022044088176352707,-0.4629607596185017,stable,-0.004295898269084997,0.012424951558233189
T22,0.022044088176352707,-2.678631893971291,unstable,-0.004295898269084997,0.012424951558233189
T22,0.02214428857715431,-0.45782148369702247,stable,-0.004295898269084997,0.012424951558233189
T22,0.02214428857715431,-2.68377116989277,unstable,-0.004295898269084997,0.012424951558233189
T22,0.02224448897795591,-0.45279968047865005,stable,-0.004295898269084997,0.012424951558233189
T22,0.02224448897795591,-2.688792973111143,unstable,-0.004295898269084997,0.012424951558233189
T22,0.022344689378757516,-0.44789120126498627,stable,-0.004295898269084997,0.012424951558233189
T22,0.022344689378757516,-2.693701452324807,unstable,-0.004295898269084997,0.012424951558233189
T22,0.022444889779559118,-0.44309209840504504,stable,-0.004295898269084997,0.012424951558233189
T22,0.022444889779559118,-2.698500555184748,unstable,-0.004295898269084997,0.012424951558233189
T22,0.02254509018036072,-0.4383986127900643,stable,-0.004295898269084997,0.012424951558233189
T22,0.02254509018036072,-2.703194040799729,unstable,-0.004295898269084997,0.012424951558233189
T22,0.022645290581162325,-0.43380716230347094,stable,-0.004295898269084997,0.012424951558233189
T22,0.022645290581162325,-2.707785491286322,unstable,-0.004295898269084997,0.012424951558233189
T22,0.022745490981963927,-0.4293143311392629,stable,-0.004295898269084997,0.012424951558233189
T22,0.022745490981963927,-2.71227832245053,unstable,-0.004295898269084997,0.012424951558233189
T22,0.022845691382765532,-0.42491685991120365,stable,-0.004295898269084997,0.012424951558233189
T22,0.022845691382765532,-2.71667579367859,unstable,-0.004295898269084997,0.012424951558233189
T22,0.022945891783567134,-0.4206116364832675,stable,-0.004295898269084997,0.012424951558233189
T22,0.022945891783567134,-2.720981017106526,unstable,-0.004295898269084997,0.012424951558233189
T22,0.023046092184368736,-0.4163956874588606,stable,-0.004295898269084997,0.012424951558233189
T22,0.023046092184368736,-2.725196966130932,unstable,-0.004295898269084997,0.012424951558233189
T22,0.02314629258517034,-0.4122661702726189,stable,-0.004295898269084997,0.012424951558233189
T22,0.02314629258517034,-2.729326483317174,unstable,-0.004295898269084997,0.012424951558233189
T22,0.023246492985971944,-0.40822036583414567,stable,-0.004295898269084997,0.012424951558233189
T22,0.023246492985971944,-2.733372287755648,unstable,-0.004295898269084997,0.012424951558233189
T22,0.023346693386773545,-0.4042556716779617,stable,-0.004295898269084997,0.012424951558233189
T22,0.023346693386773545,-2.737336981911831,unstable,-0.004295898269084997,0.012424951558233189
T22,0.02344689378757515,-0.4003695955783595,stable,-0.004295898269084997,0.012424951558233189
T22,0.02344689378757515,-2.7412230580114336,unstable,-0.004295898269084997,0.012424951558233189
T22,0.023547094188376753,-0.39655974959172857,stable,-0.004295898269084997,0.012424951558233189
T22,0.023547094188376753,-2.745032903998064,unstable,-0.004295898269084997,0.012424951558233189
T22,0.023647294589178358,-0.3928238444924279,stable,-0.004295898269084997,0.012424951558233189
T22,0.023647294589178358,-2.748768809097365,unstable,-0.004295898269084997,0.012424951558233189
T22,0.02374749498997996,-0.3891596845713905,stable,-0.004295898269084997,0.012424951558233189
T22,0.02374749498997996,-2.752432969018402,unstable,-0.004295898269084997,0.012424951558233189
T22,0.023847695390781562,-0.38556516276943986,stable,-0.004295898269084997,0.012424951558233189
T22,0.023847695390781562,-2.756027490820353,unstable,-0.004295898269084997,0.012424951558233189
T22,0.023947895791583167,-0.3820382561198099,stable,-0.004295898269084997,0.012424951558233189
T22,0.023947895791583167,-2.7595543974699837,unstable,-0.004295898269084997,0.012424951558233189
T22,0.02404809619238477,-0.378577021476592,stable,-0.004295898269084997,0.012424951558233189
T22,0.02404809619238477,-2.763015632113201,unstable,-0.004295898269084997,0.012424951558233189
T22,0.02414829659318637,-0.37517959150788593,stable,-0.004295898269084997,0.012424951558233189
T22,0.02414829659318637,-2.7664130620819076,unstable,-0.004295898269084997,0.012424951558233189
T22,0.024248496993987977,-0.3718441709342266,stable,-0.004295898269084997,0.012424951558233189
T22,0.024248496993987977,-2.769748482655567,unstable,-0.004295898269084997,0.012424951558233189
T22,0.02434869739478958,-0.36856903299453236,stable,-0.004295898269084997,0.012424951558233189
T22,0.02434869739478958,-2.7730236205952608,unstable,-0.004295898269084997,0.012424951558233189
T22,0.024448897795591184,-0.36535251612328823,stable,-0.004295898269084997,0.012424951558233189
T22,0.024448897795591184,-2.7762401374665053,unstable,-0.004295898269084997,0.012424951558233189
T22,0.024549098196392786,-0.3621930208240318,stable,-0.004295898269084997,0.012424951558233189
T22,0.024549098196392786,-2.7793996327657613,unstable,-0.004295898269084997,0.012424951558233189
T22,0.024649298597194388,-0.35908900672543975,stable,-0.004295898269084997,0.012424951558233189
T22,0.024649298597194388,-2.7825036468643534,unstable,-0.004295898269084997,0.012424951558233189
T22,0.024749498997995993,-0.3560389898073968,stable,-0.004295898269084997,0.012424951558233189
T22,0.024749498997995993,-2.7855536637823963,unstable,-0.004295898269084997,0.012424951558233189
T22,0.024849699398797595,-0.3530415397854578,stable,-0.004295898269084997,0.012424951558233189
T22,0.024849699398797595,-2.788551113804335,unstable,-0.004295898269084997,0.012424951558233189
T22,0.024949899799599197,-0.35009527764301573,stable,-0.004295898269084997,0.012424951558233189
T22,0.024949899799599197,-2.7914973759467774,unstable,-0.004295898269084997,0.012424951558233189
T22,0.025050100200400802,-0.34719887330131893,stable,-0.004295898269084997,0.012424951558233189
T22,0.025050100200400802,-2.794393780288474,unstable,-0.004295898269084997,0.012424951558233189
T22,0.025150300601202404,-0.34435104341825307,stable,-0.004295898269084997,0.012424951558233189
T22,0.025150300601202404,-2.7972416101715396,unstable,-0.004295898269084997,0.012424951558233189
T22,0.02525050100200401,-0.3415505493074784,stable,-0.004295898269084997,0.012424951558233189
T22,0.02525050100200401,-2.8000421042823147,unstable,-0.004295898269084997,0.012424951558233189
T22,0.02535070140280561,-0.33879619497016034,stable,-0.004295898269084997,0.012424951558233189
T22,0.02535070140280561,-2.802796458619633,unstable,-0.004295898269084997,0.012424951558233189
T22,0.025450901803607213,-0.3360868252321034,stable,-0.004295898269084997,0.012424951558233189
T22,0.025450901803607213,-2.80550582835769,unstable,-0.004295898269084997,0.012424951558233189
T22,0.02555110220440882,-0.333421323979628,stable,-0.004295898269084997,0.012424951558233189
T22,0.02555110220440882,-2.8081713296101647,unstable,-0.004295898269084997,0.012424951558233189
T22,0.02565130260521042,-0.33079861248801645,stable,-0.004295898269084997,0.012424951558233189
T22,0.02565130260521042,-2.8107940411017767,unstable,-0.004295898269084997,0.012424951558233189
T22,0.025751503006012023,-0.3282176478368015,stable,-0.004295898269084997,0.012424951558233189
T22,0.025751503006012023,-2.8133750057529916,unstable,-0.004295898269084997,0.012424951558233189
T22,0.025851703406813628,-0.3256774214065765,stable,-0.004295898269084997,0.012424951558233189
T22,0.025851703406813628,-2.815915232183217,unstable,-0.004295898269084997,0.012424951558233189
T22,0.02595190380761523,-0.32317695745238595,stable,-0.004295898269084997,0.012424951558233189
T22,0.02595190380761523,-2.818415696137407,unstable,-0.004295898269084997,0.012424951558233189
T22,0.026052104208416832,-0.3207153117490926,stable,-0.004295898269084997,0.012424951558233189
T22,0.026052104208416832,-2.820877341840701,unstable,-0.004295898269084997,0.012424951558233189
T22,0.026152304609218437,-0.31829157030445154,stable,-0.004295898269084997,0.012424951558233189
T22,0.026152304609218437,-2.823301083285342,unstable,-0.004295898269084997,0.012424951558233189
T22,0.02625250501002004,-0.31590484813589503,stable,-0.004295898269084997,0.012424951558233189
T22,0.02625250501002004,-2.8256878054538976,unstable,-0.004295898269084997,0.012424951558233189
T22,0.026352705410821645,-0.3135542881073192,stable,-0.004295898269084997,0.012424951558233189
T22,0.026352705410821645,-2.828038365482474,unstable,-0.004295898269084997,0.012424951558233189
T22,0.026452905811623247,-0.3112390598224044,stable,-0.004295898269084997,0.012424951558233189
T22,0.026452905811623247,-2.8303535937673887,unstable,-0.004295898269084997,0.012424951558233189
T22,0.02655310621242485,-0.3089583585712319,stable,-0.004295898269084997,0.012424951558233189
T22,0.02655310621242485,-2.8326342950185612,unstable,-0.004295898269084997,0.012424951558233189
T22,0.026653306613226454,-0.30671140432718014,stable,-0.004295898269084997,0.012424951558233189
T22,0.026653306613226454,-2.8348812492626134,unstable,-0.004295898269084997,0.012424951558233189
T22,0.026753507014028056,-0.3044974407912724,stable,-0.004295898269084997,0.012424951558233189
T22,0.026753507014028056,-2.8370952127985207,unstable,-0.004295898269084997,0.012424951558233189
T22,0.026853707414829658,-0.30231573448133453,stable,-0.004295898269084997,0.012424951558233189
T22,0.026853707414829658,-2.8392769191084586,unstable,-0.004295898269084997,0.012424951558233189
T22,0.026953907815631263,-0.3001655738634903,stable,-0.004295898269084997,0.012424951558233189
T22,0.026953907815631263,-2.8414270797263033,unstable,-0.004295898269084997,0.012424951558233189
T22,0.027054108216432865,-0.29804626852368177,stable,-0.004295898269084997,0.012424951558233189
T22,0.027054108216432865,-2.8435463850661113,unstable,-0.004295898269084997,0.012424951558233189
T22,0.02715430861723447,-0.2959571483770427,stable,-0.004295898269084997,0.012424951558233189
T22,0.02715430861723447,-2.8456355052127504,unstable,-0.004295898269084997,0.012424951558233189
T22,0.027254509018036072,-0.2938975629130889,stable,-0.004295898269084997,0.012424951558233189
T22,0.027254509018036072,-2.8476950906767042,unstable,-0.004295898269084997,0.012424951558233189
T22,0.027354709418837674,-0.2918668804748248,stable,-0.004295898269084997,0.012424951558233189
T22,0.027354709418837674,-2.8497257731149688,unstable,-0.004295898269084997,0.012424951558233189
T22,0.02745490981963928,-0.28986448756996497,stable,-0.004295898269084997,0.012424951558233189
T22,0.02745490981963928,-2.8517281660198286,unstable,-0.004295898269084997,0.012424951558233189
T22,0.02755511022044088,-0.2878897882125986,stable,-0.004295898269084997,0.012424951558233189
T22,0.02755511022044088,-2.853702865377194,unstable,-0.004295898269084997,0.012424951558233189
T22,0.027655310621242483,-0.28594220329370446,stable,-0.004295898269084997,0.012424951558233189
T22,0.027655310621242483,-2.855650450296089,unstable,-0.004295898269084997,0.012424951558233189
T22,0.02775551102204409,-0.28402116997904336,stable,-0.004295898269084997,0.012424951558233189
T22,0.02775551102204409,-2.8575714836107498,unstable,-0.004295898269084997,0.012424951558233189
T22,0.02785571142284569,-0.28212614113301626,stable,-0.004295898269084997,0.012424951558233189
T22,0.02785571142284569,-2.859466512456777,unstable,-0.004295898269084997,0.012424951558233189
T22,0.027955911823647296,-0.28025658476718185,stable,-0.004295898269084997,0.012424951558233189
T22,0.027955911823647296,-2.8613360688226113,unstable,-0.004295898269084997,0.012424951558233189
T22,0.028056112224448898,-0.2784119835121901,stable,-0.004295898269084997,0.012424951558233189
T22,0.028056112224448898,-2.863180670077603,unstable,-0.004295898269084997,0.012424951558233189
T22,0.0281563126252505,-0.2765918341119624,stable,-0.004295898269084997,0.012424951558233189
T22,0.0281563126252505,-2.8650008194778307,unstable,-0.004295898269084997,0.012424951558233189
T22,0.028256513026052105,-0.27479564693902025,stable,-0.004295898269084997,0.012424951558233189
T22,0.028256513026052105,-2.8667970066507724,unstable,-0.004295898269084997,0.012424951558233189
T22,0.028356713426853707,-0.2730229455299251,stable,-0.004295898269084997,0.012424951558233189
T22,0.028356713426853707,-2.8685697080598676,unstable,-0.004295898269084997,0.012424951558233189
T22,0.02845691382765531,-0.2712732661398438,stable,-0.004295898269084997,0.012424951558233189
T22,0.02845691382765531,-2.8703193874499497,unstable,-0.004295898269084997,0.012424951558233189
T22,0.028557114228456915,-0.26954615731532483,stable,-0.004295898269084997,0.012424951558233189
T22,0.028557114228456915,-2.872046496274468,unstable,-0.004295898269084997,0.012424951558233189
T22,0.028657314629258517,-0.2678411794843991,stable,-0.004295898269084997,0.012424951558233189
T22,0.028657314629258517,-2.8737514741053936,unstable,-0.004295898269084997,0.012424951558233189
T22,0.028757515030060122,-0.2661579045631939,stable,-0.004295898269084997,0.012424951558233189
T22,0.028757515030060122,-2.8754347490265992,unstable,-0.004295898269084997,0.012424951558233189
T22,0.028857715430861724,-0.2644959155782689,stable,-0.004295898269084997,0.012424951558233189
T22,0.028857715430861724,-2.8770967380115238,unstable,-0.004295898269084997,0.012424951558233189
T22,0.028957915831663326,-0.26285480630394087,stable,-0.004295898269084997,0.012424951558233189
T22,0.028957915831663326,-2.8787378472858522,unstable,-0.004295898269084997,0.012424951558233189
T22,0.02905811623246493,-0.2612341809139025,stable,-0.004295898269084997,0.012424951558233189
T22,0.02905811623246493,-2.8803584726758906,unstable,-0.004295898269084997,0.012424951558233189
T22,0.029158316633266533,-0.25963365364646673,stable,-0.004295898269084997,0.012424951558233189
T22,0.029158316633266533,-2.8819589999433264,unstable,-0.004295898269084997,0.012424951558233189
T22,0.029258517034068135,-0.25805284848281795,stable,-0.004295898269084997,0.012424951558233189
T22,0.029258517034068135,-2.8835398051069756,unstable,-0.004295898269084997,0.012424951558233189
T22,0.02935871743486974,-0.2564913988376758,stable,-0.004295898269084997,0.012424951558233189
T22,0.02935871743486974,-2.885101254752117,unstable,-0.004295898269084997,0.012424951558233189
T22,0.029458917835671342,-0.2549489472618074,stable,-0.004295898269084997,0.012424951558233189
T22,0.029458917835671342,-2.8866437063279857,unstable,-0.004295898269084997,0.012424951558233189
T22,0.029559118236472944,-0.2534251451558589,stable,-0.004295898269084997,0.012424951558233189
T22,0.029559118236472944,-2.888167508433934,unstable,-0.004295898269084997,0.012424951558233189
T22,0.02965931863727455,-0.2519196524949989,stable,-0.004295898269084997,0.012424951558233189
T22,0.02965931863727455,-2.8896730010947937,unstable,-0.004295898269084997,0.012424951558233189
T22,0.02975951903807615,-0.25043213756389804,stable,-0.004295898269084997,0.012424951558233189
T22,0.02975951903807615,-2.891160516025895,unstable,-0.004295898269084997,0.012424951558233189
T22,0.029859719438877757,-0.24896227670158488,stable,-0.004295898269084997,0.012424951558233189
T22,0.029859719438877757,-2.8926303768882082,unstable,-0.004295898269084997,0.012424951558233189
T22,0.02995991983967936,-0.24750975405575337,stable,-0.004295898269084997,0.012424951558233189
T22,0.02995991983967936,-2.8940828995340393,unstable,-0.004295898269084997,0.012424951558233189
T22,0.03006012024048096,-0.2460742613461031,stable,-0.004295898269084997,0.012424951558233189
T22,0.03006012024048096,-2.89551839224369,unstable,-0.004295898269084997,0.012424951558233189
T22,0.030160320641282566,-0.24465549763633154,stable,-0.004295898269084997,0.012424951558233189
T22,0.030160320641282566,-2.896937155953461,unstable,-0.004295898269084997,0.012424951558233189
T22,0.030260521042084168,-0.2432531691144031,stable,-0.004295898269084997,0.012424951558233189
T22,0.030260521042084168,-2.8983394844753896,unstable,-0.004295898269084997,0.012424951558233189
T22,0.03036072144288577,-0.24186698888073987,stable,-0.004295898269084997,0.012424951558233189
T22,0.03036072144288577,-2.8997256647090532,unstable,-0.004295898269084997,0.012424951558233189
T22,0.030460921843687375,-0.24049667674400999,stable,-0.004295898269084997,0.012424951558233189
T22,0.030460921843687375,-2.9010959768457827,unstable,-0.004295898269084997,0.012424951558233189
T22,0.030561122244488977,-0.239141959024181,stable,-0.004295898269084997,0.012424951558233189
T22,0.030561122244488977,-2.902450694565612,unstable,-0.004295898269084997,0.012424951558233189
T22,0.030661322645290583,-0.23780256836254443,stable,-0.004295898269084997,0.012424951558233189
T22,0.030661322645290583,-2.9037900852272482,unstable,-0.004295898269084997,0.012424951558233189
T22,0.030761523046092185,-0.23647824353842095,stable,-0.004295898269084997,0.012424951558233189
T22,0.030761523046092185,-2.9051144100513717,unstable,-0.004295898269084997,0.012424951558233189
T22,0.030861723446893786,-0.23516872929226862,stable,-0.004295898269084997,0.012424951558233189
T22,0.030861723446893786,-2.906423924297524,unstable,-0.004295898269084997,0.012424951558233189
T22,0.030961923847695392,-0.2338737761549332,stable,-0.004295898269084997,0.012424951558233189
T22,0.030961923847695392,-2.90771887743486,unstable,-0.004295898269084997,0.012424951558233189
T22,0.031062124248496994,-0.2325931402827921,stable,-0.004295898269084997,0.012424951558233189
T22,0.031062124248496994,-2.908999513307001,unstable,-0.004295898269084997,0.012424951558233189
T22,0.031162324649298596,-0.2313265832985527,stable,-0.004295898269084997,0.012424951558233189
T22,0.031162324649298596,-2.9102660702912404,unstable,-0.004295898269084997,0.012424951558233189
T22,0.0312625250501002,-0.23007387213747732,stable,-0.004295898269084997,0.012424951558233189
T22,0.0312625250501002,-2.9115187814523154,unstable,-0.004295898269084997,0.012424951558233189
T22,0.0313627254509018,-0.22883477889881876,stable,-0.004295898269084997,0.012424951558233189
T22,0.0313627254509018,-2.912757874690975,unstable,-0.004295898269084997,0.012424951558233189
T22,0.031462925851703405,-0.22760908070226016,stable,-0.004295898269084997,0.012424951558233189
T22,0.031462925851703405,-2.913983572887533,unstable,-0.004295898269084997,0.012424951558233189
T22,0.03156312625250501,-0.22639655954916238,stable,-0.004295898269084997,0.012424951558233189
T22,0.03156312625250501,-2.915196094040631,unstable,-0.004295898269084997,0.012424951558233189
T22,0.031663326653306616,-0.2251970021884273,stable,-0.004295898269084997,0.012424951558233189
T22,0.031663326653306616,-2.9163956514013663,unstable,-0.004295898269084997,0.012424951558233189
T22,0.03176352705410822,-0.22401019998680294,stable,-0.004295898269084997,0.012424951558233189
T22,0.03176352705410822,-2.91758245360299,unstable,-0.004295898269084997,0.012424951558233189
T22,0.03186372745490982,-0.2228359488034508,stable,-0.004295898269084997,0.012424951558233189
T22,0.03186372745490982,-2.9187567047863423,unstable,-0.004295898269084997,0.012424951558233189
T22,0.03196392785571142,-0.22167404886861686,stable,-0.004295898269084997,0.012424951558233189
T22,0.03196392785571142,-2.9199186047211763,unstable,-0.004295898269084997,0.012424951558233189
T22,0.03206412825651302,-0.22052430466625017,stable,-0.004295898269084997,0.012424951558233189
T22,0.03206412825651302,-2.9210683489235425,unstable,-0.004295898269084997,0.012424951558233189
T22,0.03216432865731463,-0.21938652482041343,stable,-0.004295898269084997,0.012424951558233189
T22,0.03216432865731463,-2.92220612876938,unstable,-0.004295898269084997,0.012424951558233189
T22,0.032264529058116234,-0.21826052198534507,stable,-0.004295898269084997,0.012424951558233189
T22,0.032264529058116234,-2.9233321316044485,unstable,-0.004295898269084997,0.012424951558233189
T22,0.032364729458917836,-0.21714611273903772,stable,-0.004295898269084997,0.012424951558233189
T22,0.032364729458917836,-2.924446540850756,unstable,-0.004295898269084997,0.012424951558233189
T22,0.03246492985971944,-0.21604311748019578,stable,-0.004295898269084997,0.012424951558233189
T22,0.03246492985971944,-2.925549536109598,unstable,-0.004295898269084997,0.012424951558233189
T22,0.03256513026052104,-0.2149513603284534,stable,-0.004295898269084997,0.012424951558233189
T22,0.03256513026052104,-2.9266412932613397,unstable,-0.004295898269084997,0.012424951558233189
T22,0.03266533066132264,-0.21387066902772567,stable,-0.004295898269084997,0.012424951558233189
T22,0.03266533066132264,-2.9277219845620674,unstable,-0.004295898269084997,0.012424951558233189
T22,0.03276553106212425,-0.2128008748525838,stable,-0.004295898269084997,0.012424951558233189
T22,0.03276553106212425,-2.9287917787372093,unstable,-0.004295898269084997,0.012424951558233189
T22,0.03286573146292585,-0.21174181251753854,stable,-0.004295898269084997,0.012424951558233189
T22,0.03286573146292585,-2.9298508410722546,unstable,-0.004295898269084997,0.012424951558233189
T22,0.032965931863727455,-0.21069332008912944,stable,-0.004295898269084997,0.012424951558233189
T22,0.032965931863727455,-2.9308993335006637,unstable,-0.004295898269084997,0.012424951558233189
T22,0.033066132264529056,-0.2096552389007158,stable,-0.004295898269084997,0.012424951558233189
T22,0.033066132264529056,-2.9319374146890773,unstable,-0.004295898269084997,0.012424951558233189
T22,0.03316633266533066,-0.2086274134698778,stable,-0.004295898269084997,0.012424951558233189
T22,0.03316633266533066,-2.9329652401199153,unstable,-0.004295898269084997,0.012424951558233189
T22,0.03326653306613227,-0.20760969141832497,stable,-0.004295898269084997,0.012424951558233189
T22,0.03326653306613227,-2.933982962171468,unstable,-0.004295898269084997,0.012424951558233189
T22,0.03336673346693387,-0.2066019233942309,stable,-0.004295898269084997,0.012424951558233189
T22,0.03336673346693387,-2.934990730195562,unstable,-0.004295898269084997,0.012424951558233189
T22,0.03346693386773547,-0.20560396299690797,stable,-0.004295898269084997,0.012424951558233189
T22,0.03346693386773547,-2.935988690592885,unstable,-0.004295898269084997,0.012424951558233189
T22,0.03356713426853707,-0.20461566670373177,stable,-0.004295898269084997,0.012424951558233189
T22,0.03356713426853707,-2.9369769868860613,unstable,-0.004295898269084997,0.012424951558233189
T22,0.033667334669338675,-0.203636893799247,stable,-0.004295898269084997,0.012424951558233189
T22,0.033667334669338675,-2.9379557597905457,unstable,-0.004295898269084997,0.012424951558233189
T22,0.033767535070140284,-0.20266750630637143,stable,-0.004295898269084997,0.012424951558233189
T22,0.033767535070140284,-2.938925147283422,unstable,-0.004295898269084997,0.012424951558233189
T22,0.033867735470941886,-0.20170736891962848,stable,-0.004295898269084997,0.012424951558233189
T22,0.033867735470941886,-2.939885284670165,unstable,-0.004295898269084997,0.012424951558233189
T22,0.03396793587174349,-0.20075634894033811,stable,-0.004295898269084997,0.012424951558233189
T22,0.03396793587174349,-2.940836304649455,unstable,-0.004295898269084997,0.012424951558233189
T22,0.03406813627254509,-0.19981431621369605,stable,-0.004295898269084997,0.012424951558233189
T22,0.03406813627254509,-2.941778337376097,unstable,-0.004295898269084997,0.012424951558233189
T22,0.03416833667334669,-0.198881143067684,stable,-0.004295898269084997,0.012424951558233189
T22,0.03416833667334669,-2.942711510522109,unstable,-0.004295898269084997,0.012424951558233189
T22,0.03426853707414829,-0.1979567042537398,stable,-0.004295898269084997,0.012424951558233189
T22,0.03426853707414829,-2.9436359493360538,unstable,-0.004295898269084997,0.012424951558233189
T22,0.0343687374749499,-0.19704087688913452,stable,-0.004295898269084997,0.012424951558233189
T22,0.0343687374749499,-2.944551776700658,unstable,-0.004295898269084997,0.012424951558233189
T22,0.034468937875751504,-0.19613354040099606,stable,-0.004295898269084997,0.012424951558233189
T22,0.034468937875751504,-2.9454591131887966,unstable,-0.004295898269084997,0.012424951558233189
T22,0.034569138276553106,-0.19523457647192632,stable,-0.004295898269084997,0.012424951558233189
T22,0.034569138276553106,-2.946358077117867,unstable,-0.004295898269084997,0.012424951558233189
T22,0.03466933867735471,-0.19434386898715816,stable,-0.004295898269084997,0.012424951558233189
T22,0.03466933867735471,-2.9472487846026354,unstable,-0.004295898269084997,0.012424951558233189
T22,0.03476953907815631,-0.19346130398319783,stable,-0.004295898269084997,0.012424951558233189
T22,0.03476953907815631,-2.9481313496065953,unstable,-0.004295898269084997,0.012424951558233189
T22,0.03486973947895792,-0.1925867695979102,stable,-0.004295898269084997,0.012424951558233189
T22,0.03486973947895792,-2.949005883991883,unstable,-0.004295898269084997,0.012424951558233189
T22,0.03496993987975952,-0.1917201560219972,stable,-0.004295898269084997,0.012424951558233189
T22,0.03496993987975952,-2.949872497567796,unstable,-0.004295898269084997,0.012424951558233189
T22,0.03507014028056112,-0.1908613554518177,stable,-0.004295898269084997,0.012424951558233189
T22,0.03507014028056112,-2.950731298137976,unstable,-0.004295898269084997,0.012424951558233189
T22,0.035170340681362725,-0.19001026204351756,stable,-0.004295898269084997,0.012424951558233189
T22,0.035170340681362725,-2.9515823915462756,unstable,-0.004295898269084997,0.012424951558233189
T22,0.035270541082164326,-0.18916677186841602,stable,-0.004295898269084997,0.012424951558233189
T22,0.035270541082164326,-2.9524258817213767,unstable,-0.004295898269084997,0.012424951558233189
T22,0.03537074148296593,-0.18833078286961547,stable,-0.004295898269084997,0.012424951558233189
T22,0.03537074148296593,-2.953261870720178,unstable,-0.004295898269084997,0.012424951558233189
T22,0.03547094188376754,-0.18750219481979036,stable,-0.004295898269084997,0.012424951558233189
T22,0.03547094188376754,-2.9540904587700023,unstable,-0.004295898269084997,0.012424951558233189
T22,0.03557114228456914,-0.18668090928012404,stable,-0.004295898269084997,0.012424951558233189
T22,0.03557114228456914,-2.954911744309669,unstable,-0.004295898269084997,0.012424951558233189
T22,0.03567134268537074,-0.18586682956034917,stable,-0.004295898269084997,0.012424951558233189
T22,0.03567134268537074,-2.955725824029444,unstable,-0.004295898269084997,0.012424951558233189
T22,0.03577154308617234,-0.1850598606798628,stable,-0.004295898269084997,0.012424951558233189
T22,0.03577154308617234,-2.9565327929099308,unstable,-0.004295898269084997,0.012424951558233189
T22,0.035871743486973945,-0.1842599093298829,stable,-0.004295898269084997,0.012424951558233189
T22,0.035871743486973945,-2.9573327442599098,unstable,-0.004295898269084997,0.012424951558233189
T22,0.035971943887775554,-0.18346688383660714,stable,-0.004295898269084997,0.012424951558233189
T22,0.035971943887775554,-2.9581257697531864,unstable,-0.004295898269084997,0.012424951558233189
T22,0.036072144288577156,-0.1826806941253527,stable,-0.004295898269084997,0.012424951558233189
T22,0.036072144288577156,-2.958911959464441,unstable,-0.004295898269084997,0.012424951558233189
T22,0.03617234468937876,-0.18190125168563442,stable,-0.004295898269084997,0.012424951558233189
T22,0.03617234468937876,-2.959691401904159,unstable,-0.004295898269084997,0.012424951558233189
T22,0.03627254509018036,-0.18112846953716666,stable,-0.004295898269084997,0.012424951558233189
T22,0.03627254509018036,-2.9604641840526265,unstable,-0.004295898269084997,0.012424951558233189
T22,0.03637274549098196,-0.18036226219674845,stable,-0.004295898269084997,0.012424951558233189
T22,0.03637274549098196,-2.9612303913930447,unstable,-0.004295898269084997,0.012424951558233189
T22,0.03647294589178357,-0.1796025456460102,stable,-0.004295898269084997,0.012424951558233189
T22,0.03647294589178357,-2.961990107943783,unstable,-0.004295898269084997,0.012424951558233189
T22,0.03657314629258517,-0.1788492372999979,stable,-0.004295898269084997,0.012424951558233189
T22,0.03657314629258517,-2.962743416289795,unstable,-0.004295898269084997,0.012424951558233189
T22,0.036673346693386774,-0.1781022559765626,stable,-0.004295898269084997,0.012424951558233189
T22,0.036673346693386774,-2.9634903976132305,unstable,-0.004295898269084997,0.012424951558233189
T22,0.036773547094188376,-0.17736152186654097,stable,-0.004295898269084997,0.012424951558233189
T22,0.036773547094188376,-2.9642311317232526,unstable,-0.004295898269084997,0.012424951558233189
T22,0.03687374749498998,-0.17662695650469162,stable,-0.004295898269084997,0.012424951558233189
T22,0.03687374749498998,-2.964965697085102,unstable,-0.004295898269084997,0.012424951558233189
T22,0.03697394789579158,-0.1758984827413732,stable,-0.004295898269084997,0.012424951558233189
T22,0.03697394789579158,-2.96569417084842,unstable,-0.004295898269084997,0.012424951558233189
T22,0.03707414829659319,-0.1751760247149421,stable,-0.004295898269084997,0.012424951558233189
T22,0.03707414829659319,-2.9664166288748515,unstable,-0.004295898269084997,0.012424951558233189
T22,0.03717434869739479,-0.1744595078248401,stable,-0.004295898269084997,0.012424951558233189
T22,0.03717434869739479,-2.9671331457649526,unstable,-0.004295898269084997,0.012424951558233189
T22,0.03727454909819639,-0.1737488587053626,stable,-0.004295898269084997,0.012424951558233189
T22,0.03727454909819639,-2.9678437948844305,unstable,-0.004295898269084997,0.012424951558233189
T22,0.037374749498997994,-0.17304400520008034,stable,-0.004295898269084997,0.012424951558233189
T22,0.037374749498997994,-2.9685486483897128,unstable,-0.004295898269084997,0.012424951558233189
T22,0.037474949899799596,-0.17234487633689666,stable,-0.004295898269084997,0.012424951558233189
T22,0.037474949899799596,-2.969247777252896,unstable,-0.004295898269084997,0.012424951558233189
T22,0.037575150300601205,-0.1716514023037261,stable,-0.004295898269084997,0.012424951558233189
T22,0.037575150300601205,-2.969941251286067,unstable,-0.004295898269084997,0.012424951558233189
T22,0.03767535070140281,-0.1709635144247672,stable,-0.004295898269084997,0.012424951558233189
T22,0.03767535070140281,-2.970629139165026,unstable,-0.004295898269084997,0.012424951558233189
T22,0.03777555110220441,-0.17028114513736403,stable,-0.004295898269084997,0.012424951558233189
T22,0.03777555110220441,-2.9713115084524286,unstable,-0.004295898269084997,0.012424951558233189
T22,0.03787575150300601,-0.1696042279694323,stable,-0.004295898269084997,0.012424951558233189
T22,0.03787575150300601,-2.971988425620361,unstable,-0.004295898269084997,0.012424951558233189
T22,0.03797595190380761,-0.16893269751743123,stable,-0.004295898269084997,0.012424951558233189
T22,0.03797595190380761,-2.972659956072362,unstable,-0.004295898269084997,0.012424951558233189
T22,0.03807615230460922,-0.16826648942487488,stable,-0.004295898269084997,0.012424951558233189
T22,0.03807615230460922,-2.9733261641649182,unstable,-0.004295898269084997,0.012424951558233189
T22,0.038176352705410824,-0.167605540361361,stable,-0.004295898269084997,0.012424951558233189
T22,0.038176352705410824,-2.973987113228432,unstable,-0.004295898269084997,0.012424951558233189
T22,0.038276553106212426,-0.16694978800210292,stable,-0.004295898269084997,0.012424951558233189
T22,0.038276553106212426,-2.9746428655876898,unstable,-0.004295898269084997,0.012424951558233189
T22,0.03837675350701403,-0.1662991710079531,stable,-0.004295898269084997,0.012424951558233189
T22,0.03837675350701403,-2.97529348258184,unstable,-0.004295898269084997,0.012424951558233189
T22,0.03847695390781563,-0.1656536290059023,stable,-0.004295898269084997,0.012424951558233189
T22,0.03847695390781563,-2.975939024583891,unstable,-0.004295898269084997,0.012424951558233189
T22,0.03857715430861723,-0.16501310257004453,stable,-0.004295898269084997,0.012424951558233189
T22,0.03857715430861723,-2.976579551019748,unstable,-0.004295898269084997,0.012424951558233189
T22,0.03867735470941884,-0.16437753320298842,stable,-0.004295898269084997,0.012424951558233189
T22,0.03867735470941884,-2.9772151203868047,unstable,-0.004295898269084997,0.012424951558233189
T22,0.03877755511022044,-0.16374686331770993,stable,-0.004295898269084997,0.012424951558233189
T22,0.03877755511022044,-2.9778457902720827,unstable,-0.004295898269084997,0.012424951558233189
T22,0.038877755511022044,-0.16312103621983098,stable,-0.004295898269084997,0.012424951558233189
T22,0.038877755511022044,-2.978471617369962,unstable,-0.004295898269084997,0.012424951558233189
T22,0.038977955911823646,-0.1624999960903093,stable,-0.004295898269084997,0.012424951558233189
T22,0.038977955911823646,-2.979092657499484,unstable,-0.004295898269084997,0.012424951558233189
T22,0.03907815631262525,-0.1618836879685337,stable,-0.004295898269084997,0.012424951558233189
T22,0.03907815631262525,-2.97970896562126,unstable,-0.004295898269084997,0.012424951558233189
T22,0.03917835671342686,-0.16127205773581288,stable,-0.004295898269084997,0.012424951558233189
T22,0.03917835671342686,-2.9803205958539802,unstable,-0.004295898269084997,0.012424951558233189
T22,0.03927855711422846,-0.1606650520992421,stable,-0.004295898269084997,0.012424951558233189
T22,0.03927855711422846,-2.980927601490551,unstable,-0.004295898269084997,0.012424951558233189
T22,0.03937875751503006,-0.16006261857594195,stable,-0.004295898269084997,0.012424951558233189
T22,0.03937875751503006,-2.9815300350138507,unstable,-0.004295898269084997,0.012424951558233189
T22,0.03947895791583166,-0.159464705477661,stable,-0.004295898269084997,0.012424951558233189
T22,0.03947895791583166,-2.982127948112132,unstable,-0.004295898269084997,0.012424951558233189
T22,0.039579158316633264,-0.1588712618957273,stable,-0.004295898269084997,0.012424951558233189
T22,0.039579158316633264,-2.9827213916940654,unstable,-0.004295898269084997,0.012424951558233189
T22,0.039679358717434866,-0.15828223768634153,stable,-0.004295898269084997,0.012424951558233189
T22,0.039679358717434866,-2.9833104159034516,unstable,-0.004295898269084997,0.012424951558233189
T22,0.039779559118236475,-0.15769758345620577,stable,-0.004295898269084997,0.012424951558233189
T22,0.039779559118236475,-2.9838950701335873,unstable,-0.004295898269084997,0.012424951558233189
T22,0.03987975951903808,-0.15711725054847436,stable,-0.004295898269084997,0.012424951558233189
T22,0.03987975951903808,-2.984475403041319,unstable,-0.004295898269084997,0.012424951558233189
T22,0.03997995991983968,-0.15654119102902175,stable,-0.004295898269084997,0.012424951558233189
T22,0.03997995991983968,-2.9850514625607714,unstable,-0.004295898269084997,0.012424951558233189
T22,0.04008016032064128,-0.15596935767301723,stable,-0.004295898269084997,0.012424951558233189
T22,0.04008016032064128,-2.985623295916776,unstable,-0.004295898269084997,0.012424951558233189
T22,0.04018036072144288,-0.15540170395179764,stable,-0.004295898269084997,0.012424951558233189
T22,0.04018036072144288,-2.9861909496379955,unstable,-0.004295898269084997,0.012424951558233189
T22,0.04028056112224449,-0.15483818402003635,stable,-0.004295898269084997,0.012424951558233189
T22,0.04028056112224449,-2.9867544695697568,unstable,-0.004295898269084997,0.012424951558233189
T22,0.040380761523046094,-0.15427875270319014,stable,-0.004295898269084997,0.012424951558233189
T22,0.040380761523046094,-2.987313900886603,unstable,-0.004295898269084997,0.012424951558233189
T22,0.040480961923847696,-0.15372336548522636,stable,-0.004295898269084997,0.012424951558233189
T22,0.040480961923847696,-2.9878692881045668,unstable,-0.004295898269084997,0.012424951558233189
T22,0.0405811623246493,-0.153171978496621,stable,-0.004295898269084997,0.012424951558233189
T22,0.0405811623246493,-2.988420675093172,unstable,-0.004295898269084997,0.012424951558233189
T22,0.0406813627254509,-0.15262454850261475,stable,-0.004295898269084997,0.012424951558233189
T22,0.0406813627254509,-2.988968105087178,unstable,-0.004295898269084997,0.012424951558233189
T22,0.04078156312625251,-0.1520810328917297,stable,-0.004295898269084997,0.012424951558233189
T22,0.04078156312625251,-2.989511620698064,unstable,-0.004295898269084997,0.012424951558233189
T22,0.04088176352705411,-0.15154138966453345,stable,-0.004295898269084997,0.012424951558233189
T22,0.04088176352705411,-2.9900512639252597,unstable,-0.004295898269084997,0.012424951558233189
T22,0.04098196392785571,-0.1510055774226453,stable,-0.004295898269084997,0.012424951558233189
T22,0.04098196392785571,-2.990587076167148,unstable,-0.004295898269084997,0.012424951558233189
T22,0.041082164328657314,-0.15047355535798168,stable,-0.004295898269084997,0.012424951558233189
T22,0.041082164328657314,-2.9911190982318114,unstable,-0.004295898269084997,0.012424951558233189
T22,0.041182364729458916,-0.14994528324223166,stable,-0.004295898269084997,0.012424951558233189
T22,0.041182364729458916,-2.991647370347561,unstable,-0.004295898269084997,0.012424951558233189
T22,0.04128256513026052,-0.14942072141655727,stable,-0.004295898269084997,0.012424951558233189
T22,0.04128256513026052,-2.9921719321732354,unstable,-0.004295898269084997,0.012424951558233189
T22,0.04138276553106213,-0.14889983078151303,stable,-0.004295898269084997,0.012424951558233189
T22,0.04138276553106213,-2.99269282280828,unstable,-0.004295898269084997,0.012424951558233189
T22,0.04148296593186373,-0.1483825727871828,stable,-0.004295898269084997,0.012424951558233189
T22,0.04148296593186373,-2.9932100808026103,unstable,-0.004295898269084997,0.012424951558233189
T22,0.04158316633266533,-0.14786890942351993,stable,-0.004295898269084997,0.012424951558233189
T22,0.04158316633266533,-2.9937237441662727,unstable,-0.004295898269084997,0.012424951558233189
T22,0.04168336673346693,-0.14735880321089612,stable,-0.004295898269084997,0.012424951558233189
T22,0.04168336673346693,-2.9942338503788974,unstable,-0.004295898269084997,0.012424951558233189
T22,0.041783567134268534,-0.14685221719084707,stable,-0.004295898269084997,0.012424951558233189
T22,0.041783567134268534,-2.9947404363989456,unstable,-0.004295898269084997,0.012424951558233189
T22,0.04188376753507014,-0.14634911491701041,stable,-0.004295898269084997,0.012424951558233189
T22,0.04188376753507014,-2.995243538672783,unstable,-0.004295898269084997,0.012424951558233189
T22,0.041983967935871745,-0.1458494604462568,stable,-0.004295898269084997,0.012424951558233189
T22,0.041983967935871745,-2.995743193143536,unstable,-0.004295898269084997,0.012424951558233189
T22,0.04208416833667335,-0.14535321832999992,stable,-0.004295898269084997,0.012424951558233189
T22,0.04208416833667335,-2.9962394352597936,unstable,-0.004295898269084997,0.012424951558233189
T22,0.04218436873747495,-0.14486035360569138,stable,-0.004295898269084997,0.012424951558233189
T22,0.04218436873747495,-2.9967322999841013,unstable,-0.004295898269084997,0.012424951558233189
T22,0.04228456913827655,-0.14437083178848908,stable,-0.004295898269084997,0.012424951558233189
T22,0.04228456913827655,-2.997221821801304,unstable,-0.004295898269084997,0.012424951558233189
T22,0.04238476953907815,-0.14388461886309578,stable,-0.004295898269084997,0.012424951558233189
T22,0.04238476953907815,-2.9977080347266973,unstable,-0.004295898269084997,0.012424951558233189
T22,0.04248496993987976,-0.14340168127576858,stable,-0.004295898269084997,0.012424951558233189
T22,0.04248496993987976,-2.998190972314024,unstable,-0.004295898269084997,0.012424951558233189
T22,0.042585170340681364,-0.14292198592648697,stable,-0.004295898269084997,0.012424951558233189
T22,0.042585170340681364,-2.9986706676633066,unstable,-0.004295898269084997,0.012424951558233189
T22,0.042685370741482966,-0.14244550016128477,stable,-0.004295898269084997,0.012424951558233189
T22,0.042685370741482966,-2.999147153428508,unstable,-0.004295898269084997,0.012424951558233189
T22,0.04278557114228457,-0.14197219176473475,stable,-0.004295898269084997,0.012424951558233189
T22,0.04278557114228457,-2.9996204618250584,unstable,-0.004295898269084997,0.012424951558233189
T22,0.04288577154308617,-0.14150202895258657,stable,-0.004295898269084997,0.012424951558233189
T22,0.04288577154308617,-3.000090624637206,unstable,-0.004295898269084997,0.012424951558233189
T22,0.04298597194388778,-0.1410349803645512,stable,-0.004295898269084997,0.012424951558233189
T22,0.04298597194388778,-3.0005576732252415,unstable,-0.004295898269084997,0.012424951558233189
T22,0.04308617234468938,-0.14057101505723368,stable,-0.004295898269084997,0.012424951558233189
T22,0.04308617234468938,-3.00102163853256,unstable,-0.004295898269084997,0.012424951558233189
T22,0.04318637274549098,-0.14011010249720357,stable,-0.004295898269084997,0.012424951558233189
T22,0.04318637274549098,-3.0014825510925895,unstable,-0.004295898269084997,0.012424951558233189
T22,0.043286573146292584,-0.13965221255420612,stable,-0.004295898269084997,0.012424951558233189
T22,0.043286573146292584,-3.001940441035587,unstable,-0.004295898269084997,0.012424951558233189
T22,0.043386773547094186,-0.1391973154945072,stable,-0.004295898269084997,0.012424951558233189
T22,0.043386773547094186,-3.002395338095286,unstable,-0.004295898269084997,0.012424951558233189
T22,0.043486973947895795,-0.13874538197436959,stable,-0.004295898269084997,0.012424951558233189
T22,0.043486973947895795,-3.0028472716154235,unstable,-0.004295898269084997,0.012424951558233189
T22,0.0435871743486974,-0.13829638303366076,stable,-0.004295898269084997,0.012424951558233189
T22,0.0435871743486974,-3.003296270556133,unstable,-0.004295898269084997,0.012424951558233189
T22,0.043687374749499,-0.13785029008958105,stable,-0.004295898269084997,0.012424951558233189
T22,0.043687374749499,-3.003742363500212,unstable,-0.004295898269084997,0.012424951558233189
T22,0.0437875751503006,-0.13740707493052273,stable,-0.004295898269084997,0.012424951558233189
T22,0.0437875751503006,-3.0041855786592704,unstable,-0.004295898269084997,0.012424951558233189
T22,0.0438877755511022,-0.13696670971004066,stable,-0.004295898269084997,0.012424951558233189
T22,0.0438877755511022,-3.004625943879752,unstable,-0.004295898269084997,0.012424951558233189
T22,0.043987975951903804,-0.1365291669409463,stable,-0.004295898269084997,0.012424951558233189
T22,0.043987975951903804,-3.0050634866488473,unstable,-0.004295898269084997,0.012424951558233189
T22,0.04408817635270541,-0.13609441948951329,stable,-0.004295898269084997,0.012424951558233189
T22,0.04408817635270541,-3.00549823410028,unstable,-0.004295898269084997,0.012424951558233189
T22,0.044188376753507015,-0.13566244056979748,stable,-0.004295898269084997,0.012424951558233189
T22,0.044188376753507015,-3.0059302130199956,unstable,-0.004295898269084997,0.012424951558233189
T22,0.04428857715430862,-0.13523320373806413,stable,-0.004295898269084997,0.012424951558233189
T22,0.04428857715430862,-3.006359449851729,unstable,-0.004295898269084997,0.012424951558233189
T22,0.04438877755511022,-0.13480668288732423,stable,-0.004295898269084997,0.012424951558233189
T22,0.04438877755511022,-3.0067859707024684,unstable,-0.004295898269084997,0.012424951558233189
T22,0.04448897795591182,-0.13438285224197388,stable,-0.004295898269084997,0.012424951558233189
T22,0.04448897795591182,-3.0072098013478197,unstable,-0.004295898269084997,0.012424951558233189
T22,0.04458917835671343,-0.13396168635253725,stable,-0.004295898269084997,0.012424951558233189
T22,0.04458917835671343,-3.0076309672372563,unstable,-0.004295898269084997,0.012424951558233189
T22,0.04468937875751503,-0.13354316009050882,stable,-0.004295898269084997,0.012424951558233189
T22,0.04468937875751503,-3.008049493499284,unstable,-0.004295898269084997,0.012424951558233189
T22,0.044789579158316634,-0.13312724864329484,stable,-0.004295898269084997,0.012424951558233189
T22,0.044789579158316634,-3.0084654049464987,unstable,-0.004295898269084997,0.012424951558233189
T22,0.044889779559118236,-0.1327139275092475,stable,-0.004295898269084997,0.012424951558233189
T22,0.044889779559118236,-3.008878726080546,unstable,-0.004295898269084997,0.012424951558233189
T22,0.04498997995991984,-0.13230317249279722,stable,-0.004295898269084997,0.012424951558233189
T22,0.04498997995991984,-3.009289481096996,unstable,-0.004295898269084997,0.012424951558233189
T22,0.04509018036072144,-0.13189495969967213,stable,-0.004295898269084997,0.012424951558233189
T22,0.04509018036072144,-3.0096976938901214,unstable,-0.004295898269084997,0.012424951558233189
T22,0.04519038076152305,-0.1314892655322084,stable,-0.004295898269084997,0.012424951558233189
T22,0.04519038076152305,-3.010103388057585,unstable,-0.004295898269084997,0.012424951558233189
T22,0.04529058116232465,-0.13108606668475042,stable,-0.004295898269084997,0.012424951558233189
T22,0.04529058116232465,-3.010506586905043,unstable,-0.004295898269084997,0.012424951558233189
T22,0.04539078156312625,-0.13068534013913435,stable,-0.004295898269084997,0.012424951558233189
T22,0.04539078156312625,-3.0109073134506588,unstable,-0.004295898269084997,0.012424951558233189
T22,0.045490981963927854,-0.1302870631602535,stable,-0.004295898269084997,0.012424951558233189
T22,0.045490981963927854,-3.01130559042954,unstable,-0.004295898269084997,0.012424951558233189
T22,0.045591182364729456,-0.1298912132917116,stable,-0.004295898269084997,0.012424951558233189
T22,0.045591182364729456,-3.011701440298081,unstable,-0.004295898269084997,0.012424951558233189
T22,0.045691382765531065,-0.12949776835155102,stable,-0.004295898269084997,0.012424951558233189
T22,0.045691382765531065,-3.012094885238242,unstable,-0.004295898269084997,0.012424951558233189
T22,0.04579158316633267,-0.12910670642806066,stable,-0.004295898269084997,0.012424951558233189
T22,0.04579158316633267,-3.012485947161732,unstable,-0.004295898269084997,0.012424951558233189
T22,0.04589178356713427,-0.1287180058756623,stable,-0.004295898269084997,0.012424951558233189
T22,0.04589178356713427,-3.0128746477141313,unstable,-0.004295898269084997,0.012424951558233189
T22,0.04599198396793587,-0.1283316453108707,stable,-0.004295898269084997,0.012424951558233189
T22,0.04599198396793587,-3.0132610082789224,unstable,-0.004295898269084997,0.012424951558233189
T22,0.04609218436873747,-0.12794760360832802,stable,-0.004295898269084997,0.012424951558233189
T22,0.04609218436873747,-3.0136450499814647,unstable,-0.004295898269084997,0.012424951558233189
T22,0.04619238476953908,-0.12756585989690805,stable,-0.004295898269084997,0.012424951558233189
T22,0.04619238476953908,-3.014026793692885,unstable,-0.004295898269084997,0.012424951558233189
T22,0.04629258517034068,-0.1271863935558959,stable,-0.004295898269084997,0.012424951558233189
T22,0.04629258517034068,-3.0144062600338977,unstable,-0.004295898269084997,0.012424951558233189
T22,0.046392785571142285,-0.12680918421122955,stable,-0.004295898269084997,0.012424951558233189
T22,0.046392785571142285,-3.014783469378564,unstable,-0.004295898269084997,0.012424951558233189
T22,0.04649298597194389,-0.12643421173181624,stable,-0.004295898269084997,0.012424951558233189
T22,0.04649298597194389,-3.0151584418579773,unstable,-0.004295898269084997,0.012424951558233189
T22,0.04659318637274549,-0.12606145622590992,stable,-0.004295898269084997,0.012424951558233189
T22,0.04659318637274549,-3.0155311973638828,unstable,-0.004295898269084997,0.012424951558233189
T22,0.04669338677354709,-0.12569089803755462,stable,-0.004295898269084997,0.012424951558233189
T22,0.04669338677354709,-3.015901755552239,unstable,-0.004295898269084997,0.012424951558233189
T22,0.0467935871743487,-0.12532251774309344,stable,-0.004295898269084997,0.012424951558233189
T22,0.0467935871743487,-3.0162701358466997,unstable,-0.004295898269084997,0.012424951558233189
T22,0.0468937875751503,-0.12495629614773662,stable,-0.004295898269084997,0.012424951558233189
T22,0.0468937875751503,-3.0166363574420565,unstable,-0.004295898269084997,0.012424951558233189
T22,0.046993987975951904,-0.12459221428219136,stable,-0.004295898269084997,0.012424951558233189
T22,0.046993987975951904,-3.0170004393076013,unstable,-0.004295898269084997,0.012424951558233189
T22,0.047094188376753505,-0.12423025339935201,stable,-0.004295898269084997,0.012424951558233189
T22,0.047094188376753505,-3.017362400190441,unstable,-0.004295898269084997,0.012424951558233189
T22,0.04719438877755511,-0.12387039497104846,stable,-0.004295898269084997,0.012424951558233189
T22,0.04719438877755511,-3.017722258618745,unstable,-0.004295898269084997,0.012424951558233189
T22,0.047294589178356716,-0.12351262068484958,stable,-0.004295898269084997,0.012424951558233189
T22,0.047294589178356716,-3.018080032904944,unstable,-0.004295898269084997,0.012424951558233189
T22,0.04739478957915832,-0.12315691244092664,stable,-0.004295898269084997,0.012424951558233189
T22,0.04739478957915832,-3.018435741148867,unstable,-0.004295898269084997,0.012424951558233189
T22,0.04749498997995992,-0.1228032523489655,stable,-0.004295898269084997,0.012424951558233189
T22,0.04749498997995992,-3.018789401240827,unstable,-0.004295898269084997,0.012424951558233189
T22,0.04759519038076152,-0.12245162272514021,stable,-0.004295898269084997,0.012424951558233189
T22,0.04759519038076152,-3.0191410308646525,unstable,-0.004295898269084997,0.012424951558233189
T22,0.047695390781563124,-0.12210200608913135,stable,-0.004295898269084997,0.012424951558233189
T22,0.047695390781563124,-3.019490647500662,unstable,-0.004295898269084997,0.012424951558233189
T22,0.04779559118236473,-0.12175438516120174,stable,-0.004295898269084997,0.012424951558233189
T22,0.04779559118236473,-3.0198382684285914,unstable,-0.004295898269084997,0.012424951558233189
T22,0.047895791583166335,-0.12140874285931957,stable,-0.004295898269084997,0.012424951558233189
T22,0.047895791583166335,-3.0201839107304735,unstable,-0.004295898269084997,0.012424951558233189
T22,0.04799599198396794,-0.12106506229633185,stable,-0.004295898269084997,0.012424951558233189
T22,0.04799599198396794,-3.0205275912934617,unstable,-0.004295898269084997,0.012424951558233189
T22,0.04809619238476954,-0.120723326777187,stable,-0.004295898269084997,0.012424951558233189
T22,0.04809619238476954,-3.0208693268126066,unstable,-0.004295898269084997,0.012424951558233189
T22,0.04819639278557114,-0.12038351979620376,stable,-0.004295898269084997,0.012424951558233189
T22,0.04819639278557114,-3.0212091337935894,unstable,-0.004295898269084997,0.012424951558233189
T22,0.04829659318637274,-0.12004562503438665,stable,-0.004295898269084997,0.012424951558233189
T22,0.04829659318637274,-3.021547028555407,unstable,-0.004295898269084997,0.012424951558233189
T22,0.04839679358717435,-0.11970962635678895,stable,-0.004295898269084997,0.012424951558233189
T22,0.04839679358717435,-3.021883027233004,unstable,-0.004295898269084997,0.012424951558233189
T22,0.04849699398797595,-0.11937550780991835,stable,-0.004295898269084997,0.012424951558233189
T22,0.04849699398797595,-3.0222171457798748,unstable,-0.004295898269084997,0.012424951558233189
T22,0.048597194388777555,-0.1190432536191861,stable,-0.004295898269084997,0.012424951558233189
T22,0.048597194388777555,-3.0225493999706075,unstable,-0.004295898269084997,0.012424951558233189
T22,0.04869739478957916,-0.11871284818640238,stable,-0.004295898269084997,0.012424951558233189
T22,0.04869739478957916,-3.0228798054033907,unstable,-0.004295898269084997,0.012424951558233189
T22,0.04879759519038076,-0.11838427608731061,stable,-0.004295898269084997,0.012424951558233189
T22,0.04879759519038076,-3.023208377502483,unstable,-0.004295898269084997,0.012424951558233189
T22,0.04889779559118237,-0.11805752206916198,stable,-0.004295898269084997,0.012424951558233189
T22,0.04889779559118237,-3.0235351315206316,unstable,-0.004295898269084997,0.012424951558233189
T22,0.04899799599198397,-0.11773257104833723,stable,-0.004295898269084997,0.012424951558233189
T22,0.04899799599198397,-3.0238600825414554,unstable,-0.004295898269084997,0.012424951558233189
T22,0.04909819639278557,-0.11740940810799838,stable,-0.004295898269084997,0.012424951558233189
T22,0.04909819639278557,-3.0241832454817947,unstable,-0.004295898269084997,0.012424951558233189
T22,0.049198396793587174,-0.11708801849578876,stable,-0.004295898269084997,0.012424951558233189
T22,0.049198396793587174,-3.0245046350940044,unstable,-0.004295898269084997,0.012424951558233189
T22,0.049298597194388775,-0.11676838762156327,stable,-0.004295898269084997,0.012424951558233189
T22,0.049298597194388775,-3.0248242659682294,unstable,-0.004295898269084997,0.012424951558233189
T22,0.04939879759519038,-0.11645050105516352,stable,-0.004295898269084997,0.012424951558233189
T22,0.04939879759519038,-3.025142152534629,unstable,-0.004295898269084997,0.012424951558233189
T22,0.049498997995991986,-0.11613434452422222,stable,-0.004295898269084997,0.012424951558233189
T22,0.049498997995991986,-3.025458309065571,unstable,-0.004295898269084997,0.012424951558233189
T22,0.04959919839679359,-0.11581990391201069,stable,-0.004295898269084997,0.012424951558233189
T22,0.04959919839679359,-3.025772749677783,unstable,-0.004295898269084997,0.012424951558233189
T22,0.04969939879759519,-0.11550716525531568,stable,-0.004295898269084997,0.012424951558233189
T22,0.04969939879759519,-3.026085488334477,unstable,-0.004295898269084997,0.012424951558233189
T22,0.04979959919839679,-0.11519611474235525,stable,-0.004295898269084997,0.012424951558233189
T22,0.04979959919839679,-3.026396538847438,unstable,-0.004295898269084997,0.012424951558233189
T22,0.049899799599198394,-0.11488673871072619,stable,-0.004295898269084997,0.012424951558233189
T22,0.049899799599198394,-3.0267059148790665,unstable,-0.004295898269084997,0.012424951558233189
T22,0.05,-0.11457902364538475,stable,-0.004295898269084997,0.012424951558233189
T22,0.05,-3.027013629944408,unstable,-0.004295898269084997,0.012424951558233189
T26,0.0,-0.6303921604640865,unstable,0.0073240316896906466,0.012424951558233189
T26,0.0,-2.511200493125706,stable,0.0073240316896906466,0.012424951558233189
T26,0.0001002004008016032,-0.636337690545095,unstable,0.0073240316896906466,0.012424951558233189
T26,0.0001002004008016032,-2.505254963044698,stable,0.0073240316896906466,0.012424951558233189
T26,0.0002004008016032064,-0.6424075736271964,unstable,0.0073240316896906466,0.012424951558233189
T26,0.0002004008016032064,-2.499185079962597,stable,0.0073240316896906466,0.012424951558233189
T26,0.0003006012024048096,-0.6486061746276457,unstable,0.0073240316896906466,0.012424951558233189
T26,0.0003006012024048096,-2.4929864789621474,stable,0.0073240316896906466,0.012424951558233189
T26,0.0004008016032064128,-0.6549380870968813,unstable,0.0073240316896906466,0.012424951558233189
T26,0.0004008016032064128,-2.486654566492912,stable,0.0073240316896906466,0.012424951558233189
T26,0.000501002004008016,-0.6614081498296103,unstable,0.0073240316896906466,0.012424951558233189
T26,0.000501002004008016,-2.4801845037601833,stable,0.0073240316896906466,0.012424951558233189
T26,0.0006012024048096192,-0.6680214650608303,unstable,0.0073240316896906466,0.012424951558233189
T26,0.0006012024048096192,-2.473571188528963,stable,0.0073240316896906466,0.012424951558233189
T26,0.0007014028056112224,-0.6747834184370913,unstable,0.0073240316896906466,0.012424951558233189
T26,0.0007014028056112224,-2.4668092351527022,stable,0.0073240316896906466,0.012424951558233189
T26,0.0008016032064128256,-0.6816997009811061,unstable,0.0073240316896906466,0.012424951558233189
T26,0.0008016032064128256,-2.459892952608687,stable,0.0073240316896906466,0.012424951558233189
T26,0.0009018036072144289,-0.6887763333004604,unstable,0.0073240316896906466,0.012424951558233189
T26,0.0009018036072144289,-2.452816320289333,stable,0.0073240316896906466,0.012424951558233189
T26,0.001002004008016032,-0.696019692329636,unstable,0.0073240316896906466,0.012424951558233189
T26,0.001002004008016032,-2.445572961260157,stable,0.0073240316896906466,0.012424951558233189
T26,0.0011022044088176352,-0.7034365409399932,unstable,0.0073240316896906466,0.012424951558233189
T26,0.0011022044088176352,-2.4381561126498,stable,0.0073240316896906466,0.012424951558233189
T26,0.0012024048096192384,-0.7110340608063264,unstable,0.0073240316896906466,0.012424951558233189
T26,0.0012024048096192384,-2.4305585927834663,stable,0.0073240316896906466,0.012424951558233189
T26,0.0013026052104208416,-0.7188198889828934,unstable,0.0073240316896906466,0.012424951558233189
T26,0.0013026052104208416,-2.4227727646068997,stable,0.0073240316896906466,0.012424951558233189
T26,0.0014028056112224449,-0.7268021587187903,unstable,0.0073240316896906466,0.012424951558233189
T26,0.0014028056112224449,-2.414790494871003,stable,0.0073240316896906466,0.012424951558233189
T26,0.001503006012024048,-0.7349895451350692,unstable,0.0073240316896906466,0.012424951558233189
T26,0.001503006012024048,-2.406603108454724,stable,0.0073240316896906466,0.012424951558233189
T26,0.0016032064128256513,-0.7433913164978292,unstable,0.0073240316896906466,0.012424951558233189
T26,0.0016032064128256513,-2.3982013370919635,stable,0.0073240316896906466,0.012424951558233189
T26,0.0017034068136272545,-0.752017391957243,unstable,0.0073240316896906466,0.012424951558233189
T26,0.0017034068136272545,-2.38957526163255,stable,0.0073240316896906466,0.012424951558233189
T26,0.0018036072144288577,-0.7608784067882453,unstable,0.0073240316896906466,0.012424951558233189
T26,0.0018036072144288577,-2.3807142468015474,stable,0.0073240316896906466,0.012424951558233189
T26,0.001903807615230461,-0.7699857863720379,unstable,0.0073240316896906466,0.012424951558233189
T26,0.001903807615230461,-2.3716068672177553,stable,0.0073240316896906466,0.012424951558233189
T26,0.002004008016032064,-0.7793518304087979,unstable,0.0073240316896906466,0.012424951558233189
T26,0.002004008016032064,-2.3622408231809953,stable,0.0073240316896906466,0.012424951558233189
T26,0.002104208416833667,-0.7889898091641752,unstable,0.0073240316896906466,0.012424951558233189
T26,0.002104208416833667,-2.3526028444256184,stable,0.0073240316896906466,0.012424951558233189
T26,0.0022044088176352704,-0.7989140739426528,unstable,0.0073240316896906466,0.012424951558233189
T26,0.0022044088176352704,-2.3426785796471403,stable,0.0073240316896906466,0.012424951558233189
T26,0.0023046092184368736,-0.8091401844728123,unstable,0.0073240316896906466,0.012424951558233189
T26,0.0023046092184368736,-2.332452469116981,stable,0.0073240316896906466,0.012424951558233189
T26,0.002404809619238477,-0.8196850565139386,unstable,0.0073240316896906466,0.012424951558233189
T26,0.002404809619238477,-2.321907597075855,stable,0.0073240316896906466,0.012424951558233189
T26,0.00250501002004008,-0.8305671337923273,unstable,0.0073240316896906466,0.012424951558233189
T26,0.00250501002004008,-2.3110255197974663,stable,0.0073240316896906466,0.012424951558233189
T26,0.0026052104208416833,-0.8418065894066462,unstable,0.0073240316896906466,0.012424951558233189
T26,0.0026052104208416833,-2.299786064183147,stable,0.0073240316896906466,0.012424951558233189
T26,0.0027054108216432865,-0.8534255631844583,unstable,0.0073240316896906466,0.012424951558233189
T26,0.0027054108216432865,-2.2881670904053344,stable,0.0073240316896906466,0.012424951558233189
T26,0.0028056112224448897,-0.8654484432381713,unstable,0.0073240316896906466,0.012424951558233189
T26,0.0028056112224448897,-2.276144210351622,stable,0.0073240316896906466,0.012424951558233189
T26,0.002905811623246493,-0.8779022023165624,unstable,0.0073240316896906466,0.012424951558233189
T26,0.002905811623246493,-2.2636904512732308,stable,0.0073240316896906466,0.012424951558233189
T26,0.003006012024048096,-0.8908168027053085,unstable,0.0073240316896906466,0.012424951558233189
T26,0.003006012024048096,-2.2507758508844846,stable,0.0073240316896906466,0.012424951558233189
T26,0.0031062124248496994,-0.9042256877289354,unstable,0.0073240316896906466,0.012424951558233189
T26,0.0031062124248496994,-2.2373669658608577,stable,0.0073240316896906466,0.012424951558233189
T26,0.0032064128256513026,-0.9181663838399254,unstable,0.0073240316896906466,0.012424951558233189
T26,0.0032064128256513026,-2.2234262697498677,stable,0.0073240316896906466,0.012424951558233189
T26,0.003306613226452906,-0.9326812455919598,unstable,0.0073240316896906466,0.012424951558233189
T26,0.003306613226452906,-2.2089114079978334,stable,0.0073240316896906466,0.012424951558233189
T26,0.003406813627254509,-0.9478183876268638,unstable,0.0073240316896906466,0.012424951558233189
T26,0.003406813627254509,-2.1937742659629293,stable,0.0073240316896906466,0.012424951558233189
T26,0.0035070140280561123,-0.9636328649549206,unstable,0.0073240316896906466,0.012424951558233189
T26,0.0035070140280561123,-2.1779597886348725,stable,0.0073240316896906466,0.012424951558233189
T26,0.0036072144288577155,-0.9801881881629102,unstable,0.0073240316896906466,0.012424951558233189
T26,0.0036072144288577155,-2.161404465426883,stable,0.0073240316896906466,0.012424951558233189
T26,0.0037074148296593187,-0.9975582985053486,unstable,0.0073240316896906466,0.012424951558233189
T26,0.0037074148296593187,-2.144034355084445,stable,0.0073240316896906466,0.012424951558233189
T26,0.003807615230460922,-1.0158301872047577,unstable,0.0073240316896906466,0.012424951558233189
T26,0.003807615230460922,-2.1257624663850354,stable,0.0073240316896906466,0.012424951558233189
T26,0.003907815631262525,-1.0351074378770884,unstable,0.0073240316896906466,0.012424951558233189
T26,0.003907815631262525,-2.1064852157127048,stable,0.0073240316896906466,0.012424951558233189
T26,0.004008016032064128,-1.0555151265809775,unstable,0.0073240316896906466,0.012424951558233189
T26,0.004008016032064128,-2.0860775270088157,stable,0.0073240316896906466,0.012424951558233189
T26,0.004108216432865732,-1.07720677944732,unstable,0.0073240316896906466,0.012424951558233189
T26,0.004108216432865732,-2.0643858741424737,stable,0.0073240316896906466,0.012424951558233189
T26,0.004208416833667334,-1.1003745605166224,unstable,0.0073240316896906466,0.012424951558233189
T26,0.004208416833667334,-2.041218093073171,stable,0.0073240316896906466,0.012424951558233189
T26,0.004308617234468938,-1.1252647474992887,unstable,0.0073240316896906466,0.012424951558233189
T26,0.004308617234468938,-2.0163279060905044,stable,0.0073240316896906466,0.012424951558233189
T26,0.004408817635270541,-1.1522023137266526,unstable,0.0073240316896906466,0.012424951558233189
T26,0.004408817635270541,-1.9893903398631405,stable,0.0073240316896906466,0.012424951558233189
T26,0.0045090180360721445,-1.1816322055861763,unstable,0.0073240316896906466,0.012424951558233189
T26,0.0045090180360721445,-1.959960448003617,stable,0.0073240316896906466,0.012424951558233189
T26,0.004609218436873747,-1.2141937711022845,unstable,0.0073240316896906466,0.012424951558233189
T26,0.004609218436873747,-1.927398882487509,stable,0.0073240316896906466,0.012424951558233189
T26,0.004709418837675351,-1.2508683405793195,unstable,0.0073240316896906466,0.012424951558233189
T26,0.004709418837675351,-1.8907243130104732,stable,0.0073240316896906466,0.012424951558233189
T26,0.004809619238476954,-1.2933139071130697,unstable,0.0073240316896906466,0.012424951558233189
T26,0.004809619238476954,-1.8482787464767236,stable,0.0073240316896906466,0.012424951558233189
T26,0.004909819639278557,-1.3447997220512313,unstable,0.0073240316896906466,0.012424951558233189
T26,0.004909819639278557,-1.7967929315385618,stable,0.0073240316896906466,0.012424951558233189
T26,0.00501002004008016,-1.4140535173019133,unstable,0.0073240316896906466,0.012424951558233189
T26,0.00501002004008016,-1.7275391362878798,stable,0.0073240316896906466,0.012424951558233189
T26,0.019839679358717433,1.4142274606272993,stable,0.0073240316896906466,0.012424951558233189
T26,0.019839679358717433,1.7273651929624938,unstable,0.0073240316896906466,0.012424951558233189
T26,0.01993987975951904,1.344917653641395,stable,0.0073240316896906466,0.012424951558233189
T26,0.01993987975951904,1.7966749999483982,unstable,0.0073240316896906466,0.012424951558233189
T26,0.02004008016032064,1.293407844078276,stable,0.0073240316896906466,0.012424951558233189
T26,0.02004008016032064,1.8481848095115172,unstable,0.0073240316896906466,0.012424951558233189
T26,0.020140280561122246,1.250948046874461,stable,0.0073240316896906466,0.012424951558233189
T26,0.020140280561122246,1.8906446067153322,unstable,0.0073240316896906466,0.012424951558233189
T26,0.020240480961923848,1.2142637474065499,stable,0.0073240316896906466,0.012424951558233189
T26,0.020240480961923848,1.9273289061832433,unstable,0.0073240316896906466,0.012424951558233189
T26,0.02034068136272545,1.1816949686819784,stable,0.0073240316896906466,0.012424951558233189
T26,0.02034068136272545,1.9598976849078147,unstable,0.0073240316896906466,0.012424951558233189
T26,0.020440881763527055,1.152259442213503,stable,0.0073240316896906466,0.012424951558233189
T26,0.020440881763527055,1.98933321137629,unstable,0.0073240316896906466,0.012424951558233189
T26,0.020541082164328657,1.1253173104142125,stable,0.0073240316896906466,0.012424951558233189
T26,0.020541082164328657,2.0162753431755807,unstable,0.0073240316896906466,0.012424951558233189
T26,0.02064128256513026,1.1004233227441649,stable,0.0073240316896906466,0.012424951558233189
T26,0.02064128256513026,2.0411693308456282,unstable,0.0073240316896906466,0.012424951558233189
T26,0.020741482965931864,1.0772523113999384,stable,0.0073240316896906466,0.012424951558233189
T26,0.020741482965931864,2.0643403421898547,unstable,0.0073240316896906466,0.012424951558233189
T26,0.020841683366733466,1.0555578676253727,stable,0.0073240316896906466,0.012424951558233189
T26,0.020841683366733466,2.0860347859644204,unstable,0.0073240316896906466,0.012424951558233189
T26,0.02094188376753507,1.0351477353373255,stable,0.0073240316896906466,0.012424951558233189
T26,0.02094188376753507,2.1064449182524676,unstable,0.0073240316896906466,0.012424951558233189
T26,0.021042084168336674,1.0158683215489308,stable,0.0073240316896906466,0.012424951558233189
T26,0.021042084168336674,2.1257243320408623,unstable,0.0073240316896906466,0.012424951558233189
T26,0.021142284569138275,0.9975945002722542,stable,0.0073240316896906466,0.012424951558233189
T26,0.021142284569138275,2.14399815331754,unstable,0.0073240316896906466,0.012424951558233189
T26,0.02124248496993988,0.9802226497216786,stable,0.0073240316896906466,0.012424951558233189
T26,0.02124248496993988,2.1613700038681145,unstable,0.0073240316896906466,0.012424951558233189
T26,0.021342685370741483,0.9636657489075535,stable,0.0073240316896906466,0.012424951558233189
T26,0.021342685370741483,2.1779269046822396,unstable,0.0073240316896906466,0.012424951558233189
T26,0.021442885771543085,0.9478498329582843,stable,0.0073240316896906466,0.012424951558233189
T26,0.021442885771543085,2.193742820631509,unstable,0.0073240316896906466,0.012424951558233189
T26,0.02154308617234469,0.9327113722663167,stable,0.0073240316896906466,0.012424951558233189
T26,0.02154308617234469,2.2088812813234764,unstable,0.0073240316896906466,0.012424951558233189
T26,0.021643286573146292,0.9181952962989914,stable,0.0073240316896906466,0.012424951558233189
T26,0.021643286573146292,2.2233973572908017,unstable,0.0073240316896906466,0.012424951558233189
T26,0.021743486973947897,0.904253477598135,stable,0.0073240316896906466,0.012424951558233189
T26,0.021743486973947897,2.237339175991658,unstable,0.0073240316896906466,0.012424951558233189
T26,0.0218436873747495,0.8908435509170793,stable,0.0073240316896906466,0.012424951558233189
T26,0.0218436873747495,2.2507491026727138,unstable,0.0073240316896906466,0.012424951558233189
T26,0.0219438877755511,0.87792798079803,stable,0.0073240316896906466,0.012424951558233189
T26,0.0219438877755511,2.263664672791763,unstable,0.0073240316896906466,0.012424951558233189
T26,0.022044088176352707,0.8654733162681438,stable,0.0073240316896906466,0.012424951558233189
T26,0.022044088176352707,2.2761193373216493,unstable,0.0073240316896906466,0.012424951558233189
T26,0.02214428857715431,0.8534495884959998,stable,0.0073240316896906466,0.012424951558233189
T26,0.02214428857715431,2.2881430650937933,unstable,0.0073240316896906466,0.012424951558233189
T26,0.02224448897795591,0.8418298190915015,stable,0.0073240316896906466,0.012424951558233189
T26,0.02224448897795591,2.299762834498292,unstable,0.0073240316896906466,0.012424951558233189
T26,0.022344689378757516,0.8305896150492877,stable,0.0073240316896906466,0.012424951558233189
T26,0.022344689378757516,2.3110030385405054,unstable,0.0073240316896906466,0.012424951558233189
T26,0.022444889779559118,0.8197068322730283,stable,0.0073240316896906466,0.012424951558233189
T26,0.022444889779559118,2.321885821316765,unstable,0.0073240316896906466,0.012424951558233189
T26,0.02254509018036072,0.809161293919733,stable,0.0073240316896906466,0.012424951558233189
T26,0.02254509018036072,2.3324313596700605,unstable,0.0073240316896906466,0.012424951558233189
T26,0.022645290581162325,0.7989345529624186,stable,0.0073240316896906466,0.012424951558233189
T26,0.022645290581162325,2.342658100627375,unstable,0.0073240316896906466,0.012424951558233189
T26,0.022745490981963927,0.7890096907187507,stable,0.0073240316896906466,0.012424951558233189
T26,0.022745490981963927,2.3525829628710424,unstable,0.0073240316896906466,0.012424951558233189
T26,0.022845691382765532,0.7793711448604315,stable,0.0073240316896906466,0.012424951558233189
T26,0.022845691382765532,2.3622215087293617,unstable,0.0073240316896906466,0.012424951558233189
T26,0.022945891783567134,0.7700045617616018,stable,0.0073240316896906466,0.012424951558233189
T26,0.022945891783567134,2.3715880918281913,unstable,0.0073240316896906466,0.012424951558233189
T26,0.023046092184368736,0.7608966690760619,stable,0.0073240316896906466,0.012424951558233189
T26,0.023046092184368736,2.380695984513731,unstable,0.0073240316896906466,0.012424951558233189
T26,0.02314629258517034,0.7520351652324355,stable,0.0073240316896906466,0.012424951558233189
T26,0.02314629258517034,2.389557488357358,unstable,0.0073240316896906466,0.012424951558233189
T26,0.023246492985971944,0.7434086231611241,stable,0.0073240316896906466,0.012424951558233189
T26,0.023246492985971944,2.398184030428669,unstable,0.0073240316896906466,0.012424951558233189
T26,0.023346693386773545,0.7350064060590742,stable,0.0073240316896906466,0.012424951558233189
T26,0.023346693386773545,2.4065862475307185,unstable,0.0073240316896906466,0.012424951558233189
T26,0.02344689378757515,0.7268185933890794,stable,0.0073240316896906466,0.012424951558233189
T26,0.02344689378757515,2.4147740602007133,unstable,0.0073240316896906466,0.012424951558233189
T26,0.023547094188376753,0.718835915622658,stable,0.0073240316896906466,0.012424951558233189
T26,0.023547094188376753,2.422756737967135,unstable,0.0073240316896906466,0.012424951558233189
T26,0.023647294589178358,0.7110496964868815,stable,0.0073240316896906466,0.012424951558233189
T26,0.023647294589178358,2.4305429571029116,unstable,0.0073240316896906466,0.012424951558233189
T26,0.02374749498997996,0.7034518016790763,stable,0.0073240316896906466,0.012424951558233189
T26,0.02374749498997996,2.438140851910717,unstable,0.0073240316896906466,0.012424951558233189
T26,0.023847695390781562,0.6960345931791103,stable,0.0073240316896906466,0.012424951558233189
T26,0.023847695390781562,2.445558060410683,unstable,0.0073240316896906466,0.012424951558233189
T26,0.023947895791583167,0.6887908884248026,stable,0.0073240316896906466,0.012424951558233189
T26,0.023947895791583167,2.45280176516499,unstable,0.0073240316896906466,0.012424951558233189
T26,0.02404809619238477,0.681713923727842,stable,0.0073240316896906466,0.012424951558233189
T26,0.02404809619238477,2.459878729861951,unstable,0.0073240316896906466,0.012424951558233189
T26,0.02414829659318637,0.6747973214001703,stable,0.0073240316896906466,0.012424951558233189
T26,0.02414829659318637,2.4667953321896228,unstable,0.0073240316896906466,0.012424951558233189
T26,0.024248496993987977,0.6680350601377922,stable,0.0073240316896906466,0.012424951558233189
T26,0.024248496993987977,2.473557593452001,unstable,0.0073240316896906466,0.012424951558233189
T26,0.02434869739478958,0.6614214482732832,stable,0.0073240316896906466,0.012424951558233189
T26,0.02434869739478958,2.48017120531651,unstable,0.0073240316896906466,0.012424951558233189
T26,0.024448897795591184,0.6549510995622292,stable,0.0073240316896906466,0.012424951558233189
T26,0.024448897795591184,2.486641554027564,unstable,0.0073240316896906466,0.012424951558233189
T26,0.024549098196392786,0.6486189112143252,stable,0.0073240316896906466,0.012424951558233189
T26,0.024549098196392786,2.492973742375468,unstable,0.0073240316896906466,0.012424951558233189
T26,0.024649298597194388,0.6424200439182908,stable,0.0073240316896906466,0.012424951558233189
T26,0.024649298597194388,2.4991726096715023,unstable,0.0073240316896906466,0.012424951558233189
T26,0.024749498997995993,0.6363499036424392,stable,0.0073240316896906466,0.012424951558233189
T26,0.024749498997995993,2.505242749947354,unstable,0.0073240316896906466,0.012424951558233189
T26,0.024849699398797595,0.630404125020549,stable,0.0073240316896906466,0.012424951558233189
T26,0.024849699398797595,2.511188528569244,unstable,0.0073240316896906466,0.012424951558233189
T26,0.024949899799599197,0.6245785561564858,stable,0.0073240316896906466,0.012424951558233189
T26,0.024949899799599197,2.5170140974333073,unstable,0.0073240316896906466,0.012424951558233189
T26,0.025050100200400802,0.6188692447014281,stable,0.0073240316896906466,0.012424951558233189
T26,0.025050100200400802,2.522723408888365,unstable,0.0073240316896906466,0.012424951558233189
T26,0.025150300601202404,0.6132724250751194,stable,0.0073240316896906466,0.012424951558233189
T26,0.025150300601202404,2.5283202285146738,unstable,0.0073240316896906466,0.012424951558233189
T26,0.02525050100200401,0.6077845067177301,stable,0.0073240316896906466,0.012424951558233189
T26,0.02525050100200401,2.5338081468720635,unstable,0.0073240316896906466,0.012424951558233189
T26,0.02535070140280561,0.6024020632720415,stable,0.0073240316896906466,0.012424951558233189
T26,0.02535070140280561,2.5391905903177516,unstable,0.0073240316896906466,0.012424951558233189
T26,0.025450901803607213,0.5971218226070594,stable,0.0073240316896906466,0.012424951558233189
T26,0.025450901803607213,2.5444708309827337,unstable,0.0073240316896906466,0.012424951558233189
T26,0.02555110220440882,0.5919406576040869,stable,0.0073240316896906466,0.012424951558233189
T26,0.02555110220440882,2.5496519959857062,unstable,0.0073240316896906466,0.012424951558233189
T26,0.02565130260521042,0.5868555776349478,stable,0.0073240316896906466,0.012424951558233189
T26,0.02565130260521042,2.5547370759548453,unstable,0.0073240316896906466,0.012424951558233189
T26,0.025751503006012023,0.5818637206696256,stable,0.0073240316896906466,0.012424951558233189
T26,0.025751503006012023,2.5597289329201676,unstable,0.0073240316896906466,0.012424951558233189
T26,0.025851703406813628,0.5769623459572268,stable,0.0073240316896906466,0.012424951558233189
T26,0.025851703406813628,2.564630307632566,unstable,0.0073240316896906466,0.012424951558233189
T26,0.02595190380761523,0.5721488272300324,stable,0.0073240316896906466,0.012424951558233189
T26,0.02595190380761523,2.5694438263597608,unstable,0.0073240316896906466,0.012424951558233189
T26,0.026052104208416832,0.5674206463855298,stable,0.0073240316896906466,0.012424951558233189
T26,0.026052104208416832,2.574172007204263,unstable,0.0073240316896906466,0.012424951558233189
T26,0.026152304609218437,0.5627753876058859,stable,0.0073240316896906466,0.012424951558233189
T26,0.026152304609218437,2.5788172659839077,unstable,0.0073240316896906466,0.012424951558233189
T26,0.02625250501002004,0.5582107318783249,stable,0.0073240316896906466,0.012424951558233189
T26,0.02625250501002004,2.583381921711468,unstable,0.0073240316896906466,0.012424951558233189
T26,0.026352705410821645,0.5537244518834608,stable,0.0073240316896906466,0.012424951558233189
T26,0.026352705410821645,2.587868201706332,unstable,0.0073240316896906466,0.012424951558233189
T26,0.026452905811623247,0.5493144072217806,stable,0.0073240316896906466,0.012424951558233189
T26,0.026452905811623247,2.5922782463680125,unstable,0.0073240316896906466,0.012424951558233189
T26,0.02655310621242485,0.5449785399513285,stable,0.0073240316896906466,0.012424951558233189
T26,0.02655310621242485,2.5966141136384646,unstable,0.0073240316896906466,0.012424951558233189
T26,0.026653306613226454,0.5407148704121205,stable,0.0073240316896906466,0.012424951558233189
T26,0.026653306613226454,2.6008777831776726,unstable,0.0073240316896906466,0.012424951558233189
T26,0.026753507014028056,0.5365214933150968,stable,0.0073240316896906466,0.012424951558233189
T26,0.026753507014028056,2.6050711602746963,unstable,0.0073240316896906466,0.012424951558233189
T26,0.026853707414829658,0.5323965740754106,stable,0.0073240316896906466,0.012424951558233189
T26,0.026853707414829658,2.6091960795143825,unstable,0.0073240316896906466,0.012424951558233189
T26,0.026953907815631263,0.5283383453716741,stable,0.0073240316896906466,0.012424951558233189
T26,0.026953907815631263,2.613254308218119,unstable,0.0073240316896906466,0.012424951558233189
T26,0.027054108216432865,0.5243451039143805,stable,0.0073240316896906466,0.012424951558233189
T26,0.027054108216432865,2.6172475496754126,unstable,0.0073240316896906466,0.012424951558233189
T26,0.02715430861723447,0.5204152074081922,stable,0.0073240316896906466,0.012424951558233189
T26,0.02715430861723447,2.6211774461816013,unstable,0.0073240316896906466,0.012424951558233189
T26,0.027254509018036072,0.5165470716940992,stable,0.0073240316896906466,0.012424951558233189
T26,0.027254509018036072,2.6250455818956944,unstable,0.0073240316896906466,0.012424951558233189
T26,0.027354709418837674,0.5127391680586175,stable,0.0073240316896906466,0.012424951558233189
T26,0.027354709418837674,2.6288534855311756,unstable,0.0073240316896906466,0.012424951558233189
T26,0.02745490981963928,0.5089900206982869,stable,0.0073240316896906466,0.012424951558233189
T26,0.02745490981963928,2.6326026328915066,unstable,0.0073240316896906466,0.012424951558233189
T26,0.02755511022044088,0.5052982043286773,stable,0.0073240316896906466,0.012424951558233189
T26,0.02755511022044088,2.636294449261116,unstable,0.0073240316896906466,0.012424951558233189
T26,0.027655310621242483,0.5016623419280046,stable,0.0073240316896906466,0.012424951558233189
T26,0.027655310621242483,2.6399303116617885,unstable,0.0073240316896906466,0.012424951558233189
T26,0.02775551102204409,0.4980811026062324,stable,0.0073240316896906466,0.012424951558233189
T26,0.02775551102204409,2.643511550983561,unstable,0.0073240316896906466,0.012424951558233189
T26,0.02785571142284569,0.49455319959128197,stable,0.0073240316896906466,0.012424951558233189
T26,0.02785571142284569,2.647039453998511,unstable,0.0073240316896906466,0.012424951558233189
T26,0.027955911823647296,0.4910773883246011,stable,0.0073240316896906466,0.012424951558233189
T26,0.027955911823647296,2.6505152652651915,unstable,0.0073240316896906466,0.012424951558233189
T26,0.028056112224448898,0.48765246465896617,stable,0.0073240316896906466,0.012424951558233189
T26,0.028056112224448898,2.653940188930827,unstable,0.0073240316896906466,0.012424951558233189
T26,0.0281563126252505,0.4842772631519172,stable,0.0073240316896906466,0.012424951558233189
T26,0.0281563126252505,2.6573153904378763,unstable,0.0073240316896906466,0.012424951558233189
T26,0.028256513026052105,0.4809506554487344,stable,0.0073240316896906466,0.012424951558233189
T26,0.028256513026052105,2.6606419981410587,unstable,0.0073240316896906466,0.012424951558233189
T26,0.028356713426853707,0.4776715487493135,stable,0.0073240316896906466,0.012424951558233189
T26,0.028356713426853707,2.6639211048404796,unstable,0.0073240316896906466,0.012424951558233189
T26,0.02845691382765531,0.47443888435371306,stable,0.0073240316896906466,0.012424951558233189
T26,0.02845691382765531,2.66715376923608,unstable,0.0073240316896906466,0.012424951558233189
T26,0.028557114228456915,0.47125163628153244,stable,0.0073240316896906466,0.012424951558233189
T26,0.028557114228456915,2.6703410173082602,unstable,0.0073240316896906466,0.012424951558233189
T26,0.028657314629258517,0.4681088099606159,stable,0.0073240316896906466,0.012424951558233189
T26,0.028657314629258517,2.6734838436291772,unstable,0.0073240316896906466,0.012424951558233189
T26,0.028757515030060122,0.46500944098091734,stable,0.0073240316896906466,0.012424951558233189
T26,0.028757515030060122,2.6765832126088753,unstable,0.0073240316896906466,0.012424951558233189
T26,0.028857715430861724,0.46195259390963406,stable,0.0073240316896906466,0.012424951558233189
T26,0.028857715430861724,2.6796400596801586,unstable,0.0073240316896906466,0.012424951558233189
T26,0.028957915831663326,0.4589373611640015,stable,0.0073240316896906466,0.012424951558233189
T26,0.028957915831663326,2.6826552924257916,unstable,0.0073240316896906466,0.012424951558233189
T26,0.02905811623246493,0.45596286193838376,stable,0.0073240316896906466,0.012424951558233189
T26,0.02905811623246493,2.68562979165141,unstable,0.0073240316896906466,0.012424951558233189
T26,0.029158316633266533,0.45302824118253104,stable,0.0073240316896906466,0.012424951558233189
T26,0.029158316633266533,2.6885644124072616,unstable,0.0073240316896906466,0.012424951558233189
T26,0.029258517034068135,0.45013266862807155,stable,0.0073240316896906466,0.012424951558233189
T26,0.029258517034068135,2.691459984961721,unstable,0.0073240316896906466,0.012424951558233189
T26,0.02935871743486974,0.447275337860519,stable,0.0073240316896906466,0.012424951558233189
T26,0.02935871743486974,2.6943173157292737,unstable,0.0073240316896906466,0.012424951558233189
T26,0.029458917835671342,0.4444554654342441,stable,0.0073240316896906466,0.012424951558233189
T26,0.029458917835671342,2.6971371881555495,unstable,0.0073240316896906466,0.012424951558233189
T26,0.029559118236472944,0.441672290028027,stable,0.0073240316896906466,0.012424951558233189
T26,0.029559118236472944,2.699920363561766,unstable,0.0073240316896906466,0.012424951558233189
T26,0.02965931863727455,0.4389250716389692,stable,0.0073240316896906466,0.012424951558233189
T26,0.02965931863727455,2.7026675819508235,unstable,0.0073240316896906466,0.012424951558233189
T26,0.02975951903807615,0.4362130908126729,stable,0.0073240316896906466,0.012424951558233189
T26,0.02975951903807615,2.7053795627771198,unstable,0.0073240316896906466,0.012424951558233189
T26,0.029859719438877757,0.43353564790774346,stable,0.0073240316896906466,0.012424951558233189
T26,0.029859719438877757,2.7080570056820497,unstable,0.0073240316896906466,0.012424951558233189
T26,0.02995991983967936,0.4308920623927772,stable,0.0073240316896906466,0.012424951558233189
T26,0.02995991983967936,2.710700591197016,unstable,0.0073240316896906466,0.012424951558233189
T26,0.03006012024048096,0.4282816721741276,stable,0.0073240316896906466,0.012424951558233189
T26,0.03006012024048096,2.713310981415665,unstable,0.0073240316896906466,0.012424951558233189
T26,0.030160320641282566,0.4257038329528289,stable,0.0073240316896906466,0.012424951558233189
T26,0.030160320641282566,2.7158888206369642,unstable,0.0073240316896906466,0.012424951558233189
T26,0.030260521042084168,0.42315791760917865,stable,0.0073240316896906466,0.012424951558233189
T26,0.030260521042084168,2.7184347359806145,unstable,0.0073240316896906466,0.012424951558233189
T26,0.03036072144288577,0.42064331561354384,stable,0.0073240316896906466,0.012424951558233189
T26,0.03036072144288577,2.720949337976249,unstable,0.0073240316896906466,0.012424951558233189
T26,0.030460921843687375,0.41815943246206766,stable,0.0073240316896906466,0.012424951558233189
T26,0.030460921843687375,2.723433221127726,unstable,0.0073240316896906466,0.012424951558233189
T26,0.030561122244488977,0.415705689136014,stable,0.0073240316896906466,0.012424951558233189
T26,0.030561122244488977,2.725886964453779,unstable,0.0073240316896906466,0.012424951558233189
T26,0.030661322645290583,0.41328152158356923,stable,0.0073240316896906466,0.012424951558233189
T26,0.030661322645290583,2.7283111320062243,unstable,0.0073240316896906466,0.012424951558233189
T26,0.030761523046092185,0.41088638022298873,stable,0.0073240316896906466,0.012424951558233189
T26,0.030761523046092185,2.7307062733668044,unstable,0.0073240316896906466,0.012424951558233189
T26,0.030861723446893786,0.4085197294660352,stable,0.0073240316896906466,0.012424951558233189
T26,0.030861723446893786,2.733072924123758,unstable,0.0073240316896906466,0.012424951558233189
T26,0.030961923847695392,0.4061810472607288,stable,0.0073240316896906466,0.012424951558233189
T26,0.030961923847695392,2.7354116063290643,unstable,0.0073240316896906466,0.012424951558233189
T26,0.031062124248496994,0.4038698246524626,stable,0.0073240316896906466,0.012424951558233189
T26,0.031062124248496994,2.737722828937331,unstable,0.0073240316896906466,0.012424951558233189
T26,0.031162324649298596,0.4015855653626179,stable,0.0073240316896906466,0.012424951558233189
T26,0.031162324649298596,2.740007088227175,unstable,0.0073240316896906466,0.012424951558233189
T26,0.0312625250501002,0.39932778538383573,stable,0.0073240316896906466,0.012424951558233189
T26,0.0312625250501002,2.7422648682059574,unstable,0.0073240316896906466,0.012424951558233189
T26,0.0313627254509018,0.39709601259116933,stable,0.0073240316896906466,0.012424951558233189
T26,0.0313627254509018,2.744496640998624,unstable,0.0073240316896906466,0.012424951558233189
T26,0.031462925851703405,0.3948897863683647,stable,0.0073240316896906466,0.012424951558233189
T26,0.031462925851703405,2.746702867221428,unstable,0.0073240316896906466,0.012424951558233189
T26,0.03156312625250501,0.3927086572485816,stable,0.0073240316896906466,0.012424951558233189
T26,0.03156312625250501,2.7488839963412115,unstable,0.0073240316896906466,0.012424951558233189
T26,0.031663326653306616,0.39055218656887414,stable,0.0073240316896906466,0.012424951558233189
T26,0.031663326653306616,2.7510404670209194,unstable,0.0073240316896906466,0.012424951558233189
T26,0.03176352705410822,0.38841994613781994,stable,0.0073240316896906466,0.012424951558233189
T26,0.03176352705410822,2.7531727074519736,unstable,0.0073240316896906466,0.012424951558233189
T26,0.03186372745490982,0.3863115179156882,stable,0.0073240316896906466,0.012424951558233189
T26,0.03186372745490982,2.755281135674105,unstable,0.0073240316896906466,0.012424951558233189
T26,0.03196392785571142,0.38422649370659245,stable,0.0073240316896906466,0.012424951558233189
T26,0.03196392785571142,2.757366159883201,unstable,0.0073240316896906466,0.012424951558233189
T26,0.03206412825651302,0.38216447486209004,stable,0.0073240316896906466,0.012424951558233189
T26,0.03206412825651302,2.7594281787277026,unstable,0.0073240316896906466,0.012424951558233189
T26,0.03216432865731463,0.3801250719957232,stable,0.0073240316896906466,0.012424951558233189
T26,0.03216432865731463,2.7614675815940704,unstable,0.0073240316896906466,0.012424951558233189
T26,0.032264529058116234,0.3781079047080187,stable,0.0073240316896906466,0.012424951558233189
T26,0.032264529058116234,2.7634847488817744,unstable,0.0073240316896906466,0.012424951558233189
T26,0.032364729458917836,0.37611260132149393,stable,0.0073240316896906466,0.012424951558233189
T26,0.032364729458917836,2.765480052268299,unstable,0.0073240316896906466,0.012424951558233189
T26,0.03246492985971944,0.3741387986252338,stable,0.0073240316896906466,0.012424951558233189
T26,0.03246492985971944,2.7674538549645593,unstable,0.0073240316896906466,0.012424951558233189
T26,0.03256513026052104,0.37218614162862984,stable,0.0073240316896906466,0.012424951558233189
T26,0.03256513026052104,2.7694065119611633,unstable,0.0073240316896906466,0.012424951558233189
T26,0.03266533066132264,0.3702542833238862,stable,0.0073240316896906466,0.012424951558233189
T26,0.03266533066132264,2.771338370265907,unstable,0.0073240316896906466,0.012424951558233189
T26,0.03276553106212425,0.36834288445692875,stable,0.0073240316896906466,0.012424951558233189
T26,0.03276553106212425,2.773249769132864,unstable,0.0073240316896906466,0.012424951558233189
T26,0.03286573146292585,0.36645161330635734,stable,0.0073240316896906466,0.012424951558233189
T26,0.03286573146292585,2.775141040283436,unstable,0.0073240316896906466,0.012424951558233189
T26,0.032965931863727455,0.36458014547010986,stable,0.0073240316896906466,0.012424951558233189
T26,0.032965931863727455,2.7770125081196833,unstable,0.0073240316896906466,0.012424951558233189
T26,0.033066132264529056,0.3627281636595163,stable,0.0073240316896906466,0.012424951558233189
T26,0.033066132264529056,2.7788644899302763,unstable,0.0073240316896906466,0.012424951558233189
T26,0.03316633266533066,0.360895357500441,stable,0.0073240316896906466,0.012424951558233189
T26,0.03316633266533066,2.780697296089352,unstable,0.0073240316896906466,0.012424951558233189
T26,0.03326653306613227,0.35908142334122095,stable,0.0073240316896906466,0.012424951558233189
T26,0.03326653306613227,2.7825112302485717,unstable,0.0073240316896906466,0.012424951558233189
T26,0.03336673346693387,0.35728606406712604,stable,0.0073240316896906466,0.012424951558233189
T26,0.03336673346693387,2.784306589522667,unstable,0.0073240316896906466,0.012424951558233189
T26,0.03346693386773547,0.35550898892107785,stable,0.0073240316896906466,0.012424951558233189
T26,0.03346693386773547,2.7860836646687153,unstable,0.0073240316896906466,0.012424951558233189
T26,0.03356713426853707,0.3537499133303781,stable,0.0073240316896906466,0.012424951558233189
T26,0.03356713426853707,2.787842740259415,unstable,0.0073240316896906466,0.012424951558233189
T26,0.033667334669338675,0.352008558739203,stable,0.0073240316896906466,0.012424951558233189
T26,0.033667334669338675,2.78958409485059,unstable,0.0073240316896906466,0.012424951558233189
T26,0.033767535070140284,0.3502846524466441,stable,0.0073240316896906466,0.012424951558233189
T26,0.033767535070140284,2.7913080011431486,unstable,0.0073240316896906466,0.012424951558233189
T26,0.033867735470941886,0.34857792745006755,stable,0.0073240316896906466,0.012424951558233189
T26,0.033867735470941886,2.7930147261397256,unstable,0.0073240316896906466,0.012424951558233189
T26,0.03396793587174349,0.3468881222935929,stable,0.0073240316896906466,0.012424951558233189
T26,0.03396793587174349,2.7947045312962002,unstable,0.0073240316896906466,0.012424951558233189
T26,0.03406813627254509,0.34521498092149194,stable,0.0073240316896906466,0.012424951558233189
T26,0.03406813627254509,2.796377672668301,unstable,0.0073240316896906466,0.012424951558233189
T26,0.03416833667334669,0.3435582525363108,stable,0.0073240316896906466,0.012424951558233189
T26,0.03416833667334669,2.7980344010534823,unstable,0.0073240316896906466,0.012424951558233189
T26,0.03426853707414829,0.3419176914615485,stable,0.0073240316896906466,0.012424951558233189
T26,0.03426853707414829,2.799674962128245,unstable,0.0073240316896906466,0.012424951558233189
T26,0.0343687374749499,0.34029305700870216,stable,0.0073240316896906466,0.012424951558233189
T26,0.0343687374749499,2.8012995965810905,unstable,0.0073240316896906466,0.012424951558233189
T26,0.034468937875751504,0.33868411334852944,stable,0.0073240316896906466,0.012424951558233189
T26,0.034468937875751504,2.8029085402412637,unstable,0.0073240316896906466,0.012424951558233189
T26,0.034569138276553106,0.3370906293863589,stable,0.0073240316896906466,0.012424951558233189
T26,0.034569138276553106,2.804502024203434,unstable,0.0073240316896906466,0.012424951558233189
T26,0.03466933867735471,0.33551237864130634,stable,0.0073240316896906466,0.012424951558233189
T26,0.03466933867735471,2.8060802749484868,unstable,0.0073240316896906466,0.012424951558233189
T26,0.03476953907815631,0.3339491391292415,stable,0.0073240316896906466,0.012424951558233189
T26,0.03476953907815631,2.807643514460551,unstable,0.0073240316896906466,0.012424951558233189
T26,0.03486973947895792,0.3324006932493768,stable,0.0073240316896906466,0.012424951558233189
T26,0.03486973947895792,2.8091919603404163,unstable,0.0073240316896906466,0.012424951558233189
T26,0.03496993987975952,0.33086682767434583,stable,0.0073240316896906466,0.012424951558233189
T26,0.03496993987975952,2.8107258259154477,unstable,0.0073240316896906466,0.012424951558233189
T26,0.03507014028056112,0.3293473332436303,stable,0.0073240316896906466,0.012424951558233189
T26,0.03507014028056112,2.812245320346163,unstable,0.0073240316896906466,0.012424951558233189
T26,0.035170340681362725,0.3278420048602366,stable,0.0073240316896906466,0.012424951558233189
T26,0.035170340681362725,2.813750648729556,unstable,0.0073240316896906466,0.012424951558233189
T26,0.035270541082164326,0.3263506413904844,stable,0.0073240316896906466,0.012424951558233189
T26,0.035270541082164326,2.8152420121993087,unstable,0.0073240316896906466,0.012424951558233189
T26,0.03537074148296593,0.32487304556681007,stable,0.0073240316896906466,0.012424951558233189
T26,0.03537074148296593,2.816719608022983,unstable,0.0073240316896906466,0.012424951558233189
T26,0.03547094188376754,0.3234090238934706,stable,0.0073240316896906466,0.012424951558233189
T26,0.03547094188376754,2.818183629696323,unstable,0.0073240316896906466,0.012424951558233189
T26,0.03557114228456914,0.3219583865550484,stable,0.0073240316896906466,0.012424951558233189
T26,0.03557114228456914,2.819634267034745,unstable,0.0073240316896906466,0.012424951558233189
T26,0.03567134268537074,0.32052094732765646,stable,0.0073240316896906466,0.012424951558233189
T26,0.03567134268537074,2.8210717062621367,unstable,0.0073240316896906466,0.012424951558233189
T26,0.03577154308617234,0.3190965234927541,stable,0.0073240316896906466,0.012424951558233189
T26,0.03577154308617234,2.822496130097039,unstable,0.0073240316896906466,0.012424951558233189
T26,0.035871743486973945,0.31768493575347634,stable,0.0073240316896906466,0.012424951558233189
T26,0.035871743486973945,2.8239077178363168,unstable,0.0073240316896906466,0.012424951558233189
T26,0.035971943887775554,0.31628600815339514,stable,0.0073240316896906466,0.012424951558233189
T26,0.035971943887775554,2.825306645436398,unstable,0.0073240316896906466,0.012424951558233189
T26,0.036072144288577156,0.3148995679976254,stable,0.0073240316896906466,0.012424951558233189
T26,0.036072144288577156,2.8266930855921677,unstable,0.0073240316896906466,0.012424951558233189
T26,0.03617234468937876,0.313525445776202,stable,0.0073240316896906466,0.012424951558233189
T26,0.03617234468937876,2.828067207813591,unstable,0.0073240316896906466,0.012424951558233189
T26,0.03627254509018036,0.3121634750896387,stable,0.0073240316896906466,0.012424951558233189
T26,0.03627254509018036,2.8294291785001544,unstable,0.0073240316896906466,0.012424951558233189
T26,0.03637274549098196,0.3108134925766106,stable,0.0073240316896906466,0.012424951558233189
T26,0.03637274549098196,2.830779161013183,unstable,0.0073240316896906466,0.012424951558233189
T26,0.03647294589178357,0.3094753378436761,stable,0.0073240316896906466,0.012424951558233189
T26,0.03647294589178357,2.8321173157461175,unstable,0.0073240316896906466,0.012424951558233189
T26,0.03657314629258517,0.3081488533969763,stable,0.0073240316896906466,0.012424951558233189
T26,0.03657314629258517,2.833443800192817,unstable,0.0073240316896906466,0.012424951558233189
T26,0.036673346693386774,0.30683388457584604,stable,0.0073240316896906466,0.012424951558233189
T26,0.036673346693386774,2.8347587690139466,unstable,0.0073240316896906466,0.012424951558233189
T26,0.036773547094188376,0.3055302794882717,stable,0.0073240316896906466,0.012424951558233189
T26,0.036773547094188376,2.8360623741015214,unstable,0.0073240316896906466,0.012424951558233189
T26,0.03687374749498998,0.30423788894813564,stable,0.0073240316896906466,0.012424951558233189
T26,0.03687374749498998,2.837354764641658,unstable,0.0073240316896906466,0.012424951558233189
T26,0.03697394789579158,0.30295656641418844,stable,0.0073240316896906466,0.012424951558233189
T26,0.03697394789579158,2.8386360871756047,unstable,0.0073240316896906466,0.012424951558233189
T26,0.03707414829659319,0.30168616793069614,stable,0.0073240316896906466,0.012424951558233189
T26,0.03707414829659319,2.839906485659097,unstable,0.0073240316896906466,0.012424951558233189
T26,0.03717434869739479,0.3004265520697009,stable,0.0073240316896906466,0.012424951558233189
T26,0.03717434869739479,2.841166101520092,unstable,0.0073240316896906466,0.012424951558233189
T26,0.03727454909819639,0.2991775798748524,stable,0.0073240316896906466,0.012424951558233189
T26,0.03727454909819639,2.8424150737149407,unstable,0.0073240316896906466,0.012424951558233189
T26,0.037374749498997994,0.2979391148067516,stable,0.0073240316896906466,0.012424951558233189
T26,0.037374749498997994,2.843653538783041,unstable,0.0073240316896906466,0.012424951558233189
T26,0.037474949899799596,0.2967110226897649,stable,0.0073240316896906466,0.012424951558233189
T26,0.037474949899799596,2.844881630900028,unstable,0.0073240316896906466,0.012424951558233189
T26,0.037575150300601205,0.2954931716602571,stable,0.0073240316896906466,0.012424951558233189
T26,0.037575150300601205,2.846099481929536,unstable,0.0073240316896906466,0.012424951558233189
T26,0.03767535070140281,0.29428543211620095,stable,0.0073240316896906466,0.012424951558233189
T26,0.03767535070140281,2.847307221473592,unstable,0.0073240316896906466,0.012424951558233189
T26,0.03777555110220441,0.29308767666812274,stable,0.0073240316896906466,0.012424951558233189
T26,0.03777555110220441,2.848504976921671,unstable,0.0073240316896906466,0.012424951558233189
T26,0.03787575150300601,0.2918997800913341,stable,0.0073240316896906466,0.012424951558233189
T26,0.03787575150300601,2.8496928734984586,unstable,0.0073240316896906466,0.012424951558233189
T26,0.03797595190380761,0.29072161927942197,stable,0.0073240316896906466,0.012424951558233189
T26,0.03797595190380761,2.850871034310371,unstable,0.0073240316896906466,0.012424951558233189
T26,0.03807615230460922,0.2895530731989435,stable,0.0073240316896906466,0.012424951558233189
T26,0.03807615230460922,2.8520395803908496,unstable,0.0073240316896906466,0.012424951558233189
T26,0.038176352705410824,0.288394022845305,stable,0.0073240316896906466,0.012424951558233189
T26,0.038176352705410824,2.8531986307444885,unstable,0.0073240316896906466,0.012424951558233189
T26,0.038276553106212426,0.28724435119977265,stable,0.0073240316896906466,0.012424951558233189
T26,0.038276553106212426,2.8543483023900205,unstable,0.0073240316896906466,0.012424951558233189
T26,0.03837675350701403,0.2861039431875927,stable,0.0073240316896906466,0.012424951558233189
T26,0.03837675350701403,2.8554887104022004,unstable,0.0073240316896906466,0.012424951558233189
T26,0.03847695390781563,0.2849726856371819,stable,0.0073240316896906466,0.012424951558233189
T26,0.03847695390781563,2.8566199679526108,unstable,0.0073240316896906466,0.012424951558233189
T26,0.03857715430861723,0.28385046724035634,stable,0.0073240316896906466,0.012424951558233189
T26,0.03857715430861723,2.857742186349437,unstable,0.0073240316896906466,0.012424951558233189
T26,0.03867735470941884,0.28273717851356883,stable,0.0073240316896906466,0.012424951558233189
T26,0.03867735470941884,2.858855475076224,unstable,0.0073240316896906466,0.012424951558233189
T26,0.03877755511022044,0.28163271176012383,stable,0.0073240316896906466,0.012424951558233189
T26,0.03877755511022044,2.8599599418296693,unstable,0.0073240316896906466,0.012424951558233189
T26,0.038877755511022044,0.2805369610333406,stable,0.0073240316896906466,0.012424951558233189
T26,0.038877755511022044,2.8610556925564525,unstable,0.0073240316896906466,0.012424951558233189
T26,0.038977955911823646,0.27944982210063785,stable,0.0073240316896906466,0.012424951558233189
T26,0.038977955911823646,2.8621428314891553,unstable,0.0073240316896906466,0.012424951558233189
T26,0.03907815631262525,0.2783711924085117,stable,0.0073240316896906466,0.012424951558233189
T26,0.03907815631262525,2.863221461181281,unstable,0.0073240316896906466,0.012424951558233189
T26,0.03917835671342686,0.27730097104837936,stable,0.0073240316896906466,0.012424951558233189
T26,0.03917835671342686,2.8642916825414133,unstable,0.0073240316896906466,0.012424951558233189
T26,0.03927855711422846,0.2762390587232688,stable,0.0073240316896906466,0.012424951558233189
T26,0.03927855711422846,2.8653535948665247,unstable,0.0073240316896906466,0.012424951558233189
T26,0.03937875751503006,0.27518535771532093,stable,0.0073240316896906466,0.012424951558233189
T26,0.03937875751503006,2.866407295874472,unstable,0.0073240316896906466,0.012424951558233189
T26,0.03947895791583166,0.274139771854089,stable,0.0073240316896906466,0.012424951558233189
T26,0.03947895791583166,2.867452881735704,unstable,0.0073240316896906466,0.012424951558233189
T26,0.039579158316633264,0.27310220648560923,stable,0.0073240316896906466,0.012424951558233189
T26,0.039579158316633264,2.8684904471041843,unstable,0.0073240316896906466,0.012424951558233189
T26,0.039679358717434866,0.2720725684422183,stable,0.0073240316896906466,0.012424951558233189
T26,0.039679358717434866,2.869520085147575,unstable,0.0073240316896906466,0.012424951558233189
T26,0.039779559118236475,0.27105076601309985,stable,0.0073240316896906466,0.012424951558233189
T26,0.039779559118236475,2.8705418875766933,unstable,0.0073240316896906466,0.012424951558233189
T26,0.03987975951903808,0.27003670891553977,stable,0.0073240316896906466,0.012424951558233189
T26,0.03987975951903808,2.8715559446742533,unstable,0.0073240316896906466,0.012424951558233189
T26,0.03997995991983968,0.26903030826686347,stable,0.0073240316896906466,0.012424951558233189
T26,0.03997995991983968,2.8725623453229296,unstable,0.0073240316896906466,0.012424951558233189
T26,0.04008016032064128,0.2680314765570464,stable,0.0073240316896906466,0.012424951558233189
T26,0.04008016032064128,2.8735611770327463,unstable,0.0073240316896906466,0.012424951558233189
T26,0.04018036072144288,0.2670401276219705,stable,0.0073240316896906466,0.012424951558233189
T26,0.04018036072144288,2.8745525259678226,unstable,0.0073240316896906466,0.012424951558233189
T26,0.04028056112224449,0.26605617661731173,stable,0.0073240316896906466,0.012424951558233189
T26,0.04028056112224449,2.8755364769724814,unstable,0.0073240316896906466,0.012424951558233189
T26,0.040380761523046094,0.26507953999304146,stable,0.0073240316896906466,0.012424951558233189
T26,0.040380761523046094,2.8765131135967517,unstable,0.0073240316896906466,0.012424951558233189
T26,0.040480961923847696,0.2641101354685258,stable,0.0073240316896906466,0.012424951558233189
T26,0.040480961923847696,2.8774825181212673,unstable,0.0073240316896906466,0.012424951558233189
T26,0.0405811623246493,0.26314788200820116,stable,0.0073240316896906466,0.012424951558233189
T26,0.0405811623246493,2.8784447715815915,unstable,0.0073240316896906466,0.012424951558233189
T26,0.0406813627254509,0.26219269979781723,stable,0.0073240316896906466,0.012424951558233189
T26,0.0406813627254509,2.8793999537919763,unstable,0.0073240316896906466,0.012424951558233189
T26,0.04078156312625251,0.26124451022122797,stable,0.0073240316896906466,0.012424951558233189
T26,0.04078156312625251,2.8803481433685647,unstable,0.0073240316896906466,0.012424951558233189
T26,0.04088176352705411,0.2603032358377151,stable,0.0073240316896906466,0.012424951558233189
T26,0.04088176352705411,2.881289417752078,unstable,0.0073240316896906466,0.012424951558233189
T26,0.04098196392785571,0.25936880035983334,stable,0.0073240316896906466,0.012424951558233189
T26,0.04098196392785571,2.8822238532299593,unstable,0.0073240316896906466,0.012424951558233189
T26,0.041082164328657314,0.25844112863175805,stable,0.0073240316896906466,0.012424951558233189
T26,0.041082164328657314,2.883151524958035,unstable,0.0073240316896906466,0.012424951558233189
T26,0.041182364729458916,0.25752014660812694,stable,0.0073240316896906466,0.012424951558233189
T26,0.041182364729458916,2.884072506981666,unstable,0.0073240316896906466,0.012424951558233189
T26,0.04128256513026052,0.2566057813333593,stable,0.0073240316896906466,0.012424951558233189
T26,0.04128256513026052,2.884986872256434,unstable,0.0073240316896906466,0.012424951558233189
T26,0.04138276553106213,0.25569796092144337,stable,0.0073240316896906466,0.012424951558233189
T26,0.04138276553106213,2.8858946926683497,unstable,0.0073240316896906466,0.012424951558233189
T26,0.04148296593186373,0.2547966145361724,stable,0.0073240316896906466,0.012424951558233189
T26,0.04148296593186373,2.886796039053621,unstable,0.0073240316896906466,0.012424951558233189
T26,0.04158316633266533,0.25390167237182837,stable,0.0073240316896906466,0.012424951558233189
T26,0.04158316633266533,2.8876909812179647,unstable,0.0073240316896906466,0.012424951558233189
T26,0.04168336673346693,0.25301306563429193,stable,0.0073240316896906466,0.012424951558233189
T26,0.04168336673346693,2.888579587955501,unstable,0.0073240316896906466,0.012424951558233189
T26,0.041783567134268534,0.25213072652257074,stable,0.0073240316896906466,0.012424951558233189
T26,0.041783567134268534,2.889461927067222,unstable,0.0073240316896906466,0.012424951558233189
T26,0.04188376753507014,0.2512545882107391,stable,0.0073240316896906466,0.012424951558233189
T26,0.04188376753507014,2.890338065379054,unstable,0.0073240316896906466,0.012424951558233189
T26,0.041983967935871745,0.25038458483027126,stable,0.0073240316896906466,0.012424951558233189
T26,0.041983967935871745,2.8912080687595214,unstable,0.0073240316896906466,0.012424951558233189
T26,0.04208416833667335,0.24952065145276325,stable,0.0073240316896906466,0.012424951558233189
T26,0.04208416833667335,2.89207200213703,unstable,0.0073240316896906466,0.012424951558233189
T26,0.04218436873747495,0.24866272407303303,stable,0.0073240316896906466,0.012424951558233189
T26,0.04218436873747495,2.89292992951676,unstable,0.0073240316896906466,0.012424951558233189
T26,0.04228456913827655,0.24781073959258393,stable,0.0073240316896906466,0.012424951558233189
T26,0.04228456913827655,2.893781913997209,unstable,0.0073240316896906466,0.012424951558233189
T26,0.04238476953907815,0.2469646358034323,stable,0.0073240316896906466,0.012424951558233189
T26,0.04238476953907815,2.894628017786361,unstable,0.0073240316896906466,0.012424951558233189
T26,0.04248496993987976,0.2461243513722775,stable,0.0073240316896906466,0.012424951558233189
T26,0.04248496993987976,2.895468302217516,unstable,0.0073240316896906466,0.012424951558233189
T26,0.042585170340681364,0.24528982582501646,stable,0.0073240316896906466,0.012424951558233189
T26,0.042585170340681364,2.896302827764776,unstable,0.0073240316896906466,0.012424951558233189
T26,0.042685370741482966,0.24446099953158784,stable,0.0073240316896906466,0.012424951558233189
T26,0.042685370741482966,2.897131654058205,unstable,0.0073240316896906466,0.012424951558233189
T26,0.04278557114228457,0.24363781369113902,stable,0.0073240316896906466,0.012424951558233189
T26,0.04278557114228457,2.897954839898654,unstable,0.0073240316896906466,0.012424951558233189
T26,0.04288577154308617,0.24282021031751055,stable,0.0073240316896906466,0.012424951558233189
T26,0.04288577154308617,2.898772443272282,unstable,0.0073240316896906466,0.012424951558233189
T26,0.04298597194388778,0.24200813222502315,stable,0.0073240316896906466,0.012424951558233189
T26,0.04298597194388778,2.89958452136477,unstable,0.0073240316896906466,0.012424951558233189
T26,0.04308617234468938,0.2412015230145692,stable,0.0073240316896906466,0.012424951558233189
T26,0.04308617234468938,2.9003911305752244,unstable,0.0073240316896906466,0.012424951558233189
T26,0.04318637274549098,0.24040032705999348,stable,0.0073240316896906466,0.012424951558233189
T26,0.04318637274549098,2.9011923265297996,unstable,0.0073240316896906466,0.012424951558233189
T26,0.043286573146292584,0.23960448949475976,stable,0.0073240316896906466,0.012424951558233189
T26,0.043286573146292584,2.901988164095034,unstable,0.0073240316896906466,0.012424951558233189
T26,0.043386773547094186,0.23881395619889334,stable,0.0073240316896906466,0.012424951558233189
T26,0.043386773547094186,2.9027786973909,unstable,0.0073240316896906466,0.012424951558233189
T26,0.043486973947895795,0.23802867378619874,stable,0.0073240316896906466,0.012424951558233189
T26,0.043486973947895795,2.903563979803595,unstable,0.0073240316896906466,0.012424951558233189
T26,0.0435871743486974,0.23724858959173867,stable,0.0073240316896906466,0.012424951558233189
T26,0.0435871743486974,2.904344063998055,unstable,0.0073240316896906466,0.012424951558233189
T26,0.043687374749499,0.23647365165957046,stable,0.0073240316896906466,0.012424951558233189
T26,0.043687374749499,2.905119001930222,unstable,0.0073240316896906466,0.012424951558233189
T26,0.0437875751503006,0.23570380873073793,stable,0.0073240316896906466,0.012424951558233189
T26,0.0437875751503006,2.9058888448590547,unstable,0.0073240316896906466,0.012424951558233189
T26,0.0438877755511022,0.23493901023150565,stable,0.0073240316896906466,0.012424951558233189
T26,0.0438877755511022,2.906653643358288,unstable,0.0073240316896906466,0.012424951558233189
T26,0.043987975951903804,0.23417920626183353,stable,0.0073240316896906466,0.012424951558233189
T26,0.043987975951903804,2.9074134473279596,unstable,0.0073240316896906466,0.012424951558233189
T26,0.04408817635270541,0.23342434758408803,stable,0.0073240316896906466,0.012424951558233189
T26,0.04408817635270541,2.908168306005705,unstable,0.0073240316896906466,0.012424951558233189
T26,0.044188376753507015,0.23267438561197817,stable,0.0073240316896906466,0.012424951558233189
T26,0.044188376753507015,2.908918267977815,unstable,0.0073240316896906466,0.012424951558233189
T26,0.04428857715430862,0.23192927239971795,stable,0.0073240316896906466,0.012424951558233189
T26,0.04428857715430862,2.909663381190075,unstable,0.0073240316896906466,0.012424951558233189
T26,0.04438877755511022,0.23118896063140415,stable,0.0073240316896906466,0.012424951558233189
T26,0.04438877755511022,2.910403692958389,unstable,0.0073240316896906466,0.012424951558233189
T26,0.04448897795591182,0.2304534036106083,stable,0.0073240316896906466,0.012424951558233189
T26,0.04448897795591182,2.9111392499791844,unstable,0.0073240316896906466,0.012424951558233189
T26,0.04458917835671343,0.22972255525017538,stable,0.0073240316896906466,0.012424951558233189
T26,0.04458917835671343,2.9118700983396177,unstable,0.0073240316896906466,0.012424951558233189
T26,0.04468937875751503,0.22899637006222662,stable,0.0073240316896906466,0.012424951558233189
T26,0.04468937875751503,2.9125962835275665,unstable,0.0073240316896906466,0.012424951558233189
T26,0.044789579158316634,0.22827480314835746,stable,0.0073240316896906466,0.012424951558233189
T26,0.044789579158316634,2.9133178504414357,unstable,0.0073240316896906466,0.012424951558233189
T26,0.044889779559118236,0.22755781019003418,stable,0.0073240316896906466,0.012424951558233189
T26,0.044889779559118236,2.914034843399759,unstable,0.0073240316896906466,0.012424951558233189
T26,0.04498997995991984,0.2268453474391734,stable,0.0073240316896906466,0.012424951558233189
T26,0.04498997995991984,2.9147473061506197,unstable,0.0073240316896906466,0.012424951558233189
T26,0.04509018036072144,0.2261373717089108,stable,0.0073240316896906466,0.012424951558233189
T26,0.04509018036072144,2.9154552818808828,unstable,0.0073240316896906466,0.012424951558233189
T26,0.04519038076152305,0.2254338403645484,stable,0.0073240316896906466,0.012424951558233189
T26,0.04519038076152305,2.9161588132252447,unstable,0.0073240316896906466,0.012424951558233189
T26,0.04529058116232465,0.22473471131467715,stable,0.0073240316896906466,0.012424951558233189
T26,0.04529058116232465,2.916857942275116,unstable,0.0073240316896906466,0.012424951558233189
T26,0.04539078156312625,0.22403994300247465,stable,0.0073240316896906466,0.012424951558233189
T26,0.04539078156312625,2.9175527105873185,unstable,0.0073240316896906466,0.012424951558233189
T26,0.045490981963927854,0.22334949439716834,stable,0.0073240316896906466,0.012424951558233189
T26,0.045490981963927854,2.918243159192625,unstable,0.0073240316896906466,0.012424951558233189
T26,0.045591182364729456,0.22266332498566355,stable,0.0073240316896906466,0.012424951558233189
T26,0.045591182364729456,2.918929328604129,unstable,0.0073240316896906466,0.012424951558233189
T26,0.045691382765531065,0.22198139476433454,stable,0.0073240316896906466,0.012424951558233189
T26,0.045691382765531065,2.9196112588254586,unstable,0.0073240316896906466,0.012424951558233189
T26,0.04579158316633267,0.2213036642309696,stable,0.0073240316896906466,0.012424951558233189
T26,0.04579158316633267,2.9202889893588235,unstable,0.0073240316896906466,0.012424951558233189
T26,0.04589178356713427,0.22063009437687287,stable,0.0073240316896906466,0.012424951558233189
T26,0.04589178356713427,2.9209625592129207,unstable,0.0073240316896906466,0.012424951558233189
T26,0.04599198396793587,0.21996064667911241,stable,0.0073240316896906466,0.012424951558233189
T26,0.04599198396793587,2.9216320069106807,unstable,0.0073240316896906466,0.012424951558233189
T26,0.04609218436873747,0.21929528309292046,stable,0.0073240316896906466,0.012424951558233189
T26,0.04609218436873747,2.9222973704968727,unstable,0.0073240316896906466,0.012424951558233189
T26,0.04619238476953908,0.2186339660442309,stable,0.0073240316896906466,0.012424951558233189
T26,0.04619238476953908,2.922958687545562,unstable,0.0073240316896906466,0.012424951558233189
T26,0.04629258517034068,0.21797665842236302,stable,0.0073240316896906466,0.012424951558233189
T26,0.04629258517034068,2.92361599516743,unstable,0.0073240316896906466,0.012424951558233189
T26,0.046392785571142285,0.21732332357283868,stable,0.0073240316896906466,0.012424951558233189
T26,0.046392785571142285,2.924269330016955,unstable,0.0073240316896906466,0.012424951558233189
T26,0.04649298597194389,0.21667392529033558,stable,0.0073240316896906466,0.012424951558233189
T26,0.04649298597194389,2.924918728299458,unstable,0.0073240316896906466,0.012424951558233189
T26,0.04659318637274549,0.216028427811771,stable,0.0073240316896906466,0.012424951558233189
T26,0.04659318637274549,2.9255642257780217,unstable,0.0073240316896906466,0.012424951558233189
T26,0.04669338677354709,0.21538679580951392,stable,0.0073240316896906466,0.012424951558233189
T26,0.04669338677354709,2.926205857780279,unstable,0.0073240316896906466,0.012424951558233189
T26,0.0467935871743487,0.2147489943847236,stable,0.0073240316896906466,0.012424951558233189
T26,0.0467935871743487,2.926843659205069,unstable,0.0073240316896906466,0.012424951558233189
T26,0.0468937875751503,0.21411498906081183,stable,0.0073240316896906466,0.012424951558233189
T26,0.0468937875751503,2.927477664528981,unstable,0.0073240316896906466,0.012424951558233189
T26,0.046993987975951904,0.21348474577702126,stable,0.0073240316896906466,0.012424951558233189
T26,0.046993987975951904,2.9281079078127714,unstable,0.0073240316896906466,0.012424951558233189
T26,0.047094188376753505,0.2128582308821274,stable,0.0073240316896906466,0.012424951558233189
T26,0.047094188376753505,2.9287344227076657,unstable,0.0073240316896906466,0.012424951558233189
T26,0.04719438877755511,0.21223541112825117,stable,0.0073240316896906466,0.012424951558233189
T26,0.04719438877755511,2.929357242461542,unstable,0.0073240316896906466,0.012424951558233189
T26,0.047294589178356716,0.21161625366478543,stable,0.0073240316896906466,0.012424951558233189
T26,0.047294589178356716,2.9299763999250077,unstable,0.0073240316896906466,0.012424951558233189
T26,0.04739478957915832,0.21100072603243403,stable,0.0073240316896906466,0.012424951558233189
T26,0.04739478957915832,2.9305919275573586,unstable,0.0073240316896906466,0.012424951558233189
T26,0.04749498997995992,0.21038879615735517,stable,0.0073240316896906466,0.012424951558233189
T26,0.04749498997995992,2.931203857432438,unstable,0.0073240316896906466,0.012424951558233189
T26,0.04759519038076152,0.20978043234541133,stable,0.0073240316896906466,0.012424951558233189
T26,0.04759519038076152,2.931812221244382,unstable,0.0073240316896906466,0.012424951558233189
T26,0.047695390781563124,0.20917560327652618,stable,0.0073240316896906466,0.012424951558233189
T26,0.047695390781563124,2.9324170503132674,unstable,0.0073240316896906466,0.012424951558233189
T26,0.04779559118236473,0.20857427799913708,stable,0.0073240316896906466,0.012424951558233189
T26,0.04779559118236473,2.933018375590656,unstable,0.0073240316896906466,0.012424951558233189
T26,0.047895791583166335,0.20797642592475007,stable,0.0073240316896906466,0.012424951558233189
T26,0.047895791583166335,2.933616227665043,unstable,0.0073240316896906466,0.012424951558233189
T26,0.04799599198396794,0.2073820168225926,stable,0.0073240316896906466,0.012424951558233189
T26,0.04799599198396794,2.934210636767201,unstable,0.0073240316896906466,0.012424951558233189
T26,0.04809619238476954,0.20679102081435907,stable,0.0073240316896906466,0.012424951558233189
T26,0.04809619238476954,2.934801632775434,unstable,0.0073240316896906466,0.012424951558233189
T26,0.04819639278557114,0.20620340836904916,stable,0.0073240316896906466,0.012424951558233189
T26,0.04819639278557114,2.935389245220744,unstable,0.0073240316896906466,0.012424951558233189
T26,0.04829659318637274,0.20561915029790034,stable,0.0073240316896906466,0.012424951558233189
T26,0.04829659318637274,2.9359735032918923,unstable,0.0073240316896906466,0.012424951558233189
T26,0.04839679358717435,0.20503821774940567,stable,0.0073240316896906466,0.012424951558233189
T26,0.04839679358717435,2.936554435840387,unstable,0.0073240316896906466,0.012424951558233189
T26,0.04849699398797595,0.20446058220442165,stable,0.0073240316896906466,0.012424951558233189
T26,0.04849699398797595,2.9371320713853715,unstable,0.0073240316896906466,0.012424951558233189
T26,0.048597194388777555,0.20388621547136232,stable,0.0073240316896906466,0.012424951558233189
T26,0.048597194388777555,2.937706438118431,unstable,0.0073240316896906466,0.012424951558233189
T26,0.04869739478957916,0.20331508968147194,stable,0.0073240316896906466,0.012424951558233189
T26,0.04869739478957916,2.938277563908321,unstable,0.0073240316896906466,0.012424951558233189
T26,0.04879759519038076,0.20274717728418779,stable,0.0073240316896906466,0.012424951558233189
T26,0.04879759519038076,2.9388454763056053,unstable,0.0073240316896906466,0.012424951558233189
T26,0.04889779559118237,0.20218245104257582,stable,0.0073240316896906466,0.012424951558233189
T26,0.04889779559118237,2.939410202547217,unstable,0.0073240316896906466,0.012424951558233189
T26,0.04899799599198397,0.20162088402885026,stable,0.0073240316896906466,0.012424951558233189
T26,0.04899799599198397,2.939971769560943,unstable,0.0073240316896906466,0.012424951558233189
T26,0.04909819639278557,0.20106244961996778,stable,0.0073240316896906466,0.012424951558233189
T26,0.04909819639278557,2.940530203969825,unstable,0.0073240316896906466,0.012424951558233189
T26,0.049198396793587174,0.20050712149329808,stable,0.0073240316896906466,0.012424951558233189
T26,0.049198396793587174,2.941085532096495,unstable,0.0073240316896906466,0.012424951558233189
T26,0.049298597194388775,0.1999548736223704,stable,0.0073240316896906466,0.012424951558233189
T26,0.049298597194388775,2.9416377799674223,unstable,0.0073240316896906466,0.012424951558233189
T26,0.04939879759519038,0.19940568027268624,stable,0.0073240316896906466,0.012424951558233189
T26,0.04939879759519038,2.9421869733171064,unstable,0.0073240316896906466,0.012424951558233189
T26,0.049498997995991986,0.1988595159976141,stable,0.0073240316896906466,0.012424951558233189
T26,0.049498997995991986,2.942733137592179,unstable,0.0073240316896906466,0.012424951558233189
T26,0.04959919839679359,0.19831635563434258,stable,0.0073240316896906466,0.012424951558233189
T26,0.04959919839679359,2.9432762979554505,unstable,0.0073240316896906466,0.012424951558233189
T26,0.04969939879759519,0.1977761742999089,stable,0.0073240316896906466,0.012424951558233189
T26,0.04969939879759519,2.943816479289884,unstable,0.0073240316896906466,0.012424951558233189
T26,0.04979959919839679,0.19723894738729486,stable,0.0073240316896906466,0.012424951558233189
T26,0.04979959919839679,2.9443537062024987,unstable,0.0073240316896906466,0.012424951558233189
T26,0.049899799599198394,0.19670465056158148,stable,0.0073240316896906466,0.012424951558233189
T26,0.049899799599198394,2.944888003028211,unstable,0.0073240316896906466,0.012424951558233189
T26,0.05,0.19617325975617694,stable,0.0073240316896906466,0.012424951558233189
T26,0.05,2.9454193938336157,unstable,0.0073240316896906466,0.012424951558233189
18:6 LD,0.0,-0.2844613686955917,unstable,0.003486944701364847,0.012424951558233189
18:6 LD,0.0,-2.8571312848942014,stable,0.003486944701364847,0.012424951558233189
18:6 LD,0.0001002004008016032,-0.2868393392120341,unstable,0.003486944701364847,0.012424951558233189
18:6 LD,0.0001002004008016032,-2.854753314377759,stable,0.003486944701364847,0.012424951558233189
18:6 LD,0.0002004008016032064,-0.2892580030683489,unstable,0.003486944701364847,0.012424951558233189
18:6 LD,0.0002004008016032064,-2.8523346505214437,stable,0.003486944701364847,0.012424951558233189
18:6 LD,0.0003006012024048096,-0.2917184302665383,unstable,0.003486944701364847,0.012424951558233189
18:6 LD,0.0003006012024048096,-2.849874223323255,stable,0.003486944701364847,0.012424951558233189
18:6 LD,0.0004008016032064128,-0.2942217292636182,unstable,0.003486944701364847,0.012424951558233189
18:6 LD,0.0004008016032064128,-2.8473709243261744,stable,0.003486944701364847,0.012424951558233189
18:6 LD,0.000501002004008016,-0.2967690487436143,unstable,0.003486944701364847,0.012424951558233189
18:6 LD,0.000501002004008016,-2.8448236048461784,stable,0.003486944701364847,0.012424951558233189
18:6 LD,0.0006012024048096192,-0.29936157949012054,unstable,0.003486944701364847,0.012424951558233189
18:6 LD,0.0006012024048096192,-2.842231074099672,stable,0.003486944701364847,0.012424951558233189
18:6 LD,0.0007014028056112224,-0.3020005563662309,unstable,0.003486944701364847,0.012424951558233189
18:6 LD,0.0007014028056112224,-2.839592097223562,stable,0.003486944701364847,0.012424951558233189
18:6 LD,0.0008016032064128256,-0.30468726040924166,unstable,0.003486944701364847,0.012424951558233189
18:6 LD,0.0008016032064128256,-2.836905393180551,stable,0.003486944701364847,0.012424951558233189
18:6 LD,0.0009018036072144289,-0.30742302104808283,unstable,0.003486944701364847,0.012424951558233189
18:6 LD,0.0009018036072144289,-2.8341696325417107,stable,0.003486944701364847,0.012424951558233189
18:6 LD,0.001002004008016032,-0.310209218452107,unstable,0.003486944701364847,0.012424951558233189
18:6 LD,0.001002004008016032,-2.8313834351376865,stable,0.003486944701364847,0.012424951558233189
18:6 LD,0.0011022044088176352,-0.3130472860205735,unstable,0.003486944701364847,0.012424951558233189
18:6 LD,0.0011022044088176352,-2.8285453675692196,stable,0.003486944701364847,0.012424951558233189
18:6 LD,0.0012024048096192384,-0.3159387130229345,unstable,0.003486944701364847,0.012424951558233189
18:6 LD,0.0012024048096192384,-2.825653940566859,stable,0.003486944701364847,0.012424951558233189
18:6 LD,0.0013026052104208416,-0.3188850474008955,unstable,0.003486944701364847,0.012424951558233189
18:6 LD,0.0013026052104208416,-2.8227076061888976,stable,0.003486944701364847,0.012424951558233189
18:6 LD,0.0014028056112224449,-0.3218878987441611,unstable,0.003486944701364847,0.012424951558233189
18:6 LD,0.0014028056112224449,-2.819704754845632,stable,0.003486944701364847,0.012424951558233189
18:6 LD,0.001503006012024048,-0.3249489414527966,unstable,0.003486944701364847,0.012424951558233189
18:6 LD,0.001503006012024048,-2.8166437121369965,stable,0.003486944701364847,0.012424951558233189
18:6 LD,0.0016032064128256513,-0.32806991810028574,unstable,0.003486944701364847,0.012424951558233189
18:6 LD,0.0016032064128256513,-2.8135227354895074,stable,0.003486944701364847,0.012424951558233189
18:6 LD,0.0017034068136272545,-0.3312526430126015,unstable,0.003486944701364847,0.012424951558233189
18:6 LD,0.0017034068136272545,-2.8103400105771916,stable,0.003486944701364847,0.012424951558233189
18:6 LD,0.0018036072144288577,-0.33449900608000105,unstable,0.003486944701364847,0.012424951558233189
18:6 LD,0.0018036072144288577,-2.8070936475097916,stable,0.003486944701364847,0.012424951558233189
18:6 LD,0.001903807615230461,-0.33781097681975547,unstable,0.003486944701364847,0.012424951558233189
18:6 LD,0.001903807615230461,-2.803781676770038,stable,0.003486944701364847,0.012424951558233189
18:6 LD,0.002004008016032064,-0.3411906087097383,unstable,0.003486944701364847,0.012424951558233189
18:6 LD,0.002004008016032064,-2.8004020448800553,stable,0.003486944701364847,0.012424951558233189
18:6 LD,0.002104208416833667,-0.34464004381463287,unstable,0.003486944701364847,0.012424951558233189
18:6 LD,0.002104208416833667,-2.7969526097751602,stable,0.003486944701364847,0.012424951558233189
18:6 LD,0.0022044088176352704,-0.3481615177286015,unstable,0.003486944701364847,0.012424951558233189
18:6 LD,0.0022044088176352704,-2.7934311358611916,stable,0.003486944701364847,0.012424951558233189
18:6 LD,0.0023046092184368736,-0.3517573648605552,unstable,0.003486944701364847,0.012424951558233189
18:6 LD,0.0023046092184368736,-2.789835288729238,stable,0.003486944701364847,0.012424951558233189
18:6 LD,0.002404809619238477,-0.35543002409070157,unstable,0.003486944701364847,0.012424951558233189
18:6 LD,0.002404809619238477,-2.786162629499092,stable,0.003486944701364847,0.012424951558233189
18:6 LD,0.00250501002004008,-0.359182044829903,unstable,0.003486944701364847,0.012424951558233189
18:6 LD,0.00250501002004008,-2.78241060875989,stable,0.003486944701364847,0.012424951558233189
18:6 LD,0.0026052104208416833,-0.3630160935165412,unstable,0.003486944701364847,0.012424951558233189
18:6 LD,0.0026052104208416833,-2.778576560073252,stable,0.003486944701364847,0.012424951558233189
18:6 LD,0.0027054108216432865,-0.3669349605891199,unstable,0.003486944701364847,0.012424951558233189
18:6 LD,0.0027054108216432865,-2.774657693000673,stable,0.003486944701364847,0.012424951558233189
18:6 LD,0.0028056112224448897,-0.3709415679768102,unstable,0.003486944701364847,0.012424951558233189
18:6 LD,0.0028056112224448897,-2.7706510856129825,stable,0.003486944701364847,0.012424951558233189
18:6 LD,0.002905811623246493,-0.37503897715456525,unstable,0.003486944701364847,0.012424951558233189
18:6 LD,0.002905811623246493,-2.766553676435228,stable,0.003486944701364847,0.012424951558233189
18:6 LD,0.003006012024048096,-0.37923039781442913,unstable,0.003486944701364847,0.012424951558233189
18:6 LD,0.003006012024048096,-2.762362255775364,stable,0.003486944701364847,0.012424951558233189
18:6 LD,0.0031062124248496994,-0.38351919721026784,unstable,0.003486944701364847,0.012424951558233189
18:6 LD,0.0031062124248496994,-2.7580734563795257,stable,0.003486944701364847,0.012424951558233189
18:6 LD,0.0032064128256513026,-0.38790891023945173,unstable,0.003486944701364847,0.012424951558233189
18:6 LD,0.0032064128256513026,-2.753683743350342,stable,0.003486944701364847,0.012424951558233189
18:6 LD,0.003306613226452906,-0.3924032503321788,unstable,0.003486944701364847,0.012424951558233189
18:6 LD,0.003306613226452906,-2.7491894032576143,stable,0.003486944701364847,0.012424951558233189
18:6 LD,0.003406813627254509,-0.3970061212271623,unstable,0.003486944701364847,0.012424951558233189
18:6 LD,0.003406813627254509,-2.7445865323626304,stable,0.003486944701364847,0.012424951558233189
18:6 LD,0.0035070140280561123,-0.40172162972157954,unstable,0.003486944701364847,0.012424951558233189
18:6 LD,0.0035070140280561123,-2.739871023868213,stable,0.003486944701364847,0.012424951558233189
18:6 LD,0.0036072144288577155,-0.40655409949354704,unstable,0.003486944701364847,0.012424951558233189
18:6 LD,0.0036072144288577155,-2.7350385540962456,stable,0.003486944701364847,0.012424951558233189
18:6 LD,0.0037074148296593187,-0.41150808610722844,unstable,0.003486944701364847,0.012424951558233189
18:6 LD,0.0037074148296593187,-2.7300845674825647,stable,0.003486944701364847,0.012424951558233189
18:6 LD,0.003807615230460922,-0.4165883933241683,unstable,0.003486944701364847,0.012424951558233189
18:6 LD,0.003807615230460922,-2.7250042602656244,stable,0.003486944701364847,0.012424951558233189
18:6 LD,0.003907815631262525,-0.42180009085989845,unstable,0.003486944701364847,0.012424951558233189
18:6 LD,0.003907815631262525,-2.7197925627298947,stable,0.003486944701364847,0.012424951558233189
18:6 LD,0.004008016032064128,-0.4271485337425478,unstable,0.003486944701364847,0.012424951558233189
18:6 LD,0.004008016032064128,-2.7144441198472453,stable,0.003486944701364847,0.012424951558233189
18:6 LD,0.004108216432865732,-0.4326393834505651,unstable,0.003486944701364847,0.012424951558233189
18:6 LD,0.004108216432865732,-2.7089532701392276,stable,0.003486944701364847,0.012424951558233189
18:6 LD,0.004208416833667334,-0.4382786310301121,unstable,0.003486944701364847,0.012424951558233189
18:6 LD,0.004208416833667334,-2.703314022559681,stable,0.003486944701364847,0.012424951558233189
18:6 LD,0.004308617234468938,-0.44407262241981194,unstable,0.003486944701364847,0.012424951558233189
18:6 LD,0.004308617234468938,-2.697520031169981,stable,0.003486944701364847,0.012424951558233189
18:6 LD,0.004408817635270541,-0.4500280862419963,unstable,0.003486944701364847,0.012424951558233189
18:6 LD,0.004408817635270541,-2.691564567347797,stable,0.003486944701364847,0.012424951558233189
18:6 LD,0.0045090180360721445,-0.45615216435615213,unstable,0.003486944701364847,0.012424951558233189
18:6 LD,0.0045090180360721445,-2.685440489233641,stable,0.003486944701364847,0.012424951558233189
18:6 LD,0.004609218436873747,-0.4624524455129433,unstable,0.003486944701364847,0.012424951558233189
18:6 LD,0.004609218436873747,-2.6791402080768503,stable,0.003486944701364847,0.012424951558233189
18:6 LD,0.004709418837675351,-0.46893700249711,unstable,0.003486944701364847,0.012424951558233189
18:6 LD,0.004709418837675351,-2.6726556510926827,stable,0.003486944701364847,0.012424951558233189
18:6 LD,0.004809619238476954,-0.47561443320620844,unstable,0.003486944701364847,0.012424951558233189
18:6 LD,0.004809619238476954,-2.6659782203835842,stable,0.003486944701364847,0.012424951558233189
18:6 LD,0.004909819639278557,-0.48249390618128674,unstable,0.003486944701364847,0.012424951558233189
18:6 LD,0.004909819639278557,-2.659098747408507,stable,0.003486944701364847,0.012424951558233189
18:6 LD,0.00501002004008016,-0.4895852111873955,unstable,0.003486944701364847,0.012424951558233189
18:6 LD,0.00501002004008016,-2.6520074424023976,stable,0.003486944701364847,0.012424951558233189
18:6 LD,0.005110220440881764,-0.49689881553904325,unstable,0.003486944701364847,0.012424951558233189
18:6 LD,0.005110220440881764,-2.64469383805075,stable,0.003486944701364847,0.012424951558233189
18:6 LD,0.0052104208416833666,-0.5044459269816253,unstable,0.003486944701364847,0.012424951558233189
18:6 LD,0.0052104208416833666,-2.637146726608168,stable,0.003486944701364847,0.012424951558233189
18:6 LD,0.00531062124248497,-0.5122385640788107,unstable,0.003486944701364847,0.012424951558233189
18:6 LD,0.00531062124248497,-2.629354089510983,stable,0.003486944701364847,0.012424951558233189
18:6 LD,0.005410821643286573,-0.5202896352231163,unstable,0.003486944701364847,0.012424951558233189
18:6 LD,0.005410821643286573,-2.6213030183666763,stable,0.003486944701364847,0.012424951558233189
18:6 LD,0.005511022044088177,-0.5286130275892136,unstable,0.003486944701364847,0.012424951558233189
18:6 LD,0.005511022044088177,-2.6129796260005795,stable,0.003486944701364847,0.012424951558233189
18:6 LD,0.0056112224448897794,-0.5372237075955413,unstable,0.003486944701364847,0.012424951558233189
18:6 LD,0.0056112224448897794,-2.604368945994252,stable,0.003486944701364847,0.012424951558233189
18:6 LD,0.005711422845691383,-0.5461378347405632,unstable,0.003486944701364847,0.012424951558233189
18:6 LD,0.005711422845691383,-2.5954548188492303,stable,0.003486944701364847,0.012424951558233189
18:6 LD,0.005811623246492986,-0.5553728910498612,unstable,0.003486944701364847,0.012424951558233189
18:6 LD,0.005811623246492986,-2.5862197625399315,stable,0.003486944701364847,0.012424951558233189
18:6 LD,0.0059118236472945895,-0.5649478288278234,unstable,0.003486944701364847,0.012424951558233189
18:6 LD,0.0059118236472945895,-2.5766448247619698,stable,0.003486944701364847,0.012424951558233189
18:6 LD,0.006012024048096192,-0.5748832399774422,unstable,0.003486944701364847,0.012424951558233189
18:6 LD,0.006012024048096192,-2.566709413612351,stable,0.003486944701364847,0.012424951558233189
18:6 LD,0.006112224448897796,-0.5852015508661372,unstable,0.003486944701364847,0.012424951558233189
18:6 LD,0.006112224448897796,-2.556391102723656,stable,0.003486944701364847,0.012424951558233189
18:6 LD,0.006212424849699399,-0.5959272476178232,unstable,0.003486944701364847,0.012424951558233189
18:6 LD,0.006212424849699399,-2.5456654059719703,stable,0.003486944701364847,0.012424951558233189
18:6 LD,0.006312625250501002,-0.6070871378600753,unstable,0.003486944701364847,0.012424951558233189
18:6 LD,0.006312625250501002,-2.534505515729718,stable,0.003486944701364847,0.012424951558233189
18:6 LD,0.006412825651302605,-0.6187106564297475,unstable,0.003486944701364847,0.012424951558233189
18:6 LD,0.006412825651302605,-2.522881997160045,stable,0.003486944701364847,0.012424951558233189
18:6 LD,0.006513026052104208,-0.6308302244503059,unstable,0.003486944701364847,0.012424951558233189
18:6 LD,0.006513026052104208,-2.510762429139487,stable,0.003486944701364847,0.012424951558233189
18:6 LD,0.006613226452905812,-0.6434816736919631,unstable,0.003486944701364847,0.012424951558233189
18:6 LD,0.006613226452905812,-2.49811097989783,stable,0.003486944701364847,0.012424951558233189
18:6 LD,0.006713426853707414,-0.6567047514266742,unstable,0.003486944701364847,0.012424951558233189
18:6 LD,0.006713426853707414,-2.484887902163119,stable,0.003486944701364847,0.012424951558233189
18:6 LD,0.006813627254509018,-0.6705437254015423,unstable,0.003486944701364847,0.012424951558233189
18:6 LD,0.006813627254509018,-2.4710489281882513,stable,0.003486944701364847,0.012424951558233189
18:6 LD,0.006913827655310621,-0.6850481145221874,unstable,0.003486944701364847,0.012424951558233189
18:6 LD,0.006913827655310621,-2.4565445390676057,stable,0.003486944701364847,0.012424951558233189
18:6 LD,0.0070140280561122245,-0.7002735790187331,unstable,0.003486944701364847,0.012424951558233189
18:6 LD,0.0070140280561122245,-2.4413190745710605,stable,0.003486944701364847,0.012424951558233189
18:6 LD,0.007114228456913827,-0.7162830152453132,unstable,0.003486944701364847,0.012424951558233189
18:6 LD,0.007114228456913827,-2.42530963834448,stable,0.003486944701364847,0.012424951558233189
18:6 LD,0.007214428857715431,-0.7331479163410859,unstable,0.003486944701364847,0.012424951558233189
18:6 LD,0.007214428857715431,-2.4084447372487077,stable,0.003486944701364847,0.012424951558233189
18:6 LD,0.007314629258517034,-0.7509500830964964,unstable,0.003486944701364847,0.012424951558233189
18:6 LD,0.007314629258517034,-2.3906425704932968,stable,0.003486944701364847,0.012424951558233189
18:6 LD,0.007414829659318637,-0.7697838032508062,unstable,0.003486944701364847,0.012424951558233189
18:6 LD,0.007414829659318637,-2.3718088503389865,stable,0.003486944701364847,0.012424951558233189
18:6 LD,0.00751503006012024,-0.7897586681860695,unstable,0.003486944701364847,0.012424951558233189
18:6 LD,0.00751503006012024,-2.351833985403724,stable,0.003486944701364847,0.012424951558233189
18:6 LD,0.007615230460921844,-0.8110032738087947,unstable,0.003486944701364847,0.012424951558233189
18:6 LD,0.007615230460921844,-2.3305893797809984,stable,0.003486944701364847,0.012424951558233189
18:6 LD,0.007715430861723447,-0.833670175053081,unstable,0.003486944701364847,0.012424951558233189
18:6 LD,0.007715430861723447,-2.307922478536712,stable,0.003486944701364847,0.012424951558233189
18:6 LD,0.00781563126252505,-0.8579426627301658,unstable,0.003486944701364847,0.012424951558233189
18:6 LD,0.00781563126252505,-2.2836499908596277,stable,0.003486944701364847,0.012424951558233189
18:6 LD,0.007915831663326654,-0.8840442668951587,unstable,0.003486944701364847,0.012424951558233189
18:6 LD,0.007915831663326654,-2.2575483866946344,stable,0.003486944701364847,0.012424951558233189
18:6 LD,0.008016032064128256,-0.9122524790422233,unstable,0.003486944701364847,0.012424951558233189
18:6 LD,0.008016032064128256,-2.22934017454757,stable,0.003486944701364847,0.012424951558233189
18:6 LD,0.00811623246492986,-0.942919267268469,unstable,0.003486944701364847,0.012424951558233189
18:6 LD,0.00811623246492986,-2.1986733863213246,stable,0.003486944701364847,0.012424951558233189
18:6 LD,0.008216432865731463,-0.9765030656161908,unstable,0.003486944701364847,0.012424951558233189
18:6 LD,0.008216432865731463,-2.1650895879736023,stable,0.003486944701364847,0.012424951558233189
18:6 LD,0.008316633266533067,-1.0136213185658765,unstable,0.003486944701364847,0.012424951558233189
18:6 LD,0.008316633266533067,-2.1279713350239167,stable,0.003486944701364847,0.012424951558233189
18:6 LD,0.008416833667334669,-1.0551426823777903,unstable,0.003486944701364847,0.012424951558233189
18:6 LD,0.008416833667334669,-2.0864499712120033,stable,0.003486944701364847,0.012424951558233189
18:6 LD,0.008517034068136272,-1.1023635140212598,unstable,0.003486944701364847,0.012424951558233189
18:6 LD,0.008517034068136272,-2.0392291395685334,stable,0.003486944701364847,0.012424951558233189
18:6 LD,0.008617234468937876,-1.1573889639174118,unstable,0.003486944701364847,0.012424951558233189
18:6 LD,0.008617234468937876,-1.9842036896723814,stable,0.003486944701364847,0.012424951558233189
18:6 LD,0.00871743486973948,-1.2241188509640968,unstable,0.003486944701364847,0.012424951558233189
18:6 LD,0.00871743486973948,-1.9174738026256968,stable,0.003486944701364847,0.012424951558233189
18:6 LD,0.008817635270541082,-1.3117365482480314,unstable,0.003486944701364847,0.012424951558233189
18:6 LD,0.008817635270541082,-1.8298561053417615,stable,0.003486944701364847,0.012424951558233189
18:6 LD,0.008917835671342685,-1.4634927929056785,unstable,0.003486944701364847,0.012424951558233189
18:6 LD,0.008917835671342685,-1.6780998606841147,stable,0.003486944701364847,0.012424951558233189
18:6 LD,0.01593186372745491,1.4640334348455841,stable,0.003486944701364847,0.012424951558233189
18:6 LD,0.01593186372745491,1.677559218744209,unstable,0.003486944701364847,0.012424951558233189
18:6 LD,0.01603206412825651,1.311949741381655,stable,0.003486944701364847,0.012424951558233189
18:6 LD,0.01603206412825651,1.8296429122081381,unstable,0.003486944701364847,0.012424951558233189
18:6 LD,0.016132264529058117,1.224270986840887,stable,0.003486944701364847,0.012424951558233189
18:6 LD,0.016132264529058117,1.9173216667489061,unstable,0.003486944701364847,0.012424951558233189
18:6 LD,0.01623246492985972,1.1575109447620626,stable,0.003486944701364847,0.012424951558233189
18:6 LD,0.01623246492985972,1.9840817088277305,unstable,0.003486944701364847,0.012424951558233189
18:6 LD,0.01633266533066132,1.1024665533877203,stable,0.003486944701364847,0.012424951558233189
18:6 LD,0.01633266533066132,2.039126100202073,unstable,0.003486944701364847,0.012424951558233189
18:6 LD,0.016432865731462926,1.0552323655662228,stable,0.003486944701364847,0.012424951558233189
18:6 LD,0.016432865731462926,2.0863602880235703,unstable,0.003486944701364847,0.012424951558233189
18:6 LD,0.016533066132264528,1.0137009182146945,stable,0.003486944701364847,0.012424951558233189
18:6 LD,0.016533066132264528,2.1278917353750986,unstable,0.003486944701364847,0.012424951558233189
18:6 LD,0.016633266533066134,0.9765747015152435,stable,0.003486944701364847,0.012424951558233189
18:6 LD,0.016633266533066134,2.1650179520745496,unstable,0.003486944701364847,0.012424951558233189
18:6 LD,0.016733466933867736,0.9429844095172397,stable,0.003486944701364847,0.012424951558233189
18:6 LD,0.016733466933867736,2.1986082440725534,unstable,0.003486944701364847,0.012424951558233189
18:6 LD,0.016833667334669337,0.9123121989402758,stable,0.003486944701364847,0.012424951558233189
18:6 LD,0.016833667334669337,2.2292804546495173,unstable,0.003486944701364847,0.012424951558233189
18:6 LD,0.016933867735470943,0.8840993749873665,stable,0.003486944701364847,0.012424951558233189
18:6 LD,0.016933867735470943,2.2574932786024267,unstable,0.003486944701364847,0.012424951558233189
18:6 LD,0.017034068136272545,0.8579937905698971,stable,0.003486944701364847,0.012424951558233189
18:6 LD,0.017034068136272545,2.283598863019896,unstable,0.003486944701364847,0.012424951558233189
18:6 LD,0.017134268537074147,0.8337178264893854,stable,0.003486944701364847,0.012424951558233189
18:6 LD,0.017134268537074147,2.3078748271004077,unstable,0.003486944701364847,0.012424951558233189
18:6 LD,0.017234468937875752,0.811047858671488,stable,0.003486944701364847,0.012424951558233189
18:6 LD,0.017234468937875752,2.330544794918305,unstable,0.003486944701364847,0.012424951558233189
18:6 LD,0.017334669338677354,0.7898005252606835,stable,0.003486944701364847,0.012424951558233189
18:6 LD,0.017334669338677354,2.3517921283291097,unstable,0.003486944701364847,0.012424951558233189
18:6 LD,0.01743486973947896,0.7698232164505256,stable,0.003486944701364847,0.012424951558233189
18:6 LD,0.01743486973947896,2.3717694371392675,unstable,0.003486944701364847,0.012424951558233189
18:6 LD,0.01753507014028056,0.7509872931538846,stable,0.003486944701364847,0.012424951558233189
18:6 LD,0.01753507014028056,2.3906053604359085,unstable,0.003486944701364847,0.012424951558233189
18:6 LD,0.017635270541082163,0.7331831294570028,stable,0.003486944701364847,0.012424951558233189
18:6 LD,0.017635270541082163,2.4084095241327903,unstable,0.003486944701364847,0.012424951558233189
18:6 LD,0.01773547094188377,0.716316409615612,stable,0.003486944701364847,0.012424951558233189
18:6 LD,0.01773547094188377,2.4252762439741815,unstable,0.003486944701364847,0.012424951558233189
18:6 LD,0.01783567134268537,0.7003053098461023,stable,0.003486944701364847,0.012424951558233189
18:6 LD,0.01783567134268537,2.4412873437436904,unstable,0.003486944701364847,0.012424951558233189
18:6 LD,0.017935871743486972,0.6850783179244115,stable,0.003486944701364847,0.012424951558233189
18:6 LD,0.017935871743486972,2.456514335665382,unstable,0.003486944701364847,0.012424951558233189
18:6 LD,0.018036072144288578,0.6705725215011595,stable,0.003486944701364847,0.012424951558233189
18:6 LD,0.018036072144288578,2.4710201320886336,unstable,0.003486944701364847,0.012424951558233189
18:6 LD,0.01813627254509018,0.6567322468235366,stable,0.003486944701364847,0.012424951558233189
18:6 LD,0.01813627254509018,2.4848604067662565,unstable,0.003486944701364847,0.012424951558233189
18:6 LD,0.018236472945891785,0.643507963463835,stable,0.003486944701364847,0.012424951558233189
18:6 LD,0.018236472945891785,2.4980846901259586,unstable,0.003486944701364847,0.012424951558233189
18:6 LD,0.018336673346693387,0.6308553937877548,stable,0.003486944701364847,0.012424951558233189
18:6 LD,0.018336673346693387,2.5107372598020383,unstable,0.003486944701364847,0.012424951558233189
18:6 LD,0.01843687374749499,0.6187347819842861,stable,0.003486944701364847,0.012424951558233189
18:6 LD,0.01843687374749499,2.522857871605507,unstable,0.003486944701364847,0.012424951558233189
18:6 LD,0.018537074148296594,0.6071102888650262,stable,0.003486944701364847,0.012424951558233189
18:6 LD,0.018537074148296594,2.5344823647247665,unstable,0.003486944701364847,0.012424951558233189
18:6 LD,0.018637274549098196,0.5959494868272688,stable,0.003486944701364847,0.012424951558233189
18:6 LD,0.018637274549098196,2.545643166762524,unstable,0.003486944701364847,0.012424951558233189
18:6 LD,0.018737474949899798,0.5852229353469229,stable,0.003486944701364847,0.012424951558233189
18:6 LD,0.018737474949899798,2.5563697182428697,unstable,0.003486944701364847,0.012424951558233189
18:6 LD,0.018837675350701404,0.5749038217815068,stable,0.003486944701364847,0.012424951558233189
18:6 LD,0.018837675350701404,2.5666888318082863,unstable,0.003486944701364847,0.012424951558233189
18:6 LD,0.018937875751503006,0.5649676555663028,stable,0.003486944701364847,0.012424951558233189
18:6 LD,0.018937875751503006,2.5766249980234903,unstable,0.003486944701364847,0.012424951558233189
18:6 LD,0.01903807615230461,0.5553920063859943,stable,0.003486944701364847,0.012424951558233189
18:6 LD,0.01903807615230461,2.586200647203799,unstable,0.003486944701364847,0.012424951558233189
18:6 LD,0.019138276553106213,0.5461562788150403,stable,0.003486944701364847,0.012424951558233189
18:6 LD,0.019138276553106213,2.595436374774753,unstable,0.003486944701364847,0.012424951558233189
18:6 LD,0.019238476953907815,0.5372415173952811,stable,0.003486944701364847,0.012424951558233189
18:6 LD,0.019238476953907815,2.604351136194512,unstable,0.003486944701364847,0.012424951558233189
18:6 LD,0.01933867735470942,0.5286302372685125,stable,0.003486944701364847,0.012424951558233189
18:6 LD,0.01933867735470942,2.612962416321281,unstable,0.003486944701364847,0.012424951558233189
18:6 LD,0.019438877755511022,0.5203062763844724,stable,0.003486944701364847,0.012424951558233189
18:6 LD,0.019438877755511022,2.6212863772053208,unstable,0.003486944701364847,0.012424951558233189
18:6 LD,0.019539078156312624,0.512254666019436,stable,0.003486944701364847,0.012424951558233189
18:6 LD,0.019539078156312624,2.6293379875703575,unstable,0.003486944701364847,0.012424951558233189
18:6 LD,0.01963927855711423,0.5044615169106299,stable,0.003486944701364847,0.012424951558233189
18:6 LD,0.01963927855711423,2.637131136679163,unstable,0.003486944701364847,0.012424951558233189
18:6 LD,0.01973947895791583,0.4969139187694309,stable,0.003486944701364847,0.012424951558233189
18:6 LD,0.01973947895791583,2.6446787348203618,unstable,0.003486944701364847,0.012424951558233189
18:6 LD,0.019839679358717433,0.489599851306342,stable,0.003486944701364847,0.012424951558233189
18:6 LD,0.019839679358717433,2.651992802283451,unstable,0.003486944701364847,0.012424951558233189
18:6 LD,0.01993987975951904,0.48250810520161913,stable,0.003486944701364847,0.012424951558233189
18:6 LD,0.01993987975951904,2.659084548388174,unstable,0.003486944701364847,0.012424951558233189
18:6 LD,0.02004008016032064,0.47562821170154734,stable,0.003486944701364847,0.012424951558233189
18:6 LD,0.02004008016032064,2.6659644418882458,unstable,0.003486944701364847,0.012424951558233189
18:6 LD,0.020140280561122246,0.4689503797227639,stable,0.003486944701364847,0.012424951558233189
18:6 LD,0.020140280561122246,2.6726422738670292,unstable,0.003486944701364847,0.012424951558233189
18:6 LD,0.020240480961923848,0.46246543951434527,stable,0.003486944701364847,0.012424951558233189
18:6 LD,0.020240480961923848,2.6791272140754483,unstable,0.003486944701364847,0.012424951558233189
18:6 LD,0.02034068136272545,0.45616479206635185,stable,0.003486944701364847,0.012424951558233189
18:6 LD,0.02034068136272545,2.6854278615234417,unstable,0.003486944701364847,0.012424951558233189
18:6 LD,0.020440881763527055,0.4500403635695247,stable,0.003486944701364847,0.012424951558233189
18:6 LD,0.020440881763527055,2.691552290020269,unstable,0.003486944701364847,0.012424951558233189
18:6 LD,0.020541082164328657,0.44408456432804533,stable,0.003486944701364847,0.012424951558233189
18:6 LD,0.020541082164328657,2.6975080892617473,unstable,0.003486944701364847,0.012424951558233189
18:6 LD,0.02064128256513026,0.4382902516091045,stable,0.003486944701364847,0.012424951558233189
18:6 LD,0.02064128256513026,2.7033024019806886,unstable,0.003486944701364847,0.012424951558233189
18:6 LD,0.020741482965931864,0.4326506959822032,stable,0.003486944701364847,0.012424951558233189
18:6 LD,0.020741482965931864,2.70894195760759,unstable,0.003486944701364847,0.012424951558233189
18:6 LD,0.020841683366733466,0.42715955075976053,stable,0.003486944701364847,0.012424951558233189
18:6 LD,0.020841683366733466,2.714433102830032,unstable,0.003486944701364847,0.012424951558233189
18:6 LD,0.02094188376753507,0.42181082420056315,stable,0.003486944701364847,0.012424951558233189
18:6 LD,0.02094188376753507,2.7197818293892304,unstable,0.003486944701364847,0.012424951558233189
18:6 LD,0.021042084168336674,0.41659885418027764,stable,0.003486944701364847,0.012424951558233189
18:6 LD,0.021042084168336674,2.724993799409516,unstable,0.003486944701364847,0.012424951558233189
18:6 LD,0.021142284569138275,0.41151828506980825,stable,0.003486944701364847,0.012424951558233189
18:6 LD,0.021142284569138275,2.7300743685199844,unstable,0.003486944701364847,0.012424951558233189
18:6 LD,0.02124248496993988,0.40656404659376477,stable,0.003486944701364847,0.012424951558233189
18:6 LD,0.02124248496993988,2.7350286069960283,unstable,0.003486944701364847,0.012424951558233189
18:6 LD,0.021342685370741483,0.401731334468419,stable,0.003486944701364847,0.012424951558233189
18:6 LD,0.021342685370741483,2.739861319121374,unstable,0.003486944701364847,0.012424951558233189
18:6 LD,0.021442885771543085,0.3970155926420098,stable,0.003486944701364847,0.012424951558233189
18:6 LD,0.021442885771543085,2.7445770609477833,unstable,0.003486944701364847,0.012424951558233189
18:6 LD,0.02154308617234469,0.392412496980616,stable,0.003486944701364847,0.012424951558233189
18:6 LD,0.02154308617234469,2.749180156609177,unstable,0.003486944701364847,0.012424951558233189
18:6 LD,0.021643286573146292,0.3879179402605226,stable,0.003486944701364847,0.012424951558233189
18:6 LD,0.021643286573146292,2.7536747133292705,unstable,0.003486944701364847,0.012424951558233189
18:6 LD,0.021743486973947897,0.3835280183434584,stable,0.003486944701364847,0.012424951558233189
18:6 LD,0.021743486973947897,2.7580646352463347,unstable,0.003486944701364847,0.012424951558233189
18:6 LD,0.0218436873747495,0.37923901742457033,stable,0.003486944701364847,0.012424951558233189
18:6 LD,0.0218436873747495,2.762353636165223,unstable,0.003486944701364847,0.012424951558233189
18:6 LD,0.0219438877755511,0.37504740225484445,stable,0.003486944701364847,0.012424951558233189
18:6 LD,0.0219438877755511,2.766545251334948,unstable,0.003486944701364847,0.012424951558233189
18:6 LD,0.022044088176352707,0.3709498052500684,stable,0.003486944701364847,0.012424951558233189
18:6 LD,0.022044088176352707,2.7706428483397243,unstable,0.003486944701364847,0.012424951558233189
18:6 LD,0.02214428857715431,0.36694301640757754,stable,0.003486944701364847,0.012424951558233189
18:6 LD,0.02214428857715431,2.7746496371822156,unstable,0.003486944701364847,0.012424951558233189
18:6 LD,0.02224448897795591,0.36302397396009267,stable,0.003486944701364847,0.012424951558233189
18:6 LD,0.02224448897795591,2.7785686796297,unstable,0.003486944701364847,0.012424951558233189
18:6 LD,0.022344689378757516,0.3591897557031034,stable,0.003486944701364847,0.012424951558233189
18:6 LD,0.022344689378757516,2.7824028978866897,unstable,0.003486944701364847,0.012424951558233189
18:6 LD,0.022444889779559118,0.35543757093855444,stable,0.003486944701364847,0.012424951558233189
18:6 LD,0.022444889779559118,2.7861550826512387,unstable,0.003486944701364847,0.012424951558233189
18:6 LD,0.02254509018036072,0.3517647529832004,stable,0.003486944701364847,0.012424951558233189
18:6 LD,0.02254509018036072,2.7898279006065927,unstable,0.003486944701364847,0.012424951558233189
18:6 LD,0.022645290581162325,0.34816875219499543,stable,0.003486944701364847,0.012424951558233189
18:6 LD,0.022645290581162325,2.7934239013947977,unstable,0.003486944701364847,0.012424951558233189
18:6 LD,0.022745490981963927,0.34464712947530174,stable,0.003486944701364847,0.012424951558233189
18:6 LD,0.022745490981963927,2.7969455241144914,unstable,0.003486944701364847,0.012424951558233189
18:6 LD,0.022845691382765532,0.3411975502086766,stable,0.003486944701364847,0.012424951558233189
18:6 LD,0.022845691382765532,2.800395103381117,unstable,0.003486944701364847,0.012424951558233189
18:6 LD,0.022945891783567134,0.33781777860553897,stable,0.003486944701364847,0.012424951558233189
18:6 LD,0.022945891783567134,2.8037748749842546,unstable,0.003486944701364847,0.012424951558233189
18:6 LD,0.023046092184368736,0.33450567241617746,stable,0.003486944701364847,0.012424951558233189
18:6 LD,0.023046092184368736,2.807086981173615,unstable,0.003486944701364847,0.012424951558233189
18:6 LD,0.02314629258517034,0.3312591779874081,stable,0.003486944701364847,0.012424951558233189
18:6 LD,0.02314629258517034,2.810333475602385,unstable,0.003486944701364847,0.012424951558233189
18:6 LD,0.023246492985971944,0.32807632563575106,stable,0.003486944701364847,0.012424951558233189
18:6 LD,0.023246492985971944,2.8135163279540425,unstable,0.003486944701364847,0.012424951558233189
18:6 LD,0.023346693386773545,0.3249552253132695,stable,0.003486944701364847,0.012424951558233189
18:6 LD,0.023346693386773545,2.8166374282765236,unstable,0.003486944701364847,0.012424951558233189
18:6 LD,0.02344689378757515,0.32189406254430875,stable,0.003486944701364847,0.012424951558233189
18:6 LD,0.02344689378757515,2.8196985910454844,unstable,0.003486944701364847,0.012424951558233189
18:6 LD,0.023547094188376753,0.3188910946132122,stable,0.003486944701364847,0.012424951558233189
18:6 LD,0.023547094188376753,2.822701558976581,unstable,0.003486944701364847,0.012424951558233189
18:6 LD,0.023647294589178358,0.31594464698479374,stable,0.003486944701364847,0.012424951558233189
18:6 LD,0.023647294589178358,2.8256480066049994,unstable,0.003486944701364847,0.012424951558233189
18:6 LD,0.02374749498997996,0.31305310994085556,stable,0.003486944701364847,0.012424951558233189
18:6 LD,0.02374749498997996,2.8285395436489376,unstable,0.003486944701364847,0.012424951558233189
18:6 LD,0.023847695390781562,0.3102149354174353,stable,0.003486944701364847,0.012424951558233189
18:6 LD,0.023847695390781562,2.831377718172358,unstable,0.003486944701364847,0.012424951558233189
18:6 LD,0.023947895791583167,0.3074286340286938,stable,0.003486944701364847,0.012424951558233189
18:6 LD,0.023947895791583167,2.834164019561099,unstable,0.003486944701364847,0.012424951558233189
18:6 LD,0.02404809619238477,0.30469277226451386,stable,0.003486944701364847,0.012424951558233189
18:6 LD,0.02404809619238477,2.8368998813252793,unstable,0.003486944701364847,0.012424951558233189
18:6 LD,0.02414829659318637,0.3020059698498949,stable,0.003486944701364847,0.012424951558233189
18:6 LD,0.02414829659318637,2.839586683739898,unstable,0.003486944701364847,0.012424951558233189
18:6 LD,0.024248496993987977,0.29936689725517596,stable,0.003486944701364847,0.012424951558233189
18:6 LD,0.024248496993987977,2.842225756334617,unstable,0.003486944701364847,0.012424951558233189
18:6 LD,0.02434869739478958,0.29677427334696826,stable,0.003486944701364847,0.012424951558233189
18:6 LD,0.02434869739478958,2.844818380242825,unstable,0.003486944701364847,0.012424951558233189
18:6 LD,0.024448897795591184,0.2942268631704654,stable,0.003486944701364847,0.012424951558233189
18:6 LD,0.024448897795591184,2.847365790419328,unstable,0.003486944701364847,0.012424951558233189
18:6 LD,0.024549098196392786,0.2917234758545031,stable,0.003486944701364847,0.012424951558233189
18:6 LD,0.024549098196392786,2.8498691777352896,unstable,0.003486944701364847,0.012424951558233189
18:6 LD,0.024649298597194388,0.28926296263139584,stable,0.003486944701364847,0.012424951558233189
18:6 LD,0.024649298597194388,2.8523296909583973,unstable,0.003486944701364847,0.012424951558233189
18:6 LD,0.024749498997995993,0.2868442149641739,stable,0.003486944701364847,0.012424951558233189
18:6 LD,0.024749498997995993,2.8547484386256192,unstable,0.003486944701364847,0.012424951558233189
18:6 LD,0.024849699398797595,0.28446616277438475,stable,0.003486944701364847,0.012424951558233189
18:6 LD,0.024849699398797595,2.857126490815409,unstable,0.003486944701364847,0.012424951558233189
18:6 LD,0.024949899799599197,0.28212777276412115,stable,0.003486944701364847,0.012424951558233189
18:6 LD,0.024949899799599197,2.859464880825672,unstable,0.003486944701364847,0.012424951558233189
18:6 LD,0.025050100200400802,0.27982804682640827,stable,0.003486944701364847,0.012424951558233189
18:6 LD,0.025050100200400802,2.8617646067633853,unstable,0.003486944701364847,0.012424951558233189
18:6 LD,0.025150300601202404,0.2775660205384831,stable,0.003486944701364847,0.012424951558233189
18:6 LD,0.025150300601202404,2.86402663305131,unstable,0.003486944701364847,0.012424951558233189
18:6 LD,0.02525050100200401,0.275340761732906,stable,0.003486944701364847,0.012424951558233189
18:6 LD,0.02525050100200401,2.866251891856887,unstable,0.003486944701364847,0.012424951558233189
18:6 LD,0.02535070140280561,0.2731513691417904,stable,0.003486944701364847,0.012424951558233189
18:6 LD,0.02535070140280561,2.8684412844480027,unstable,0.003486944701364847,0.012424951558233189
18:6 LD,0.025450901803607213,0.2709969711097555,stable,0.003486944701364847,0.012424951558233189
18:6 LD,0.025450901803607213,2.8705956824800376,unstable,0.003486944701364847,0.012424951558233189
18:6 LD,0.02555110220440882,0.268876724371534,stable,0.003486944701364847,0.012424951558233189
18:6 LD,0.02555110220440882,2.872715929218259,unstable,0.003486944701364847,0.012424951558233189
18:6 LD,0.02565130260521042,0.2667898128904156,stable,0.003486944701364847,0.012424951558233189
18:6 LD,0.02565130260521042,2.8748028406993775,unstable,0.003486944701364847,0.012424951558233189
18:6 LD,0.025751503006012023,0.2647354467539862,stable,0.003486944701364847,0.012424951558233189
18:6 LD,0.025751503006012023,2.8768572068358065,unstable,0.003486944701364847,0.012424951558233189
18:6 LD,0.025851703406813628,0.26271286112384695,stable,0.003486944701364847,0.012424951558233189
18:6 LD,0.025851703406813628,2.8788797924659466,unstable,0.003486944701364847,0.012424951558233189
18:6 LD,0.02595190380761523,0.26072131523622843,stable,0.003486944701364847,0.012424951558233189
18:6 LD,0.02595190380761523,2.8808713383535647,unstable,0.003486944701364847,0.012424951558233189
18:6 LD,0.026052104208416832,0.2587600914506023,stable,0.003486944701364847,0.012424951558233189
18:6 LD,0.026052104208416832,2.882832562139191,unstable,0.003486944701364847,0.012424951558233189
18:6 LD,0.026152304609218437,0.2568284943435972,stable,0.003486944701364847,0.012424951558233189
18:6 LD,0.026152304609218437,2.8847641592461954,unstable,0.003486944701364847,0.012424951558233189
18:6 LD,0.02625250501002004,0.254925849845693,stable,0.003486944701364847,0.012424951558233189
18:6 LD,0.02625250501002004,2.8866668037441006,unstable,0.003486944701364847,0.012424951558233189
18:6 LD,0.026352705410821645,0.2530515044183228,stable,0.003486944701364847,0.012424951558233189
18:6 LD,0.026352705410821645,2.88854114917147,unstable,0.003486944701364847,0.012424951558233189
18:6 LD,0.026452905811623247,0.2512048242691729,stable,0.003486944701364847,0.012424951558233189
18:6 LD,0.026452905811623247,2.8903878293206198,unstable,0.003486944701364847,0.012424951558233189
18:6 LD,0.02655310621242485,0.24938519460360498,stable,0.003486944701364847,0.012424951558233189
18:6 LD,0.02655310621242485,2.8922074589861886,unstable,0.003486944701364847,0.012424951558233189
18:6 LD,0.026653306613226454,0.24759201891025073,stable,0.003486944701364847,0.012424951558233189
18:6 LD,0.026653306613226454,2.894000634679543,unstable,0.003486944701364847,0.012424951558233189
18:6 LD,0.026753507014028056,0.2458247182789579,stable,0.003486944701364847,0.012424951558233189
18:6 LD,0.026753507014028056,2.895767935310835,unstable,0.003486944701364847,0.012424951558233189
18:6 LD,0.026853707414829658,0.24408273074936782,stable,0.003486944701364847,0.012424951558233189
18:6 LD,0.026853707414829658,2.8975099228404257,unstable,0.003486944701364847,0.012424951558233189
18:6 LD,0.026953907815631263,0.24236551068851941,stable,0.003486944701364847,0.012424951558233189
18:6 LD,0.026953907815631263,2.8992271429012737,unstable,0.003486944701364847,0.012424951558233189
18:6 LD,0.027054108216432865,0.24067252819596385,stable,0.003486944701364847,0.012424951558233189
18:6 LD,0.027054108216432865,2.9009201253938297,unstable,0.003486944701364847,0.012424951558233189
18:6 LD,0.02715430861723447,0.23900326853496567,stable,0.003486944701364847,0.012424951558233189
18:6 LD,0.02715430861723447,2.902589385054828,unstable,0.003486944701364847,0.012424951558233189
18:6 LD,0.027254509018036072,0.23735723158845623,stable,0.003486944701364847,0.012424951558233189
18:6 LD,0.027254509018036072,2.904235422001337,unstable,0.003486944701364847,0.012424951558233189
18:6 LD,0.027354709418837674,0.2357339313384763,stable,0.003486944701364847,0.012424951558233189
18:6 LD,0.027354709418837674,2.905858722251317,unstable,0.003486944701364847,0.012424951558233189
18:6 LD,0.02745490981963928,0.23413289536792004,stable,0.003486944701364847,0.012424951558233189
18:6 LD,0.02745490981963928,2.907459758221873,unstable,0.003486944701364847,0.012424951558233189
18:6 LD,0.02755511022044088,0.2325536643834707,stable,0.003486944701364847,0.012424951558233189
18:6 LD,0.02755511022044088,2.909038989206323,unstable,0.003486944701364847,0.012424951558233189
18:6 LD,0.027655310621242483,0.2309957917586618,stable,0.003486944701364847,0.012424951558233189
18:6 LD,0.027655310621242483,2.910596861831131,unstable,0.003486944701364847,0.012424951558233189
18:6 LD,0.02775551102204409,0.22945884309608067,stable,0.003486944701364847,0.012424951558233189
18:6 LD,0.02775551102204409,2.912133810493712,unstable,0.003486944701364847,0.012424951558233189
18:6 LD,0.02785571142284569,0.22794239580777642,stable,0.003486944701364847,0.012424951558233189
18:6 LD,0.02785571142284569,2.9136502577820167,unstable,0.003486944701364847,0.012424951558233189
18:6 LD,0.027955911823647296,0.22644603871297786,stable,0.003486944701364847,0.012424951558233189
18:6 LD,0.027955911823647296,2.9151466148768153,unstable,0.003486944701364847,0.012424951558233189
18:6 LD,0.028056112224448898,0.22496937165229713,stable,0.003486944701364847,0.012424951558233189
18:6 LD,0.028056112224448898,2.916623281937496,unstable,0.003486944701364847,0.012424951558233189
18:6 LD,0.0281563126252505,0.22351200511762626,stable,0.003486944701364847,0.012424951558233189
18:6 LD,0.0281563126252505,2.9180806484721664,unstable,0.003486944701364847,0.012424951558233189
18:6 LD,0.028256513026052105,0.22207355989697453,stable,0.003486944701364847,0.012424951558233189
18:6 LD,0.028256513026052105,2.919519093692818,unstable,0.003486944701364847,0.012424951558233189
18:6 LD,0.028356713426853707,0.2206536667335497,stable,0.003486944701364847,0.012424951558233189
18:6 LD,0.028356713426853707,2.9209389868562434,unstable,0.003486944701364847,0.012424951558233189
18:6 LD,0.02845691382765531,0.2192519659984109,stable,0.003486944701364847,0.012424951558233189
18:6 LD,0.02845691382765531,2.922340687591382,unstable,0.003486944701364847,0.012424951558233189
18:6 LD,0.028557114228456915,0.21786810737606377,stable,0.003486944701364847,0.012424951558233189
18:6 LD,0.028557114228456915,2.9237245462137293,unstable,0.003486944701364847,0.012424951558233189
18:6 LD,0.028657314629258517,0.2165017495623962,stable,0.003486944701364847,0.012424951558233189
18:6 LD,0.028657314629258517,2.925090904027397,unstable,0.003486944701364847,0.012424951558233189
18:6 LD,0.028757515030060122,0.21515255997439464,stable,0.003486944701364847,0.012424951558233189
18:6 LD,0.028757515030060122,2.9264400936153985,unstable,0.003486944701364847,0.012424951558233189
18:6 LD,0.028857715430861724,0.213820214471097,stable,0.003486944701364847,0.012424951558233189
18:6 LD,0.028857715430861724,2.927772439118696,unstable,0.003486944701364847,0.012424951558233189
18:6 LD,0.028957915831663326,0.21250439708528202,stable,0.003486944701364847,0.012424951558233189
18:6 LD,0.028957915831663326,2.929088256504511,unstable,0.003486944701364847,0.012424951558233189
18:6 LD,0.02905811623246493,0.21120479976540274,stable,0.003486944701364847,0.012424951558233189
18:6 LD,0.02905811623246493,2.9303878538243904,unstable,0.003486944701364847,0.012424951558233189
18:6 LD,0.029158316633266533,0.20992112212731806,stable,0.003486944701364847,0.012424951558233189
18:6 LD,0.029158316633266533,2.9316715314624755,unstable,0.003486944701364847,0.012424951558233189
18:6 LD,0.029258517034068135,0.20865307121537713,stable,0.003486944701364847,0.012424951558233189
18:6 LD,0.029258517034068135,2.9329395823744164,unstable,0.003486944701364847,0.012424951558233189
18:6 LD,0.02935871743486974,0.2074003612724522,stable,0.003486944701364847,0.012424951558233189
18:6 LD,0.02935871743486974,2.9341922923173414,unstable,0.003486944701364847,0.012424951558233189
18:6 LD,0.029458917835671342,0.20616271351852689,stable,0.003486944701364847,0.012424951558233189
18:6 LD,0.029458917835671342,2.9354299400712662,unstable,0.003486944701364847,0.012424951558233189
18:6 LD,0.029559118236472944,0.20493985593746533,stable,0.003486944701364847,0.012424951558233189
18:6 LD,0.029559118236472944,2.936652797652328,unstable,0.003486944701364847,0.012424951558233189
18:6 LD,0.02965931863727455,0.20373152307161302,stable,0.003486944701364847,0.012424951558233189
18:6 LD,0.02965931863727455,2.93786113051818,unstable,0.003486944701364847,0.012424951558233189
18:6 LD,0.02975951903807615,0.2025374558238897,stable,0.003486944701364847,0.012424951558233189
18:6 LD,0.02975951903807615,2.939055197765903,unstable,0.003486944701364847,0.012424951558233189
18:6 LD,0.029859719438877757,0.20135740126705803,stable,0.003486944701364847,0.012424951558233189
18:6 LD,0.029859719438877757,2.9402352523227346,unstable,0.003486944701364847,0.012424951558233189
18:6 LD,0.02995991983967936,0.20019111245986432,stable,0.003486944701364847,0.012424951558233189
18:6 LD,0.02995991983967936,2.9414015411299292,unstable,0.003486944701364847,0.012424951558233189
18:6 LD,0.03006012024048096,0.19903834826975597,stable,0.003486944701364847,0.012424951558233189
18:6 LD,0.03006012024048096,2.942554305320037,unstable,0.003486944701364847,0.012424951558233189
18:6 LD,0.030160320641282566,0.19789887320191246,stable,0.003486944701364847,0.012424951558233189
18:6 LD,0.030160320641282566,2.94369378038788,unstable,0.003486944701364847,0.012424951558233189
18:6 LD,0.030260521042084168,0.1967724572343168,stable,0.003486944701364847,0.012424951558233189
18:6 LD,0.030260521042084168,2.944820196355476,unstable,0.003486944701364847,0.012424951558233189
18:6 LD,0.03036072144288577,0.19565887565862194,stable,0.003486944701364847,0.012424951558233189
18:6 LD,0.03036072144288577,2.945933777931171,unstable,0.003486944701364847,0.012424951558233189
18:6 LD,0.030460921843687375,0.19455790892657587,stable,0.003486944701364847,0.012424951558233189
18:6 LD,0.030460921843687375,2.947034744663217,unstable,0.003486944701364847,0.012424951558233189
18:6 LD,0.030561122244488977,0.19346934250177794,stable,0.003486944701364847,0.012424951558233189
18:6 LD,0.030561122244488977,2.9481233110880147,unstable,0.003486944701364847,0.012424951558233189
18:6 LD,0.030661322645290583,0.19239296671654849,stable,0.003486944701364847,0.012424951558233189
18:6 LD,0.030661322645290583,2.9491996868732446,unstable,0.003486944701364847,0.012424951558233189
18:6 LD,0.030761523046092185,0.1913285766337065,stable,0.003486944701364847,0.012424951558233189
18:6 LD,0.030761523046092185,2.9502640769560866,unstable,0.003486944701364847,0.012424951558233189
18:6 LD,0.030861723446893786,0.19027597191306356,stable,0.003486944701364847,0.012424951558233189
18:6 LD,0.030861723446893786,2.9513166816767296,unstable,0.003486944701364847,0.012424951558233189
18:6 LD,0.030961923847695392,0.18923495668243673,stable,0.003486944701364847,0.012424951558233189
18:6 LD,0.030961923847695392,2.952357696907356,unstable,0.003486944701364847,0.012424951558233189
18:6 LD,0.031062124248496994,0.18820533941301187,stable,0.003486944701364847,0.012424951558233189
18:6 LD,0.031062124248496994,2.9533873141767817,unstable,0.003486944701364847,0.012424951558233189
18:6 LD,0.031162324649298596,0.18718693279887821,stable,0.003486944701364847,0.012424951558233189
18:6 LD,0.031162324649298596,2.9544057207909145,unstable,0.003486944701364847,0.012424951558233189
18:6 LD,0.0312625250501002,0.18617955364057792,stable,0.003486944701364847,0.012424951558233189
18:6 LD,0.0312625250501002,2.955413099949215,unstable,0.003486944701364847,0.012424951558233189
18:6 LD,0.0313627254509018,0.18518302273250642,stable,0.003486944701364847,0.012424951558233189
18:6 LD,0.0313627254509018,2.956409630857287,unstable,0.003486944701364847,0.012424951558233189
18:6 LD,0.031462925851703405,0.18419716475402526,stable,0.003486944701364847,0.012424951558233189
18:6 LD,0.031462925851703405,2.9573954888357683,unstable,0.003486944701364847,0.012424951558233189
18:6 LD,0.03156312625250501,0.18322180816413347,stable,0.003486944701364847,0.012424951558233189
18:6 LD,0.03156312625250501,2.9583708454256596,unstable,0.003486944701364847,0.012424951558233189
18:6 LD,0.031663326653306616,0.18225678509957133,stable,0.003486944701364847,0.012424951558233189
18:6 LD,0.031663326653306616,2.9593358684902213,unstable,0.003486944701364847,0.012424951558233189
18:6 LD,0.03176352705410822,0.18130193127621963,stable,0.003486944701364847,0.012424951558233189
18:6 LD,0.03176352705410822,2.960290722313573,unstable,0.003486944701364847,0.012424951558233189
18:6 LD,0.03186372745490982,0.1803570858936725,stable,0.003486944701364847,0.012424951558233189
18:6 LD,0.03186372745490982,2.9612355676961206,unstable,0.003486944701364847,0.012424951558233189
18:6 LD,0.03196392785571142,0.1794220915428646,stable,0.003486944701364847,0.012424951558233189
18:6 LD,0.03196392785571142,2.9621705620469285,unstable,0.003486944701364847,0.012424951558233189
18:6 LD,0.03206412825651302,0.1784967941166382,stable,0.003486944701364847,0.012424951558233189
18:6 LD,0.03206412825651302,2.963095859473155,unstable,0.003486944701364847,0.012424951558233189
18:6 LD,0.03216432865731463,0.17758104272314146,stable,0.003486944701364847,0.012424951558233189
18:6 LD,0.03216432865731463,2.9640116108666517,unstable,0.003486944701364847,0.012424951558233189
18:6 LD,0.032264529058116234,0.1766746896019531,stable,0.003486944701364847,0.012424951558233189
18:6 LD,0.032264529058116234,2.9649179639878405,unstable,0.003486944701364847,0.012424951558233189
18:6 LD,0.032364729458917836,0.175777590042832,stable,0.003486944701364847,0.012424951558233189
18:6 LD,0.032364729458917836,2.9658150635469607,unstable,0.003486944701364847,0.012424951558233189
18:6 LD,0.03246492985971944,0.17488960230699746,stable,0.003486944701364847,0.012424951558233189
18:6 LD,0.03246492985971944,2.9667030512827957,unstable,0.003486944701364847,0.012424951558233189
18:6 LD,0.03256513026052104,0.1740105875508493,stable,0.003486944701364847,0.012424951558233189
18:6 LD,0.03256513026052104,2.9675820660389434,unstable,0.003486944701364847,0.012424951558233189
18:6 LD,0.03266533066132264,0.17314040975203548,stable,0.003486944701364847,0.012424951558233189
18:6 LD,0.03266533066132264,2.968452243837758,unstable,0.003486944701364847,0.012424951558233189
18:6 LD,0.03276553106212425,0.17227893563778807,stable,0.003486944701364847,0.012424951558233189
18:6 LD,0.03276553106212425,2.969313717952005,unstable,0.003486944701364847,0.012424951558233189
18:6 LD,0.03286573146292585,0.1714260346154406,stable,0.003486944701364847,0.012424951558233189
18:6 LD,0.03286573146292585,2.9701666189743525,unstable,0.003486944701364847,0.012424951558233189
18:6 LD,0.032965931863727455,0.17058157870505708,stable,0.003486944701364847,0.012424951558233189
18:6 LD,0.032965931863727455,2.9710110748847356,unstable,0.003486944701364847,0.012424951558233189
18:6 LD,0.033066132264529056,0.16974544247408785,stable,0.003486944701364847,0.012424951558233189
18:6 LD,0.033066132264529056,2.971847211115705,unstable,0.003486944701364847,0.012424951558233189
18:6 LD,0.03316633266533066,0.16891750297399,stable,0.003486944701364847,0.012424951558233189
18:6 LD,0.03316633266533066,2.972675150615803,unstable,0.003486944701364847,0.012424951558233189
18:6 LD,0.03326653306613227,0.16809763967874058,stable,0.003486944701364847,0.012424951558233189
18:6 LD,0.03326653306613227,2.9734950139110525,unstable,0.003486944701364847,0.012424951558233189
18:6 LD,0.03336673346693387,0.16728573442517192,stable,0.003486944701364847,0.012424951558233189
18:6 LD,0.03336673346693387,2.974306919164621,unstable,0.003486944701364847,0.012424951558233189
18:6 LD,0.03346693386773547,0.16648167135507608,stable,0.003486944701364847,0.012424951558233189
18:6 LD,0.03346693386773547,2.9751109822347175,unstable,0.003486944701364847,0.012424951558233189
18:6 LD,0.03356713426853707,0.16568533685900544,stable,0.003486944701364847,0.012424951558233189
18:6 LD,0.03356713426853707,2.9759073167307877,unstable,0.003486944701364847,0.012424951558233189
18:6 LD,0.033667334669338675,0.16489661952172208,stable,0.003486944701364847,0.012424951558233189
18:6 LD,0.033667334669338675,2.9766960340680715,unstable,0.003486944701364847,0.012424951558233189
18:6 LD,0.033767535070140284,0.1641154100692308,stable,0.003486944701364847,0.012424951558233189
18:6 LD,0.033767535070140284,2.9774772435205623,unstable,0.003486944701364847,0.012424951558233189
18:6 LD,0.033867735470941886,0.16334160131735143,stable,0.003486944701364847,0.012424951558233189
18:6 LD,0.033867735470941886,2.9782510522724417,unstable,0.003486944701364847,0.012424951558233189
18:6 LD,0.03396793587174349,0.1625750881217667,stable,0.003486944701364847,0.012424951558233189
18:6 LD,0.03396793587174349,2.979017565468027,unstable,0.003486944701364847,0.012424951558233189
18:6 LD,0.03406813627254509,0.1618157673295073,stable,0.003486944701364847,0.012424951558233189
18:6 LD,0.03406813627254509,2.979776886260286,unstable,0.003486944701364847,0.012424951558233189
18:6 LD,0.03416833667334669,0.16106353773181947,stable,0.003486944701364847,0.012424951558233189
18:6 LD,0.03416833667334669,2.9805291158579736,unstable,0.003486944701364847,0.012424951558233189
18:6 LD,0.03426853707414829,0.1603183000183721,stable,0.003486944701364847,0.012424951558233189
18:6 LD,0.03426853707414829,2.981274353571421,unstable,0.003486944701364847,0.012424951558233189
18:6 LD,0.0343687374749499,0.15957995673275427,stable,0.003486944701364847,0.012424951558233189
18:6 LD,0.0343687374749499,2.982012696857039,unstable,0.003486944701364847,0.012424951558233189
18:6 LD,0.034468937875751504,0.1588484122292293,stable,0.003486944701364847,0.012424951558233189
18:6 LD,0.034468937875751504,2.982744241360564,unstable,0.003486944701364847,0.012424951558233189
18:6 LD,0.034569138276553106,0.15812357263069599,stable,0.003486944701364847,0.012424951558233189
18:6 LD,0.034569138276553106,2.9834690809590967,unstable,0.003486944701364847,0.012424951558233189
18:6 LD,0.03466933867735471,0.1574053457878195,stable,0.003486944701364847,0.012424951558233189
18:6 LD,0.03466933867735471,2.9841873078019736,unstable,0.003486944701364847,0.012424951558233189
18:6 LD,0.03476953907815631,0.15669364123929785,stable,0.003486944701364847,0.012424951558233189
18:6 LD,0.03476953907815631,2.9848990123504953,unstable,0.003486944701364847,0.012424951558233189
18:6 LD,0.03486973947895792,0.1559883701732243,stable,0.003486944701364847,0.012424951558233189
18:6 LD,0.03486973947895792,2.985604283416569,unstable,0.003486944701364847,0.012424951558233189
18:6 LD,0.03496993987975952,0.15528944538950817,stable,0.003486944701364847,0.012424951558233189
18:6 LD,0.03496993987975952,2.986303208200285,unstable,0.003486944701364847,0.012424951558233189
18:6 LD,0.03507014028056112,0.15459678126332488,stable,0.003486944701364847,0.012424951558233189
18:6 LD,0.03507014028056112,2.9869958723264682,unstable,0.003486944701364847,0.012424951558233189
18:6 LD,0.035170340681362725,0.15391029370955867,stable,0.003486944701364847,0.012424951558233189
18:6 LD,0.035170340681362725,2.9876823598802345,unstable,0.003486944701364847,0.012424951558233189
18:6 LD,0.035270541082164326,0.1532299001482098,stable,0.003486944701364847,0.012424951558233189
18:6 LD,0.035270541082164326,2.9883627534415833,unstable,0.003486944701364847,0.012424951558233189
18:6 LD,0.03537074148296593,0.15255551947073265,stable,0.003486944701364847,0.012424951558233189
18:6 LD,0.03537074148296593,2.9890371341190605,unstable,0.003486944701364847,0.012424951558233189
18:6 LD,0.03547094188376754,0.15188707200727602,stable,0.003486944701364847,0.012424951558233189
18:6 LD,0.03547094188376754,2.989705581582517,unstable,0.003486944701364847,0.012424951558233189
18:6 LD,0.03557114228456914,0.15122447949480122,stable,0.003486944701364847,0.012424951558233189
18:6 LD,0.03557114228456914,2.990368174094992,unstable,0.003486944701364847,0.012424951558233189
18:6 LD,0.03567134268537074,0.15056766504604324,stable,0.003486944701364847,0.012424951558233189
18:6 LD,0.03567134268537074,2.9910249885437494,unstable,0.003486944701364847,0.012424951558233189
18:6 LD,0.03577154308617234,0.14991655311929764,stable,0.003486944701364847,0.012424951558233189
18:6 LD,0.03577154308617234,2.991676100470496,unstable,0.003486944701364847,0.012424951558233189
18:6 LD,0.035871743486973945,0.14927106948900049,stable,0.003486944701364847,0.012424951558233189
18:6 LD,0.035871743486973945,2.992321584100793,unstable,0.003486944701364847,0.012424951558233189
18:6 LD,0.035971943887775554,0.14863114121707977,stable,0.003486944701364847,0.012424951558233189
18:6 LD,0.035971943887775554,2.9929615123727134,unstable,0.003486944701364847,0.012424951558233189
18:6 LD,0.036072144288577156,0.1479966966250572,stable,0.003486944701364847,0.012424951558233189
18:6 LD,0.036072144288577156,2.993595956964736,unstable,0.003486944701364847,0.012424951558233189
18:6 LD,0.03617234468937876,0.14736766526687006,stable,0.003486944701364847,0.012424951558233189
18:6 LD,0.03617234468937876,2.994224988322923,unstable,0.003486944701364847,0.012424951558233189
18:6 LD,0.03627254509018036,0.1467439779024038,stable,0.003486944701364847,0.012424951558233189
18:6 LD,0.03627254509018036,2.9948486756873898,unstable,0.003486944701364847,0.012424951558233189
18:6 LD,0.03637274549098196,0.1461255664716985,stable,0.003486944701364847,0.012424951558233189
18:6 LD,0.03637274549098196,2.9954670871180946,unstable,0.003486944701364847,0.012424951558233189
18:6 LD,0.03647294589178357,0.14551236406982193,stable,0.003486944701364847,0.012424951558233189
18:6 LD,0.03647294589178357,2.9960802895199716,unstable,0.003486944701364847,0.012424951558233189
18:6 LD,0.03657314629258517,0.14490430492238282,stable,0.003486944701364847,0.012424951558233189
18:6 LD,0.03657314629258517,2.9966883486674103,unstable,0.003486944701364847,0.012424951558233189
18:6 LD,0.036673346693386774,0.14430132436166643,stable,0.003486944701364847,0.012424951558233189
18:6 LD,0.036673346693386774,2.9972913292281262,unstable,0.003486944701364847,0.012424951558233189
18:6 LD,0.036773547094188376,0.1437033588033736,stable,0.003486944701364847,0.012424951558233189
18:6 LD,0.036773547094188376,2.99788929478642,unstable,0.003486944701364847,0.012424951558233189
18:6 LD,0.03687374749498998,0.1431103457239482,stable,0.003486944701364847,0.012424951558233189
18:6 LD,0.03687374749498998,2.998482307865845,unstable,0.003486944701364847,0.012424951558233189
18:6 LD,0.03697394789579158,0.14252222363847133,stable,0.003486944701364847,0.012424951558233189
18:6 LD,0.03697394789579158,2.9990704299513222,unstable,0.003486944701364847,0.012424951558233189
18:6 LD,0.03707414829659319,0.14193893207910957,stable,0.003486944701364847,0.012424951558233189
18:6 LD,0.03707414829659319,2.9996537215106835,unstable,0.003486944701364847,0.012424951558233189
18:6 LD,0.03717434869739479,0.14136041157409762,stable,0.003486944701364847,0.012424951558233189
18:6 LD,0.03717434869739479,3.000232242015695,unstable,0.003486944701364847,0.012424951558233189
18:6 LD,0.03727454909819639,0.1407866036272445,stable,0.003486944701364847,0.012424951558233189
18:6 LD,0.03727454909819639,3.0008060499625486,unstable,0.003486944701364847,0.012424951558233189
18:6 LD,0.037374749498997994,0.14021745069794234,stable,0.003486944701364847,0.012424951558233189
18:6 LD,0.037374749498997994,3.0013752028918503,unstable,0.003486944701364847,0.012424951558233189
18:6 LD,0.037474949899799596,0.13965289618166876,stable,0.003486944701364847,0.012424951558233189
18:6 LD,0.037474949899799596,3.001939757408124,unstable,0.003486944701364847,0.012424951558233189
18:6 LD,0.037575150300601205,0.13909288439096423,stable,0.003486944701364847,0.012424951558233189
18:6 LD,0.037575150300601205,3.0024997691988293,unstable,0.003486944701364847,0.012424951558233189
18:6 LD,0.03767535070140281,0.13853736053687582,stable,0.003486944701364847,0.012424951558233189
18:6 LD,0.03767535070140281,3.003055293052917,unstable,0.003486944701364847,0.012424951558233189
18:6 LD,0.03777555110220441,0.13798627071084857,stable,0.003486944701364847,0.012424951558233189
18:6 LD,0.03777555110220441,3.003606382878944,unstable,0.003486944701364847,0.012424951558233189
18:6 LD,0.03787575150300601,0.13743956186705386,stable,0.003486944701364847,0.012424951558233189
18:6 LD,0.03787575150300601,3.0041530917227393,unstable,0.003486944701364847,0.012424951558233189
18:6 LD,0.03797595190380761,0.13689718180514765,stable,0.003486944701364847,0.012424951558233189
18:6 LD,0.03797595190380761,3.004695471784645,unstable,0.003486944701364847,0.012424951558233189
18:6 LD,0.03807615230460922,0.13635907915343592,stable,0.003486944701364847,0.012424951558233189
18:6 LD,0.03807615230460922,3.0052335744363567,unstable,0.003486944701364847,0.012424951558233189
18:6 LD,0.038176352705410824,0.13582520335244697,stable,0.003486944701364847,0.012424951558233189
18:6 LD,0.038176352705410824,3.0057674502373466,unstable,0.003486944701364847,0.012424951558233189
18:6 LD,0.038276553106212426,0.1352955046388904,stable,0.003486944701364847,0.012424951558233189
18:6 LD,0.038276553106212426,3.006297148950903,unstable,0.003486944701364847,0.012424951558233189
18:6 LD,0.03837675350701403,0.13476993402999948,stable,0.003486944701364847,0.012424951558233189
18:6 LD,0.03837675350701403,3.0068227195597936,unstable,0.003486944701364847,0.012424951558233189
18:6 LD,0.03847695390781563,0.13424844330823982,stable,0.003486944701364847,0.012424951558233189
18:6 LD,0.03847695390781563,3.0073442102815537,unstable,0.003486944701364847,0.012424951558233189
18:6 LD,0.03857715430861723,0.1337309850063777,stable,0.003486944701364847,0.012424951558233189
18:6 LD,0.03857715430861723,3.0078616685834154,unstable,0.003486944701364847,0.012424951558233189
18:6 LD,0.03867735470941884,0.1332175123929007,stable,0.003486944701364847,0.012424951558233189
18:6 LD,0.03867735470941884,3.0083751411968924,unstable,0.003486944701364847,0.012424951558233189
18:6 LD,0.03877755511022044,0.13270797945777346,stable,0.003486944701364847,0.012424951558233189
18:6 LD,0.03877755511022044,3.0088846741320197,unstable,0.003486944701364847,0.012424951558233189
18:6 LD,0.038877755511022044,0.13220234089852667,stable,0.003486944701364847,0.012424951558233189
18:6 LD,0.038877755511022044,3.0093903126912664,unstable,0.003486944701364847,0.012424951558233189
18:6 LD,0.038977955911823646,0.1317005521066683,stable,0.003486944701364847,0.012424951558233189
18:6 LD,0.038977955911823646,3.009892101483125,unstable,0.003486944701364847,0.012424951558233189
18:6 LD,0.03907815631262525,0.13120256915440542,stable,0.003486944701364847,0.012424951558233189
18:6 LD,0.03907815631262525,3.0103900844353877,unstable,0.003486944701364847,0.012424951558233189
18:6 LD,0.03917835671342686,0.13070834878167314,stable,0.003486944701364847,0.012424951558233189
18:6 LD,0.03917835671342686,3.01088430480812,unstable,0.003486944701364847,0.012424951558233189
18:6 LD,0.03927855711422846,0.13021784838345685,stable,0.003486944701364847,0.012424951558233189
18:6 LD,0.03927855711422846,3.0113748052063363,unstable,0.003486944701364847,0.012424951558233189
18:6 LD,0.03937875751503006,0.12973102599740738,stable,0.003486944701364847,0.012424951558233189
18:6 LD,0.03937875751503006,3.0118616275923857,unstable,0.003486944701364847,0.012424951558233189
18:6 LD,0.03947895791583166,0.12924784029173164,stable,0.003486944701364847,0.012424951558233189
18:6 LD,0.03947895791583166,3.0123448132980615,unstable,0.003486944701364847,0.012424951558233189
18:6 LD,0.039579158316633264,0.1287682505533616,stable,0.003486944701364847,0.012424951558233189
18:6 LD,0.039579158316633264,3.012824403036431,unstable,0.003486944701364847,0.012424951558233189
18:6 LD,0.039679358717434866,0.12829221667638624,stable,0.003486944701364847,0.012424951558233189
18:6 LD,0.039679358717434866,3.013300436913407,unstable,0.003486944701364847,0.012424951558233189
18:6 LD,0.039779559118236475,0.1278196991507432,stable,0.003486944701364847,0.012424951558233189
18:6 LD,0.039779559118236475,3.01377295443905,unstable,0.003486944701364847,0.012424951558233189
18:6 LD,0.03987975951903808,0.1273506590511655,stable,0.003486944701364847,0.012424951558233189
18:6 LD,0.03987975951903808,3.0142419945386276,unstable,0.003486944701364847,0.012424951558233189
18:6 LD,0.03997995991983968,0.12688505802637096,stable,0.003486944701364847,0.012424951558233189
18:6 LD,0.03997995991983968,3.014707595563422,unstable,0.003486944701364847,0.012424951558233189
18:6 LD,0.04008016032064128,0.12642285828849253,stable,0.003486944701364847,0.012424951558233189
18:6 LD,0.04008016032064128,3.0151697953013006,unstable,0.003486944701364847,0.012424951558233189
18:6 LD,0.04018036072144288,0.12596402260274164,stable,0.003486944701364847,0.012424951558233189
18:6 LD,0.04018036072144288,3.0156286309870515,unstable,0.003486944701364847,0.012424951558233189
18:6 LD,0.04028056112224449,0.12550851427729937,stable,0.003486944701364847,0.012424951558233189
18:6 LD,0.04028056112224449,3.0160841393124933,unstable,0.003486944701364847,0.012424951558233189
18:6 LD,0.040380761523046094,0.12505629715342925,stable,0.003486944701364847,0.012424951558233189
18:6 LD,0.040380761523046094,3.0165363564363634,unstable,0.003486944701364847,0.012424951558233189
18:6 LD,0.040480961923847696,0.1246073355958055,stable,0.003486944701364847,0.012424951558233189
18:6 LD,0.040480961923847696,3.0169853179939876,unstable,0.003486944701364847,0.012424951558233189
18:6 LD,0.0405811623246493,0.12416159448304986,stable,0.003486944701364847,0.012424951558233189
18:6 LD,0.0405811623246493,3.017431059106743,unstable,0.003486944701364847,0.012424951558233189
18:6 LD,0.0406813627254509,0.12371903919847815,stable,0.003486944701364847,0.012424951558233189
18:6 LD,0.0406813627254509,3.0178736143913145,unstable,0.003486944701364847,0.012424951558233189
18:6 LD,0.04078156312625251,0.12327963562104172,stable,0.003486944701364847,0.012424951558233189
18:6 LD,0.04078156312625251,3.018313017968751,unstable,0.003486944701364847,0.012424951558233189
18:6 LD,0.04088176352705411,0.12284335011646563,stable,0.003486944701364847,0.012424951558233189
18:6 LD,0.04088176352705411,3.018749303473328,unstable,0.003486944701364847,0.012424951558233189
18:6 LD,0.04098196392785571,0.12241014952857876,stable,0.003486944701364847,0.012424951558233189
18:6 LD,0.04098196392785571,3.019182504061215,unstable,0.003486944701364847,0.012424951558233189
18:6 LD,0.041082164328657314,0.12198000117082541,stable,0.003486944701364847,0.012424951558233189
18:6 LD,0.041082164328657314,3.0196126524189673,unstable,0.003486944701364847,0.012424951558233189
18:6 LD,0.041182364729458916,0.12155287281796046,stable,0.003486944701364847,0.012424951558233189
18:6 LD,0.041182364729458916,3.0200397807718327,unstable,0.003486944701364847,0.012424951558233189
18:6 LD,0.04128256513026052,0.1211287326979189,stable,0.003486944701364847,0.012424951558233189
18:6 LD,0.04128256513026052,3.020463920891874,unstable,0.003486944701364847,0.012424951558233189
18:6 LD,0.04138276553106213,0.12070754948385742,stable,0.003486944701364847,0.012424951558233189
18:6 LD,0.04138276553106213,3.020885104105936,unstable,0.003486944701364847,0.012424951558233189
18:6 LD,0.04148296593186373,0.12028929228636542,stable,0.003486944701364847,0.012424951558233189
18:6 LD,0.04148296593186373,3.0213033613034277,unstable,0.003486944701364847,0.012424951558233189
18:6 LD,0.04158316633266533,0.11987393064583607,stable,0.003486944701364847,0.012424951558233189
18:6 LD,0.04158316633266533,3.021718722943957,unstable,0.003486944701364847,0.012424951558233189
18:6 LD,0.04168336673346693,0.11946143452499891,stable,0.003486944701364847,0.012424951558233189
18:6 LD,0.04168336673346693,3.0221312190647946,unstable,0.003486944701364847,0.012424951558233189
18:6 LD,0.041783567134268534,0.11905177430160929,stable,0.003486944701364847,0.012424951558233189
18:6 LD,0.041783567134268534,3.022540879288184,unstable,0.003486944701364847,0.012424951558233189
18:6 LD,0.04188376753507014,0.11864492076128474,stable,0.003486944701364847,0.012424951558233189
18:6 LD,0.04188376753507014,3.0229477328285084,unstable,0.003486944701364847,0.012424951558233189
18:6 LD,0.041983967935871745,0.11824084509049637,stable,0.003486944701364847,0.012424951558233189
18:6 LD,0.041983967935871745,3.0233518084992967,unstable,0.003486944701364847,0.012424951558233189
18:6 LD,0.04208416833667335,0.11783951886969835,stable,0.003486944701364847,0.012424951558233189
18:6 LD,0.04208416833667335,3.0237531347200948,unstable,0.003486944701364847,0.012424951558233189
18:6 LD,0.04218436873747495,0.11744091406660129,stable,0.003486944701364847,0.012424951558233189
18:6 LD,0.04218436873747495,3.024151739523192,unstable,0.003486944701364847,0.012424951558233189
18:6 LD,0.04228456913827655,0.11704500302958465,stable,0.003486944701364847,0.012424951558233189
18:6 LD,0.04228456913827655,3.0245476505602085,unstable,0.003486944701364847,0.012424951558233189
18:6 LD,0.04238476953907815,0.11665175848124054,stable,0.003486944701364847,0.012424951558233189
18:6 LD,0.04238476953907815,3.0249408951085526,unstable,0.003486944701364847,0.012424951558233189
18:6 LD,0.04248496993987976,0.11626115351205213,stable,0.003486944701364847,0.012424951558233189
18:6 LD,0.04248496993987976,3.0253315000777405,unstable,0.003486944701364847,0.012424951558233189
18:6 LD,0.042585170340681364,0.11587316157419503,stable,0.003486944701364847,0.012424951558233189
18:6 LD,0.042585170340681364,3.0257194920155985,unstable,0.003486944701364847,0.012424951558233189
18:6 LD,0.042685370741482966,0.11548775647546972,stable,0.003486944701364847,0.012424951558233189
18:6 LD,0.042685370741482966,3.0261048971143234,unstable,0.003486944701364847,0.012424951558233189
18:6 LD,0.04278557114228457,0.11510491237335208,stable,0.003486944701364847,0.012424951558233189
18:6 LD,0.04278557114228457,3.0264877412164406,unstable,0.003486944701364847,0.012424951558233189
18:6 LD,0.04288577154308617,0.11472460376916516,stable,0.003486944701364847,0.012424951558233189
18:6 LD,0.04288577154308617,3.026868049820628,unstable,0.003486944701364847,0.012424951558233189
18:6 LD,0.04298597194388778,0.11434680550236598,stable,0.003486944701364847,0.012424951558233189
18:6 LD,0.04298597194388778,3.0272458480874267,unstable,0.003486944701364847,0.012424951558233189
18:6 LD,0.04308617234468938,0.113971492744946,stable,0.003486944701364847,0.012424951558233189
18:6 LD,0.04308617234468938,3.0276211608448467,unstable,0.003486944701364847,0.012424951558233189
18:6 LD,0.04318637274549098,0.11359864099594619,stable,0.003486944701364847,0.012424951558233189
18:6 LD,0.04318637274549098,3.0279940125938474,unstable,0.003486944701364847,0.012424951558233189
18:6 LD,0.043286573146292584,0.11322822607607419,stable,0.003486944701364847,0.012424951558233189
18:6 LD,0.043286573146292584,3.0283644275137185,unstable,0.003486944701364847,0.012424951558233189
18:6 LD,0.043386773547094186,0.1128602241224348,stable,0.003486944701364847,0.012424951558233189
18:6 LD,0.043386773547094186,3.0287324294673583,unstable,0.003486944701364847,0.012424951558233189
18:6 LD,0.043486973947895795,0.1124946115833585,stable,0.003486944701364847,0.012424951558233189
18:6 LD,0.043486973947895795,3.029098042006435,unstable,0.003486944701364847,0.012424951558233189
18:6 LD,0.0435871743486974,0.11213136521333356,stable,0.003486944701364847,0.012424951558233189
18:6 LD,0.0435871743486974,3.02946128837646,unstable,0.003486944701364847,0.012424951558233189
18:6 LD,0.043687374749499,0.11177046206803709,stable,0.003486944701364847,0.012424951558233189
18:6 LD,0.043687374749499,3.029822191521756,unstable,0.003486944701364847,0.012424951558233189
18:6 LD,0.0437875751503006,0.11141187949946252,stable,0.003486944701364847,0.012424951558233189
18:6 LD,0.0437875751503006,3.030180774090331,unstable,0.003486944701364847,0.012424951558233189
18:6 LD,0.0438877755511022,0.11105559515114116,stable,0.003486944701364847,0.012424951558233189
18:6 LD,0.0438877755511022,3.030537058438652,unstable,0.003486944701364847,0.012424951558233189
18:6 LD,0.043987975951903804,0.11070158695345711,stable,0.003486944701364847,0.012424951558233189
18:6 LD,0.043987975951903804,3.030891066636336,unstable,0.003486944701364847,0.012424951558233189
18:6 LD,0.04408817635270541,0.11034983311905044,stable,0.003486944701364847,0.012424951558233189
18:6 LD,0.04408817635270541,3.0312428204707427,unstable,0.003486944701364847,0.012424951558233189
18:6 LD,0.044188376753507015,0.11000031213831152,stable,0.003486944701364847,0.012424951558233189
18:6 LD,0.044188376753507015,3.031592341451482,unstable,0.003486944701364847,0.012424951558233189
18:6 LD,0.04428857715430862,0.10965300277495915,stable,0.003486944701364847,0.012424951558233189
18:6 LD,0.04428857715430862,3.0319396508148344,unstable,0.003486944701364847,0.012424951558233189
18:6 LD,0.04438877755511022,0.10930788406170411,stable,0.003486944701364847,0.012424951558233189
18:6 LD,0.04438877755511022,3.032284769528089,unstable,0.003486944701364847,0.012424951558233189
18:6 LD,0.04448897795591182,0.1089649352959956,stable,0.003486944701364847,0.012424951558233189
18:6 LD,0.04448897795591182,3.0326277182937975,unstable,0.003486944701364847,0.012424951558233189
18:6 LD,0.04458917835671343,0.10862413603584553,stable,0.003486944701364847,0.012424951558233189
18:6 LD,0.04458917835671343,3.0329685175539476,unstable,0.003486944701364847,0.012424951558233189
18:6 LD,0.04468937875751503,0.10828546609573797,stable,0.003486944701364847,0.012424951558233189
18:6 LD,0.04468937875751503,3.0333071874940547,unstable,0.003486944701364847,0.012424951558233189
18:6 LD,0.044789579158316634,0.1079489055426075,stable,0.003486944701364847,0.012424951558233189
18:6 LD,0.044789579158316634,3.0336437480471856,unstable,0.003486944701364847,0.012424951558233189
18:6 LD,0.044889779559118236,0.10761443469189924,stable,0.003486944701364847,0.012424951558233189
18:6 LD,0.044889779559118236,3.033978218897894,unstable,0.003486944701364847,0.012424951558233189
18:6 LD,0.04498997995991984,0.10728203410370085,stable,0.003486944701364847,0.012424951558233189
18:6 LD,0.04498997995991984,3.0343106194860923,unstable,0.003486944701364847,0.012424951558233189
18:6 LD,0.04509018036072144,0.10695168457894422,stable,0.003486944701364847,0.012424951558233189
18:6 LD,0.04509018036072144,3.034640969010849,unstable,0.003486944701364847,0.012424951558233189
18:6 LD,0.04519038076152305,0.1066233671556831,stable,0.003486944701364847,0.012424951558233189
18:6 LD,0.04519038076152305,3.0349692864341105,unstable,0.003486944701364847,0.012424951558233189
18:6 LD,0.04529058116232465,0.10629706310543341,stable,0.003486944701364847,0.012424951558233189
18:6 LD,0.04529058116232465,3.0352955904843597,unstable,0.003486944701364847,0.012424951558233189
18:6 LD,0.04539078156312625,0.1059727539295876,stable,0.003486944701364847,0.012424951558233189
18:6 LD,0.04539078156312625,3.0356198996602055,unstable,0.003486944701364847,0.012424951558233189
18:6 LD,0.045490981963927854,0.10565042135588909,stable,0.003486944701364847,0.012424951558233189
18:6 LD,0.045490981963927854,3.0359422322339036,unstable,0.003486944701364847,0.012424951558233189
18:6 LD,0.045591182364729456,0.10533004733497542,stable,0.003486944701364847,0.012424951558233189
18:6 LD,0.045591182364729456,3.0362626062548177,unstable,0.003486944701364847,0.012424951558233189
18:6 LD,0.045691382765531065,0.10501161403698367,stable,0.003486944701364847,0.012424951558233189
18:6 LD,0.045691382765531065,3.036581039552809,unstable,0.003486944701364847,0.012424951558233189
18:6 LD,0.04579158316633267,0.10469510384821801,stable,0.003486944701364847,0.012424951558233189
18:6 LD,0.04579158316633267,3.0368975497415747,unstable,0.003486944701364847,0.012424951558233189
18:6 LD,0.04589178356713427,0.1043804993678763,stable,0.003486944701364847,0.012424951558233189
18:6 LD,0.04589178356713427,3.0372121542219173,unstable,0.003486944701364847,0.012424951558233189
18:6 LD,0.04599198396793587,0.10406778340483847,stable,0.003486944701364847,0.012424951558233189
18:6 LD,0.04599198396793587,3.0375248701849547,unstable,0.003486944701364847,0.012424951558233189
18:6 LD,0.04609218436873747,0.1037569389745121,stable,0.003486944701364847,0.012424951558233189
18:6 LD,0.04609218436873747,3.037835714615281,unstable,0.003486944701364847,0.012424951558233189
18:6 LD,0.04619238476953908,0.1034479492957332,stable,0.003486944701364847,0.012424951558233189
18:6 LD,0.04619238476953908,3.0381447042940604,unstable,0.003486944701364847,0.012424951558233189
18:6 LD,0.04629258517034068,0.10314079778772633,stable,0.003486944701364847,0.012424951558233189
18:6 LD,0.04629258517034068,3.038451855802067,unstable,0.003486944701364847,0.012424951558233189
18:6 LD,0.046392785571142285,0.10283546806711463,stable,0.003486944701364847,0.012424951558233189
18:6 LD,0.046392785571142285,3.0387571855226785,unstable,0.003486944701364847,0.012424951558233189
18:6 LD,0.04649298597194389,0.10253194394498744,stable,0.003486944701364847,0.012424951558233189
18:6 LD,0.04649298597194389,3.039060709644806,unstable,0.003486944701364847,0.012424951558233189
18:6 LD,0.04659318637274549,0.10223020942401861,stable,0.003486944701364847,0.012424951558233189
18:6 LD,0.04659318637274549,3.039362444165775,unstable,0.003486944701364847,0.012424951558233189
18:6 LD,0.04669338677354709,0.10193024869563416,stable,0.003486944701364847,0.012424951558233189
18:6 LD,0.04669338677354709,3.039662404894159,unstable,0.003486944701364847,0.012424951558233189
18:6 LD,0.0467935871743487,0.10163204613723309,stable,0.003486944701364847,0.012424951558233189
18:6 LD,0.0467935871743487,3.03996060745256,unstable,0.003486944701364847,0.012424951558233189
18:6 LD,0.0468937875751503,0.10133558630945538,stable,0.003486944701364847,0.012424951558233189
18:6 LD,0.0468937875751503,3.040257067280338,unstable,0.003486944701364847,0.012424951558233189
18:6 LD,0.046993987975951904,0.10104085395349882,stable,0.003486944701364847,0.012424951558233189
18:6 LD,0.046993987975951904,3.040551799636294,unstable,0.003486944701364847,0.012424951558233189
18:6 LD,0.047094188376753505,0.10074783398848286,stable,0.003486944701364847,0.012424951558233189
18:6 LD,0.047094188376753505,3.0408448196013103,unstable,0.003486944701364847,0.012424951558233189
18:6 LD,0.04719438877755511,0.10045651150885826,stable,0.003486944701364847,0.012424951558233189
18:6 LD,0.04719438877755511,3.0411361420809353,unstable,0.003486944701364847,0.012424951558233189
18:6 LD,0.047294589178356716,0.10016687178186157,stable,0.003486944701364847,0.012424951558233189
18:6 LD,0.047294589178356716,3.0414257818079315,unstable,0.003486944701364847,0.012424951558233189
18:6 LD,0.04739478957915832,0.09987890024501533,stable,0.003486944701364847,0.012424951558233189
18:6 LD,0.04739478957915832,3.0417137533447782,unstable,0.003486944701364847,0.012424951558233189
18:6 LD,0.04749498997995992,0.09959258250367142,stable,0.003486944701364847,0.012424951558233189
18:6 LD,0.04749498997995992,3.0420000710861217,unstable,0.003486944701364847,0.012424951558233189
18:6 LD,0.04759519038076152,0.09930790432859427,stable,0.003486944701364847,0.012424951558233189
18:6 LD,0.04759519038076152,3.0422847492611993,unstable,0.003486944701364847,0.012424951558233189
18:6 LD,0.047695390781563124,0.09902485165358854,stable,0.003486944701364847,0.012424951558233189
18:6 LD,0.047695390781563124,3.0425678019362046,unstable,0.003486944701364847,0.012424951558233189
18:6 LD,0.04779559118236473,0.09874341057316771,stable,0.003486944701364847,0.012424951558233189
18:6 LD,0.04779559118236473,3.042849243016626,unstable,0.003486944701364847,0.012424951558233189
18:6 LD,0.047895791583166335,0.09846356734026118,stable,0.003486944701364847,0.012424951558233189
18:6 LD,0.047895791583166335,3.0431290862495324,unstable,0.003486944701364847,0.012424951558233189
18:6 LD,0.04799599198396794,0.09818530836396011,stable,0.003486944701364847,0.012424951558233189
18:6 LD,0.04799599198396794,3.043407345225833,unstable,0.003486944701364847,0.012424951558233189
18:6 LD,0.04809619238476954,0.09790862020730362,stable,0.003486944701364847,0.012424951558233189
18:6 LD,0.04809619238476954,3.0436840333824895,unstable,0.003486944701364847,0.012424951558233189
18:6 LD,0.04819639278557114,0.09763348958510276,stable,0.003486944701364847,0.012424951558233189
18:6 LD,0.04819639278557114,3.04395916400469,unstable,0.003486944701364847,0.012424951558233189
18:6 LD,0.04829659318637274,0.09735990336179734,stable,0.003486944701364847,0.012424951558233189
18:6 LD,0.04829659318637274,3.044232750227996,unstable,0.003486944701364847,0.012424951558233189
18:6 LD,0.04839679358717435,0.09708784854935448,stable,0.003486944701364847,0.012424951558233189
18:6 LD,0.04839679358717435,3.0445048050404386,unstable,0.003486944701364847,0.012424951558233189
18:6 LD,0.04849699398797595,0.09681731230519963,stable,0.003486944701364847,0.012424951558233189
18:6 LD,0.04849699398797595,3.044775341284593,unstable,0.003486944701364847,0.012424951558233189
18:6 LD,0.048597194388777555,0.09654828193018172,stable,0.003486944701364847,0.012424951558233189
18:6 LD,0.048597194388777555,3.0450443716596114,unstable,0.003486944701364847,0.012424951558233189
18:6 LD,0.04869739478957916,0.09628074486657345,stable,0.003486944701364847,0.012424951558233189
18:6 LD,0.04869739478957916,3.045311908723219,unstable,0.003486944701364847,0.012424951558233189
18:6 LD,0.04879759519038076,0.09601468869610708,stable,0.003486944701364847,0.012424951558233189
18:6 LD,0.04879759519038076,3.0455779648936865,unstable,0.003486944701364847,0.012424951558233189
18:6 LD,0.04889779559118237,0.09575010113803817,stable,0.003486944701364847,0.012424951558233189
18:6 LD,0.04889779559118237,3.045842552451755,unstable,0.003486944701364847,0.012424951558233189
18:6 LD,0.04899799599198397,0.09548697004724538,stable,0.003486944701364847,0.012424951558233189
18:6 LD,0.04899799599198397,3.0461056835425477,unstable,0.003486944701364847,0.012424951558233189
18:6 LD,0.04909819639278557,0.0952252834123608,stable,0.003486944701364847,0.012424951558233189
18:6 LD,0.04909819639278557,3.046367370177432,unstable,0.003486944701364847,0.012424951558233189
18:6 LD,0.049198396793587174,0.09496502935393147,stable,0.003486944701364847,0.012424951558233189
18:6 LD,0.049198396793587174,3.046627624235862,unstable,0.003486944701364847,0.012424951558233189
18:6 LD,0.049298597194388775,0.09470619612260833,stable,0.003486944701364847,0.012424951558233189
18:6 LD,0.049298597194388775,3.046886457467185,unstable,0.003486944701364847,0.012424951558233189
18:6 LD,0.04939879759519038,0.09444877209736946,stable,0.003486944701364847,0.012424951558233189
18:6 LD,0.04939879759519038,3.047143881492424,unstable,0.003486944701364847,0.012424951558233189
18:6 LD,0.049498997995991986,0.09419274578377035,stable,0.003486944701364847,0.012424951558233189
18:6 LD,0.049498997995991986,3.0473999078060228,unstable,0.003486944701364847,0.012424951558233189
18:6 LD,0.04959919839679359,0.0939381058122204,stable,0.003486944701364847,0.012424951558233189
18:6 LD,0.04959919839679359,3.0476545477775723,unstable,0.003486944701364847,0.012424951558233189
18:6 LD,0.04969939879759519,0.09368484093629226,stable,0.003486944701364847,0.012424951558233189
18:6 LD,0.04969939879759519,3.0479078126535004,unstable,0.003486944701364847,0.012424951558233189
18:6 LD,0.04979959919839679,0.09343294003105518,stable,0.003486944701364847,0.012424951558233189
18:6 LD,0.04979959919839679,3.0481597135587375,unstable,0.003486944701364847,0.012424951558233189
18:6 LD,0.049899799599198394,0.09318239209143542,stable,0.003486944701364847,0.012424951558233189
18:6 LD,0.049899799599198394,3.0484102614983577,unstable,0.003486944701364847,0.012424951558233189
18:6 LD,0.05,0.09293318623060642,stable,0.003486944701364847,0.012424951558233189
18:6 LD,0.05,3.0486594673591867,unstable,0.003486944701364847,0.012424951558233189
T23,0.0,0.11547101425753592,unstable,-0.0014315355598282231,0.012424951558233189
T23,0.0,3.026121639332257,stable,-0.0014315355598282231,0.012424951558233189
T23,0.0001002004008016032,0.11641404174944991,unstable,-0.0014315355598282231,0.012424951558233189
T23,0.0001002004008016032,3.025178611840343,stable,-0.0014315355598282231,0.012424951558233189
T23,0.0002004008016032064,0.11737263516491003,unstable,-0.0014315355598282231,0.012424951558233189
T23,0.0002004008016032064,3.0242200184248826,stable,-0.0014315355598282231,0.012424951558233189
T23,0.0003006012024048096,0.11834718403738442,unstable,-0.0014315355598282231,0.012424951558233189
T23,0.0003006012024048096,3.0232454695524087,stable,-0.0014315355598282231,0.012424951558233189
T23,0.0004008016032064128,0.11933809103870052,unstable,-0.0014315355598282231,0.012424951558233189
T23,0.0004008016032064128,3.022254562551092,stable,-0.0014315355598282231,0.012424951558233189
T23,0.000501002004008016,0.1203457725390571,unstable,-0.0014315355598282231,0.012424951558233189
T23,0.000501002004008016,3.021246881050736,stable,-0.0014315355598282231,0.012424951558233189
T23,0.0006012024048096192,0.12137065919599488,unstable,-0.0014315355598282231,0.012424951558233189
T23,0.0006012024048096192,3.0202219943937987,stable,-0.0014315355598282231,0.012424951558233189
T23,0.0007014028056112224,0.12241319657410088,unstable,-0.0014315355598282231,0.012424951558233189
T23,0.0007014028056112224,3.0191794570156922,stable,-0.0014315355598282231,0.012424951558233189
T23,0.0008016032064128256,0.123473845797331,unstable,-0.0014315355598282231,0.012424951558233189
T23,0.0008016032064128256,3.0181188077924617,stable,-0.0014315355598282231,0.012424951558233189
T23,0.0009018036072144289,0.12455308423598632,unstable,-0.0014315355598282231,0.012424951558233189
T23,0.0009018036072144289,3.0170395693538072,stable,-0.0014315355598282231,0.012424951558233189
T23,0.001002004008016032,0.12565140623050475,unstable,-0.0014315355598282231,0.012424951558233189
T23,0.001002004008016032,3.0159412473592884,stable,-0.0014315355598282231,0.012424951558233189
T23,0.0011022044088176352,0.1267693238544063,unstable,-0.0014315355598282231,0.012424951558233189
T23,0.0011022044088176352,3.0148233297353872,stable,-0.0014315355598282231,0.012424951558233189
T23,0.0012024048096192384,0.12790736771888778,unstable,-0.0014315355598282231,0.012424951558233189
T23,0.0012024048096192384,3.0136852858709053,stable,-0.0014315355598282231,0.012424951558233189
T23,0.0013026052104208416,0.12906608782175244,unstable,-0.0014315355598282231,0.012424951558233189
T23,0.0013026052104208416,3.0125265657680407,stable,-0.0014315355598282231,0.012424951558233189
T23,0.0014028056112224449,0.13024605444355952,unstable,-0.0014315355598282231,0.012424951558233189
T23,0.0014028056112224449,3.0113465991462336,stable,-0.0014315355598282231,0.012424951558233189
T23,0.001503006012024048,0.13144785909409595,unstable,-0.0014315355598282231,0.012424951558233189
T23,0.001503006012024048,3.010144794495697,stable,-0.0014315355598282231,0.012424951558233189
T23,0.0016032064128256513,0.13267211551251012,unstable,-0.0014315355598282231,0.012424951558233189
T23,0.0016032064128256513,3.008920538077283,stable,-0.0014315355598282231,0.012424951558233189
T23,0.0017034068136272545,0.1339194607246954,unstable,-0.0014315355598282231,0.012424951558233189
T23,0.0017034068136272545,3.0076731928650977,stable,-0.0014315355598282231,0.012424951558233189
T23,0.0018036072144288577,0.13519055616180342,unstable,-0.0014315355598282231,0.012424951558233189
T23,0.0018036072144288577,3.0064020974279897,stable,-0.0014315355598282231,0.012424951558233189
T23,0.001903807615230461,0.13648608884406332,unstable,-0.0014315355598282231,0.012424951558233189
T23,0.001903807615230461,3.00510656474573,stable,-0.0014315355598282231,0.012424951558233189
T23,0.002004008016032064,0.13780677263440433,unstable,-0.0014315355598282231,0.012424951558233189
T23,0.002004008016032064,3.0037858809553892,stable,-0.0014315355598282231,0.012424951558233189
T23,0.002104208416833667,0.13915334956675895,unstable,-0.0014315355598282231,0.012424951558233189
T23,0.002104208416833667,3.002439304023034,stable,-0.0014315355598282231,0.012424951558233189
T23,0.0022044088176352704,0.14052659125430234,unstable,-0.0014315355598282231,0.012424951558233189
T23,0.0022044088176352704,3.0010660623354912,stable,-0.0014315355598282231,0.012424951558233189
T23,0.0023046092184368736,0.14192730038331325,unstable,-0.0014315355598282231,0.012424951558233189
T23,0.0023046092184368736,2.9996653532064794,stable,-0.0014315355598282231,0.012424951558233189
T23,0.002404809619238477,0.14335631229881818,unstable,-0.0014315355598282231,0.012424951558233189
T23,0.002404809619238477,2.9982363412909745,stable,-0.0014315355598282231,0.012424951558233189
T23,0.00250501002004008,0.14481449668869217,unstable,-0.0014315355598282231,0.012424951558233189
T23,0.00250501002004008,2.996778156901101,stable,-0.0014315355598282231,0.012424951558233189
T23,0.0026052104208416833,0.14630275937344095,unstable,-0.0014315355598282231,0.012424951558233189
T23,0.0026052104208416833,2.995289894216352,stable,-0.0014315355598282231,0.012424951558233189
T23,0.0027054108216432865,0.14782204420952283,unstable,-0.0014315355598282231,0.012424951558233189
T23,0.0027054108216432865,2.9937706093802703,stable,-0.0014315355598282231,0.012424951558233189
T23,0.0028056112224448897,0.14937333511472728,unstable,-0.0014315355598282231,0.012424951558233189
T23,0.0028056112224448897,2.9922193184750654,stable,-0.0014315355598282231,0.012424951558233189
T23,0.002905811623246493,0.1509576582248866,unstable,-0.0014315355598282231,0.012424951558233189
T23,0.002905811623246493,2.990634995364907,stable,-0.0014315355598282231,0.012424951558233189
T23,0.003006012024048096,0.1525760841919923,unstable,-0.0014315355598282231,0.012424951558233189
T23,0.003006012024048096,2.9890165693978012,stable,-0.0014315355598282231,0.012424951558233189
T23,0.0031062124248496994,0.15422973063471224,unstable,-0.0014315355598282231,0.012424951558233189
T23,0.0031062124248496994,2.9873629229550804,stable,-0.0014315355598282231,0.012424951558233189
T23,0.0032064128256513026,0.15591976475326863,unstable,-0.0014315355598282231,0.012424951558233189
T23,0.0032064128256513026,2.9856728888365245,stable,-0.0014315355598282231,0.012424951558233189
T23,0.003306613226452906,0.15764740612174633,unstable,-0.0014315355598282231,0.012424951558233189
T23,0.003306613226452906,2.9839452474680463,stable,-0.0014315355598282231,0.012424951558233189
T23,0.003406813627254509,0.15941392967209955,unstable,-0.0014315355598282231,0.012424951558233189
T23,0.003406813627254509,2.982178723917693,stable,-0.0014315355598282231,0.012424951558233189
T23,0.0035070140280561123,0.16122066888545783,unstable,-0.0014315355598282231,0.012424951558233189
T23,0.0035070140280561123,2.9803719847043357,stable,-0.0014315355598282231,0.012424951558233189
T23,0.0036072144288577155,0.1630690192078097,unstable,-0.0014315355598282231,0.012424951558233189
T23,0.0036072144288577155,2.9785236343819834,stable,-0.0014315355598282231,0.012424951558233189
T23,0.0037074148296593187,0.1649604417087711,unstable,-0.0014315355598282231,0.012424951558233189
T23,0.0037074148296593187,2.9766322118810216,stable,-0.0014315355598282231,0.012424951558233189
T23,0.003807615230460922,0.1668964670039701,unstable,-0.0014315355598282231,0.012424951558233189
T23,0.003807615230460922,2.974696186585823,stable,-0.0014315355598282231,0.012424951558233189
T23,0.003907815631262525,0.1688786994635807,unstable,-0.0014315355598282231,0.012424951558233189
T23,0.003907815631262525,2.9727139541262124,stable,-0.0014315355598282231,0.012424951558233189
T23,0.004008016032064128,0.1709088217317909,unstable,-0.0014315355598282231,0.012424951558233189
T23,0.004008016032064128,2.970683831858002,stable,-0.0014315355598282231,0.012424951558233189
T23,0.004108216432865732,0.17298859958447732,unstable,-0.0014315355598282231,0.012424951558233189
T23,0.004108216432865732,2.968604054005316,stable,-0.0014315355598282231,0.012424951558233189
T23,0.004208416833667334,0.17511988715515292,unstable,-0.0014315355598282231,0.012424951558233189
T23,0.004208416833667334,2.9664727664346398,stable,-0.0014315355598282231,0.012424951558233189
T23,0.004308617234468938,0.17730463256235351,unstable,-0.0014315355598282231,0.012424951558233189
T23,0.004308617234468938,2.964288021027439,stable,-0.0014315355598282231,0.012424951558233189
T23,0.004408817635270541,0.1795448839751126,unstable,-0.0014315355598282231,0.012424951558233189
T23,0.004408817635270541,2.9620477696146805,stable,-0.0014315355598282231,0.012424951558233189
T23,0.0045090180360721445,0.18184279615707633,unstable,-0.0014315355598282231,0.012424951558233189
T23,0.0045090180360721445,2.9597498574327172,stable,-0.0014315355598282231,0.012424951558233189
T23,0.004609218436873747,0.18420063753416693,unstable,-0.0014315355598282231,0.012424951558233189
T23,0.004609218436873747,2.9573920160556266,stable,-0.0014315355598282231,0.012424951558233189
T23,0.004709418837675351,0.18662079783563357,unstable,-0.0014315355598282231,0.012424951558233189
T23,0.004709418837675351,2.9549718557541595,stable,-0.0014315355598282231,0.012424951558233189
T23,0.004809619238476954,0.1891057963638474,unstable,-0.0014315355598282231,0.012424951558233189
T23,0.004809619238476954,2.9524868572259457,stable,-0.0014315355598282231,0.012424951558233189
T23,0.004909819639278557,0.19165829095443243,unstable,-0.0014315355598282231,0.012424951558233189
T23,0.004909819639278557,2.9499343626353607,stable,-0.0014315355598282231,0.012424951558233189
T23,0.00501002004008016,0.19428108769537156,unstable,-0.0014315355598282231,0.012424951558233189
T23,0.00501002004008016,2.947311565894422,stable,-0.0014315355598282231,0.012424951558233189
T23,0.005110220440881764,0.1969771514816827,unstable,-0.0014315355598282231,0.012424951558233189
T23,0.005110220440881764,2.9446155021081104,stable,-0.0014315355598282231,0.012424951558233189
T23,0.0052104208416833666,0.19974961749129205,unstable,-0.0014315355598282231,0.012424951558233189
T23,0.0052104208416833666,2.9418430360985006,stable,-0.0014315355598282231,0.012424951558233189
T23,0.00531062124248497,0.20260180367798064,unstable,-0.0014315355598282231,0.012424951558233189
T23,0.00531062124248497,2.9389908499118125,stable,-0.0014315355598282231,0.012424951558233189
T23,0.005410821643286573,0.2055372243889475,unstable,-0.0014315355598282231,0.012424951558233189
T23,0.005410821643286573,2.936055429200845,stable,-0.0014315355598282231,0.012424951558233189
T23,0.005511022044088177,0.20855960522781647,unstable,-0.0014315355598282231,0.012424951558233189
T23,0.005511022044088177,2.9330330483619766,stable,-0.0014315355598282231,0.012424951558233189
T23,0.0056112224448897794,0.21167289929911792,unstable,-0.0014315355598282231,0.012424951558233189
T23,0.0056112224448897794,2.929919754290675,stable,-0.0014315355598282231,0.012424951558233189
T23,0.005711422845691383,0.21488130498765168,unstable,-0.0014315355598282231,0.012424951558233189
T23,0.005711422845691383,2.926711348602142,stable,-0.0014315355598282231,0.012424951558233189
T23,0.005811623246492986,0.2181892854460954,unstable,-0.0014315355598282231,0.012424951558233189
T23,0.005811623246492986,2.9234033681436973,stable,-0.0014315355598282231,0.012424951558233189
T23,0.0059118236472945895,0.22160158998716062,unstable,-0.0014315355598282231,0.012424951558233189
T23,0.0059118236472945895,2.919991063602632,stable,-0.0014315355598282231,0.012424951558233189
T23,0.006012024048096192,0.22512327760305118,unstable,-0.0014315355598282231,0.012424951558233189
T23,0.006012024048096192,2.9164693759867415,stable,-0.0014315355598282231,0.012424951558233189
T23,0.006112224448897796,0.22875974286553724,unstable,-0.0014315355598282231,0.012424951558233189
T23,0.006112224448897796,2.912832910724256,stable,-0.0014315355598282231,0.012424951558233189
T23,0.006212424849699399,0.2325167444953644,unstable,-0.0014315355598282231,0.012424951558233189
T23,0.006212424849699399,2.9090759090944287,stable,-0.0014315355598282231,0.012424951558233189
T23,0.006312625250501002,0.23640043693084856,unstable,-0.0014315355598282231,0.012424951558233189
T23,0.006312625250501002,2.9051922166589446,stable,-0.0014315355598282231,0.012424951558233189
T23,0.006412825651302605,0.24041740527341293,unstable,-0.0014315355598282231,0.012424951558233189
T23,0.006412825651302605,2.90117524831638,stable,-0.0014315355598282231,0.012424951558233189
T23,0.006513026052104208,0.24457470404379045,unstable,-0.0014315355598282231,0.012424951558233189
T23,0.006513026052104208,2.8970179495460027,stable,-0.0014315355598282231,0.012424951558233189
T23,0.006613226452905812,0.24887990024818318,unstable,-0.0014315355598282231,0.012424951558233189
T23,0.006613226452905812,2.89271275334161,stable,-0.0014315355598282231,0.012424951558233189
T23,0.006713426853707414,0.2533411213307408,unstable,-0.0014315355598282231,0.012424951558233189
T23,0.006713426853707414,2.8882515322590523,stable,-0.0014315355598282231,0.012424951558233189
T23,0.006813627254509018,0.25796710867958517,unstable,-0.0014315355598282231,0.012424951558233189
T23,0.006813627254509018,2.883625544910208,stable,-0.0014315355598282231,0.012424951558233189
T23,0.006913827655310621,0.26276727746112893,unstable,-0.0014315355598282231,0.012424951558233189
T23,0.006913827655310621,2.878825376128664,stable,-0.0014315355598282231,0.012424951558233189
T23,0.0070140280561122245,0.267751783685088,unstable,-0.0014315355598282231,0.012424951558233189
T23,0.0070140280561122245,2.873840869904705,stable,-0.0014315355598282231,0.012424951558233189
T23,0.007114228456913827,0.27293159955471147,unstable,-0.0014315355598282231,0.012424951558233189
T23,0.007114228456913827,2.8686610540350816,stable,-0.0014315355598282231,0.012424951558233189
T23,0.007214428857715431,0.27831859833876926,unstable,-0.0014315355598282231,0.012424951558233189
T23,0.007214428857715431,2.863274055251024,stable,-0.0014315355598282231,0.012424951558233189
T23,0.007314629258517034,0.2839256502204628,unstable,-0.0014315355598282231,0.012424951558233189
T23,0.007314629258517034,2.8576670033693308,stable,-0.0014315355598282231,0.012424951558233189
T23,0.007414829659318637,0.28976673084219406,unstable,-0.0014315355598282231,0.012424951558233189
T23,0.007414829659318637,2.851825922747599,stable,-0.0014315355598282231,0.012424951558233189
T23,0.00751503006012024,0.29585704458476103,unstable,-0.0014315355598282231,0.012424951558233189
T23,0.00751503006012024,2.8457356090050325,stable,-0.0014315355598282231,0.012424951558233189
T23,0.007615230460921844,0.30221316500874806,unstable,-0.0014315355598282231,0.012424951558233189
T23,0.007615230460921844,2.839379488581045,stable,-0.0014315355598282231,0.012424951558233189
T23,0.007715430861723447,0.3088531953621243,unstable,-0.0014315355598282231,0.012424951558233189
T23,0.007715430861723447,2.8327394582276693,stable,-0.0014315355598282231,0.012424951558233189
T23,0.00781563126252505,0.31579695264395724,unstable,-0.0014315355598282231,0.012424951558233189
T23,0.00781563126252505,2.825795700945836,stable,-0.0014315355598282231,0.012424951558233189
T23,0.007915831663326654,0.32306617943890004,unstable,-0.0014315355598282231,0.012424951558233189
T23,0.007915831663326654,2.818526474150893,stable,-0.0014315355598282231,0.012424951558233189
T23,0.008016032064128256,0.3306847886390547,unstable,-0.0014315355598282231,0.012424951558233189
T23,0.008016032064128256,2.810907864950739,stable,-0.0014315355598282231,0.012424951558233189
T23,0.00811623246492986,0.3386791472992603,unstable,-0.0014315355598282231,0.012424951558233189
T23,0.00811623246492986,2.8029135062905333,stable,-0.0014315355598282231,0.012424951558233189
T23,0.008216432865731463,0.34707840729576667,unstable,-0.0014315355598282231,0.012424951558233189
T23,0.008216432865731463,2.7945142462940264,stable,-0.0014315355598282231,0.012424951558233189
T23,0.008316633266533067,0.35591489226625406,unstable,-0.0014315355598282231,0.012424951558233189
T23,0.008316633266533067,2.785677761323539,stable,-0.0014315355598282231,0.012424951558233189
T23,0.008416833667334669,0.36522455262245224,unstable,-0.0014315355598282231,0.012424951558233189
T23,0.008416833667334669,2.776368100967341,stable,-0.0014315355598282231,0.012424951558233189
T23,0.008517034068136272,0.37504750341080983,unstable,-0.0014315355598282231,0.012424951558233189
T23,0.008517034068136272,2.766545150178983,stable,-0.0014315355598282231,0.012424951558233189
T23,0.008617234468937876,0.38542866368030415,unstable,-0.0014315355598282231,0.012424951558233189
T23,0.008617234468937876,2.7561639899094885,stable,-0.0014315355598282231,0.012424951558233189
T23,0.00871743486973948,0.396418521118993,unstable,-0.0014315355598282231,0.012424951558233189
T23,0.00871743486973948,2.7451741324708,stable,-0.0014315355598282231,0.012424951558233189
T23,0.008817635270541082,0.40807405249377515,unstable,-0.0014315355598282231,0.012424951558233189
T23,0.008817635270541082,2.7335186010960175,stable,-0.0014315355598282231,0.012424951558233189
T23,0.008917835671342685,0.42045983951864363,unstable,-0.0014315355598282231,0.012424951558233189
T23,0.008917835671342685,2.721132814071149,stable,-0.0014315355598282231,0.012424951558233189
T23,0.009018036072144289,0.4336494321272717,unstable,-0.0014315355598282231,0.012424951558233189
T23,0.009018036072144289,2.7079432214625214,stable,-0.0014315355598282231,0.012424951558233189
T23,0.009118236472945893,0.4477270281285666,unstable,-0.0014315355598282231,0.012424951558233189
T23,0.009118236472945893,2.6938656254612265,stable,-0.0014315355598282231,0.012424951558233189
T23,0.009218436873747494,0.46278956197333354,unstable,-0.0014315355598282231,0.012424951558233189
T23,0.009218436873747494,2.6788030916164596,stable,-0.0014315355598282231,0.012424951558233189
T23,0.009318637274549098,0.478949329068437,unstable,-0.0014315355598282231,0.012424951558233189
T23,0.009318637274549098,2.6626433245213565,stable,-0.0014315355598282231,0.012424951558233189
T23,0.009418837675350702,0.4963373207724642,unstable,-0.0014315355598282231,0.012424951558233189
T23,0.009418837675350702,2.645255332817329,stable,-0.0014315355598282231,0.012424951558233189
T23,0.009519038076152305,0.5151075169600965,unstable,-0.0014315355598282231,0.012424951558233189
T23,0.009519038076152305,2.6264851366296966,stable,-0.0014315355598282231,0.012424951558233189
T23,0.009619238476953907,0.5354424911266702,unstable,-0.0014315355598282231,0.012424951558233189
T23,0.009619238476953907,2.6061501624631234,stable,-0.0014315355598282231,0.012424951558233189
T23,0.009719438877755511,0.5575608499183802,unstable,-0.0014315355598282231,0.012424951558233189
T23,0.009719438877755511,2.5840318036714134,stable,-0.0014315355598282231,0.012424951558233189
T23,0.009819639278557115,0.5817272941276457,unstable,-0.0014315355598282231,0.012424951558233189
T23,0.009819639278557115,2.5598653594621474,stable,-0.0014315355598282231,0.012424951558233189
T23,0.009919839679358717,0.6082665232691986,unstable,-0.0014315355598282231,0.012424951558233189
T23,0.009919839679358717,2.533326130320594,stable,-0.0014315355598282231,0.012424951558233189
T23,0.01002004008016032,0.6375829469858063,unstable,-0.0014315355598282231,0.012424951558233189
T23,0.01002004008016032,2.504009706603987,stable,-0.0014315355598282231,0.012424951558233189
T23,0.010120240480961924,0.670189485574745,unstable,-0.0014315355598282231,0.012424951558233189
T23,0.010120240480961924,2.4714031680150477,stable,-0.0014315355598282231,0.012424951558233189
T23,0.010220440881763528,0.7067512147778228,unstable,-0.0014315355598282231,0.012424951558233189
T23,0.010220440881763528,2.4348414388119703,stable,-0.0014315355598282231,0.012424951558233189
T23,0.01032064128256513,0.7481545460059622,unstable,-0.0014315355598282231,0.012424951558233189
T23,0.01032064128256513,2.3934381075838314,stable,-0.0014315355598282231,0.012424951558233189
T23,0.010420841683366733,0.7956232778521706,unstable,-0.0014315355598282231,0.012424951558233189
T23,0.010420841683366733,2.3459693757376225,stable,-0.0014315355598282231,0.012424951558233189
T23,0.010521042084168337,0.8509281738174326,unstable,-0.0014315355598282231,0.012424951558233189
T23,0.010521042084168337,2.29066447977236,stable,-0.0014315355598282231,0.012424951558233189
T23,0.01062124248496994,0.9168052447241646,unstable,-0.0014315355598282231,0.012424951558233189
T23,0.01062124248496994,2.2247874088656285,stable,-0.0014315355598282231,0.012424951558233189
T23,0.010721442885771542,0.9979199904136333,unstable,-0.0014315355598282231,0.012424951558233189
T23,0.010721442885771542,2.14367266317616,stable,-0.0014315355598282231,0.012424951558233189
T23,0.010821643286573146,1.1036645051723983,unstable,-0.0014315355598282231,0.012424951558233189
T23,0.010821643286573146,2.037928148417395,stable,-0.0014315355598282231,0.012424951558233189
T23,0.01092184368737475,1.2609609695839659,unstable,-0.0014315355598282231,0.012424951558233189
T23,0.01092184368737475,1.8806316840058273,stable,-0.0014315355598282231,0.012424951558233189
T23,0.013927855711422845,-1.2613846484902842,stable,-0.0014315355598282231,0.012424951558233189
T23,0.013927855711422845,-1.880208005099509,unstable,-0.0014315355598282231,0.012424951558233189
T23,0.014028056112224449,-1.103916523573579,stable,-0.0014315355598282231,0.012424951558233189
T23,0.014028056112224449,-2.037676130016214,unstable,-0.0014315355598282231,0.012424951558233189
T23,0.014128256513026053,-0.9981054358040056,stable,-0.0014315355598282231,0.012424951558233189
T23,0.014128256513026053,-2.143487217785787,unstable,-0.0014315355598282231,0.012424951558233189
T23,0.014228456913827655,-0.916952621435744,stable,-0.0014315355598282231,0.012424951558233189
T23,0.014228456913827655,-2.224640032154049,unstable,-0.0014315355598282231,0.012424951558233189
T23,0.014328657314629258,-0.8510502248324938,stable,-0.0014315355598282231,0.012424951558233189
T23,0.014328657314629258,-2.2905424287572993,unstable,-0.0014315355598282231,0.012424951558233189
T23,0.014428857715430862,-0.7957270441586015,stable,-0.0014315355598282231,0.012424951558233189
T23,0.014428857715430862,-2.3458656094311916,unstable,-0.0014315355598282231,0.012424951558233189
T23,0.014529058116232466,-0.7482444128996395,stable,-0.0014315355598282231,0.012424951558233189
T23,0.014529058116232466,-2.3933482406901536,unstable,-0.0014315355598282231,0.012424951558233189
T23,0.014629258517034067,-0.7068301327550222,stable,-0.0014315355598282231,0.012424951558233189
T23,0.014629258517034067,-2.434762520834771,unstable,-0.0014315355598282231,0.012424951558233189
T23,0.014729458917835671,-0.6702595497886783,stable,-0.0014315355598282231,0.012424951558233189
T23,0.014729458917835671,-2.471333103801115,unstable,-0.0014315355598282231,0.012424951558233189
T23,0.014829659318637275,-0.6376457056551668,stable,-0.0014315355598282231,0.012424951558233189
T23,0.014829659318637275,-2.503946947934626,unstable,-0.0014315355598282231,0.012424951558233189
T23,0.014929859719438878,-0.6083231560480096,stable,-0.0014315355598282231,0.012424951558233189
T23,0.014929859719438878,-2.5332694975417835,unstable,-0.0014315355598282231,0.012424951558233189
T23,0.01503006012024048,-0.5817787219838135,stable,-0.0014315355598282231,0.012424951558233189
T23,0.01503006012024048,-2.55981393160598,unstable,-0.0014315355598282231,0.012424951558233189
T23,0.015130260521042084,-0.5576078062561924,stable,-0.0014315355598282231,0.012424951558233189
T23,0.015130260521042084,-2.5839848473336007,unstable,-0.0014315355598282231,0.012424951558233189
T23,0.015230460921843688,-0.5354855696959149,stable,-0.0014315355598282231,0.012424951558233189
T23,0.015230460921843688,-2.6061070838938782,unstable,-0.0014315355598282231,0.012424951558233189
T23,0.015330661322645291,-0.5151472052039017,stable,-0.0014315355598282231,0.012424951558233189
T23,0.015330661322645291,-2.6264454483858914,unstable,-0.0014315355598282231,0.012424951558233189
T23,0.015430861723446893,-0.4963740236848899,stable,-0.0014315355598282231,0.012424951558233189
T23,0.015430861723446893,-2.645218629904903,unstable,-0.0014315355598282231,0.012424951558233189
T23,0.015531062124248497,-0.47898338666445284,stable,-0.0014315355598282231,0.012424951558233189
T23,0.015531062124248497,-2.6626092669253403,unstable,-0.0014315355598282231,0.012424951558233189
T23,0.0156312625250501,-0.4628212623398049,stable,-0.0014315355598282231,0.012424951558233189
T23,0.0156312625250501,-2.678771391249988,unstable,-0.0014315355598282231,0.012424951558233189
T23,0.015731462925851702,-0.4477566173448624,stable,-0.0014315355598282231,0.012424951558233189
T23,0.015731462925851702,-2.6938360362449307,unstable,-0.0014315355598282231,0.012424951558233189
T23,0.015831663326653308,-0.43367712192211094,stable,-0.0014315355598282231,0.012424951558233189
T23,0.015831663326653308,-2.707915531667682,unstable,-0.0014315355598282231,0.012424951558233189
T23,0.01593186372745491,-0.42048581325991297,stable,-0.0014315355598282231,0.012424951558233189
T23,0.01593186372745491,-2.72110684032988,unstable,-0.0014315355598282231,0.012424951558233189
T23,0.01603206412825651,-0.4080984699308532,stable,-0.0014315355598282231,0.012424951558233189
T23,0.01603206412825651,-2.73349418365894,unstable,-0.0014315355598282231,0.012424951558233189
T23,0.016132264529058117,-0.3964415221780633,stable,-0.0014315355598282231,0.012424951558233189
T23,0.016132264529058117,-2.7451511314117294,unstable,-0.0014315355598282231,0.012424951558233189
T23,0.01623246492985972,-0.3854503715314501,stable,-0.0014315355598282231,0.012424951558233189
T23,0.01623246492985972,-2.7561422820583434,unstable,-0.0014315355598282231,0.012424951558233189
T23,0.01633266533066132,-0.3750680269685738,stable,-0.0014315355598282231,0.012424951558233189
T23,0.01633266533066132,-2.7665246266212193,unstable,-0.0014315355598282231,0.012424951558233189
T23,0.016432865731462926,-0.3652439886009913,stable,-0.0014315355598282231,0.012424951558233189
T23,0.016432865731462926,-2.7763486649888023,unstable,-0.0014315355598282231,0.012424951558233189
T23,0.016533066132264528,-0.35593332688092305,stable,-0.0014315355598282231,0.012424951558233189
T23,0.016533066132264528,-2.7856593267088705,unstable,-0.0014315355598282231,0.012424951558233189
T23,0.016633266533066134,-0.34709591768155157,stable,-0.0014315355598282231,0.012424951558233189
T23,0.016633266533066134,-2.7944967359082415,unstable,-0.0014315355598282231,0.012424951558233189
T23,0.016733466933867736,-0.3386958027006082,stable,-0.0014315355598282231,0.012424951558233189
T23,0.016733466933867736,-2.8028968508891854,unstable,-0.0014315355598282231,0.012424951558233189
T23,0.016833667334669337,-0.33070065141375604,stable,-0.0014315355598282231,0.012424951558233189
T23,0.016833667334669337,-2.810892002176037,unstable,-0.0014315355598282231,0.012424951558233189
T23,0.016933867735470943,-0.32308130590966844,stable,-0.0014315355598282231,0.012424951558233189
T23,0.016933867735470943,-2.8185113476801247,unstable,-0.0014315355598282231,0.012424951558233189
T23,0.017034068136272545,-0.31581139382445667,stable,-0.0014315355598282231,0.012424951558233189
T23,0.017034068136272545,-2.8257812597653365,unstable,-0.0014315355598282231,0.012424951558233189
T23,0.017134268537074147,-0.30886699757887515,stable,-0.0014315355598282231,0.012424951558233189
T23,0.017134268537074147,-2.8327256560109184,unstable,-0.0014315355598282231,0.012424951558233189
T23,0.017234468937875752,-0.3022263704361965,stable,-0.0014315355598282231,0.012424951558233189
T23,0.017234468937875752,-2.8393662831535966,unstable,-0.0014315355598282231,0.012424951558233189
T23,0.017334669338677354,-0.2958696917075545,stable,-0.0014315355598282231,0.012424951558233189
T23,0.017334669338677354,-2.845722961882238,unstable,-0.0014315355598282231,0.012424951558233189
T23,0.01743486973947896,-0.2897788548561193,stable,-0.0014315355598282231,0.012424951558233189
T23,0.01743486973947896,-2.851813798733674,unstable,-0.0014315355598282231,0.012424951558233189
T23,0.01753507014028056,-0.28393728338147683,stable,-0.0014315355598282231,0.012424951558233189
T23,0.01753507014028056,-2.8576553702083167,unstable,-0.0014315355598282231,0.012424951558233189
T23,0.017635270541082163,-0.2783297702678942,stable,-0.0014315355598282231,0.012424951558233189
T23,0.017635270541082163,-2.863262883321899,unstable,-0.0014315355598282231,0.012424951558233189
T23,0.01773547094188377,-0.272942337505258,stable,-0.0014315355598282231,0.012424951558233189
T23,0.01773547094188377,-2.868650316084535,unstable,-0.0014315355598282231,0.012424951558233189
T23,0.01783567134268537,-0.26776211277759643,stable,-0.0014315355598282231,0.012424951558233189
T23,0.01783567134268537,-2.8738305408121967,unstable,-0.0014315355598282231,0.012424951558233189
T23,0.017935871743486972,-0.26277722089053945,stable,-0.0014315355598282231,0.012424951558233189
T23,0.017935871743486972,-2.8788154326992537,unstable,-0.0014315355598282231,0.012424951558233189
T23,0.018036072144288578,-0.2579766878984371,stable,-0.0014315355598282231,0.012424951558233189
T23,0.018036072144288578,-2.883615965691356,unstable,-0.0014315355598282231,0.012424951558233189
T23,0.01813627254509018,-0.2533503562116146,stable,-0.0014315355598282231,0.012424951558233189
T23,0.01813627254509018,-2.888242297378179,unstable,-0.0014315355598282231,0.012424951558233189
T23,0.018236472945891785,-0.24888880922810275,stable,-0.0014315355598282231,0.012424951558233189
T23,0.018236472945891785,-2.892703844361691,unstable,-0.0014315355598282231,0.012424951558233189
T23,0.018336673346693387,-0.24458330425290864,stable,-0.0014315355598282231,0.012424951558233189
T23,0.018336673346693387,-2.8970093493368845,unstable,-0.0014315355598282231,0.012424951558233189
T23,0.01843687374749499,-0.24042571264995827,stable,-0.0014315355598282231,0.012424951558233189
T23,0.01843687374749499,-2.9011669409398344,unstable,-0.0014315355598282231,0.012424951558233189
T23,0.018537074148296594,-0.2364084663240309,stable,-0.0014315355598282231,0.012424951558233189
T23,0.018537074148296594,-2.905184187265762,unstable,-0.0014315355598282231,0.012424951558233189
T23,0.018637274549098196,-0.23252450975770023,stable,-0.0014315355598282231,0.012424951558233189
T23,0.018637274549098196,-2.9090681438320924,unstable,-0.0014315355598282231,0.012424951558233189
T23,0.018737474949899798,-0.2287672569358543,stable,-0.0014315355598282231,0.012424951558233189
T23,0.018737474949899798,-2.912825396653939,unstable,-0.0014315355598282231,0.012424951558233189
T23,0.018837675350701404,-0.2251305525812608,stable,-0.0014315355598282231,0.012424951558233189
T23,0.018837675350701404,-2.9164621010085323,unstable,-0.0014315355598282231,0.012424951558233189
T23,0.018937875751503006,-0.22160863720174273,stable,-0.0014315355598282231,0.012424951558233189
T23,0.018937875751503006,-2.9199840163880504,unstable,-0.0014315355598282231,0.012424951558233189
T23,0.01903807615230461,-0.2181961155151182,stable,-0.0014315355598282231,0.012424951558233189
T23,0.01903807615230461,-2.923396538074675,unstable,-0.0014315355598282231,0.012424951558233189
T23,0.019138276553106213,-0.21488792787404387,stable,-0.0014315355598282231,0.012424951558233189
T23,0.019138276553106213,-2.9267047257157497,unstable,-0.0014315355598282231,0.012424951558233189
T23,0.019238476953907815,-0.2116793243608197,stable,-0.0014315355598282231,0.012424951558233189
T23,0.019238476953907815,-2.929913329228974,unstable,-0.0014315355598282231,0.012424951558233189
T23,0.01933867735470942,-0.2085658412633591,stable,-0.0014315355598282231,0.012424951558233189
T23,0.01933867735470942,-2.9330268123264336,unstable,-0.0014315355598282231,0.012424951558233189
T23,0.019438877755511022,-0.20554327967894226,stable,-0.0014315355598282231,0.012424951558233189
T23,0.019438877755511022,-2.9360493739108513,unstable,-0.0014315355598282231,0.012424951558233189
T23,0.019539078156312624,-0.20260768602294377,stable,-0.0014315355598282231,0.012424951558233189
T23,0.019539078156312624,-2.9389849675668493,unstable,-0.0014315355598282231,0.012424951558233189
T23,0.01963927855711423,-0.1997553342461793,stable,-0.0014315355598282231,0.012424951558233189
T23,0.01963927855711423,-2.9418373193436143,unstable,-0.0014315355598282231,0.012424951558233189
T23,0.01973947895791583,-0.19698270958746722,stable,-0.0014315355598282231,0.012424951558233189
T23,0.01973947895791583,-2.944609944002326,unstable,-0.0014315355598282231,0.012424951558233189
T23,0.019839679358717433,-0.19428649370795315,stable,-0.0014315355598282231,0.012424951558233189
T23,0.019839679358717433,-2.9473061598818404,unstable,-0.0014315355598282231,0.012424951558233189
T23,0.01993987975951904,-0.1916635510711453,stable,-0.0014315355598282231,0.012424951558233189
T23,0.01993987975951904,-2.949929102518648,unstable,-0.0014315355598282231,0.012424951558233189
T23,0.02004008016032064,-0.18911091644779265,stable,-0.0014315355598282231,0.012424951558233189
T23,0.02004008016032064,-2.9524817371420005,unstable,-0.0014315355598282231,0.012424951558233189
T23,0.020140280561122246,-0.18662578343804626,stable,-0.0014315355598282231,0.012424951558233189
T23,0.020140280561122246,-2.954966870151747,unstable,-0.0014315355598282231,0.012424951558233189
T23,0.020240480961923848,-0.18420549391499863,stable,-0.0014315355598282231,0.012424951558233189
T23,0.020240480961923848,-2.957387159674795,unstable,-0.0014315355598282231,0.012424951558233189
T23,0.02034068136272545,-0.18184752830396178,stable,-0.0014315355598282231,0.012424951558233189
T23,0.02034068136272545,-2.9597451252858313,unstable,-0.0014315355598282231,0.012424951558233189
T23,0.020440881763527055,-0.17954949662086372,stable,-0.0014315355598282231,0.012424951558233189
T23,0.020440881763527055,-2.96204315696893,unstable,-0.0014315355598282231,0.012424951558233189
T23,0.020541082164328657,-0.17730913020111538,stable,-0.0014315355598282231,0.012424951558233189
T23,0.020541082164328657,-2.964283523388678,unstable,-0.0014315355598282231,0.012424951558233189
T23,0.02064128256513026,-0.17512427405733888,stable,-0.0014315355598282231,0.012424951558233189
T23,0.02064128256513026,-2.9664683795324542,unstable,-0.0014315355598282231,0.012424951558233189
T23,0.020741482965931864,-0.1729928798105913,stable,-0.0014315355598282231,0.012424951558233189
T23,0.020741482965931864,-2.968599773779202,unstable,-0.0014315355598282231,0.012424951558233189
T23,0.020841683366733466,-0.17091299914523228,stable,-0.0014315355598282231,0.012424951558233189
T23,0.020841683366733466,-2.9706796544445613,unstable,-0.0014315355598282231,0.012424951558233189
T23,0.02094188376753507,-0.16888277774251925,stable,-0.0014315355598282231,0.012424951558233189
T23,0.02094188376753507,-2.972709875847274,unstable,-0.0014315355598282231,0.012424951558233189
T23,0.021042084168336674,-0.16690044965236606,stable,-0.0014315355598282231,0.012424951558233189
T23,0.021042084168336674,-2.974692203937427,unstable,-0.0014315355598282231,0.012424951558233189
T23,0.021142284569138275,-0.1649643320666181,stable,-0.0014315355598282231,0.012424951558233189
T23,0.021142284569138275,-2.976628321523175,unstable,-0.0014315355598282231,0.012424951558233189
T23,0.02124248496993988,-0.1630728204606564,stable,-0.0014315355598282231,0.012424951558233189
T23,0.02124248496993988,-2.9785198331291367,unstable,-0.0014315355598282231,0.012424951558233189
T23,0.021342685370741483,-0.16122438407327344,stable,-0.0014315355598282231,0.012424951558233189
T23,0.021342685370741483,-2.9803682695165197,unstable,-0.0014315355598282231,0.012424951558233189
T23,0.021442885771543085,-0.15941756169753019,stable,-0.0014315355598282231,0.012424951558233189
T23,0.021442885771543085,-2.9821750918922625,unstable,-0.0014315355598282231,0.012424951558233189
T23,0.02154308617234469,-0.15765095775781734,stable,-0.0014315355598282231,0.012424951558233189
T23,0.02154308617234469,-2.9839416958319758,unstable,-0.0014315355598282231,0.012424951558233189
T23,0.021643286573146292,-0.15592323865056823,stable,-0.0014315355598282231,0.012424951558233189
T23,0.021643286573146292,-2.985669414939225,unstable,-0.0014315355598282231,0.012424951558233189
T23,0.021743486973947897,-0.15423312932810251,stable,-0.0014315355598282231,0.012424951558233189
T23,0.021743486973947897,-2.9873595242616906,unstable,-0.0014315355598282231,0.012424951558233189
T23,0.0218436873747495,-0.15257941010688203,stable,-0.0014315355598282231,0.012424951558233189
T23,0.0218436873747495,-2.989013243482911,unstable,-0.0014315355598282231,0.012424951558233189
T23,0.0219438877755511,-0.15096091368309805,stable,-0.0014315355598282231,0.012424951558233189
T23,0.0219438877755511,-2.9906317399066946,unstable,-0.0014315355598282231,0.012424951558233189
T23,0.022044088176352707,-0.1493765223399901,stable,-0.0014315355598282231,0.012424951558233189
T23,0.022044088176352707,-2.992216131249803,unstable,-0.0014315355598282231,0.012424951558233189
T23,0.02214428857715431,-0.14782516533261614,stable,-0.0014315355598282231,0.012424951558233189
T23,0.02214428857715431,-2.993767488257177,unstable,-0.0014315355598282231,0.012424951558233189
T23,0.02224448897795591,-0.14630581643702145,stable,-0.0014315355598282231,0.012424951558233189
T23,0.02224448897795591,-2.995286837152772,unstable,-0.0014315355598282231,0.012424951558233189
T23,0.022344689378757516,-0.144817491651815,stable,-0.0014315355598282231,0.012424951558233189
T23,0.022344689378757516,-2.996775161937978,unstable,-0.0014315355598282231,0.012424951558233189
T23,0.022444889779559118,-0.14335924704118863,stable,-0.0014315355598282231,0.012424951558233189
T23,0.022444889779559118,-2.9982334065486045,unstable,-0.0014315355598282231,0.012424951558233189
T23,0.02254509018036072,-0.141930176709276,stable,-0.0014315355598282231,0.012424951558233189
T23,0.02254509018036072,-2.999662476880517,unstable,-0.0014315355598282231,0.012424951558233189
T23,0.022645290581162325,-0.140529410896594,stable,-0.0014315355598282231,0.012424951558233189
T23,0.022645290581162325,-3.001063242693199,unstable,-0.0014315355598282231,0.012424951558233189
T23,0.022745490981963927,-0.13915611419003504,stable,-0.0014315355598282231,0.012424951558233189
T23,0.022745490981963927,-3.002436539399758,unstable,-0.0014315355598282231,0.012424951558233189
T23,0.022845691382765532,-0.13780948383856417,stable,-0.0014315355598282231,0.012424951558233189
T23,0.022845691382765532,-3.0037831697512285,unstable,-0.0014315355598282231,0.012424951558233189
T23,0.022945891783567134,-0.13648874816737644,stable,-0.0014315355598282231,0.012424951558233189
T23,0.022945891783567134,-3.0051039054224162,unstable,-0.0014315355598282231,0.012424951558233189
T23,0.023046092184368736,-0.1351931650838587,stable,-0.0014315355598282231,0.012424951558233189
T23,0.023046092184368736,-3.0063994885059344,unstable,-0.0014315355598282231,0.012424951558233189
T23,0.02314629258517034,-0.13392202066918024,stable,-0.0014315355598282231,0.012424951558233189
T23,0.02314629258517034,-3.007670632920613,unstable,-0.0014315355598282231,0.012424951558233189
T23,0.023246492985971944,-0.13267462784983497,stable,-0.0014315355598282231,0.012424951558233189
T23,0.023246492985971944,-3.008918025739958,unstable,-0.0014315355598282231,0.012424951558233189
T23,0.023346693386773545,-0.13145032514386923,stable,-0.0014315355598282231,0.012424951558233189
T23,0.023346693386773545,-3.010142328445924,unstable,-0.0014315355598282231,0.012424951558233189
T23,0.02344689378757515,-0.13024847547692708,stable,-0.0014315355598282231,0.012424951558233189
T23,0.02344689378757515,-3.011344178112866,unstable,-0.0014315355598282231,0.012424951558233189
T23,0.023547094188376753,-0.12906846506361003,stable,-0.0014315355598282231,0.012424951558233189
T23,0.023547094188376753,-3.012524188526183,unstable,-0.0014315355598282231,0.012424951558233189
T23,0.023647294589178358,-0.12790970234996868,stable,-0.0014315355598282231,0.012424951558233189
T23,0.023647294589178358,-3.013682951239824,unstable,-0.0014315355598282231,0.012424951558233189
T23,0.02374749498997996,-0.12677161701326067,stable,-0.0014315355598282231,0.012424951558233189
T23,0.02374749498997996,-3.0148210365765324,unstable,-0.0014315355598282231,0.012424951558233189
T23,0.023847695390781562,-0.1256536590153714,stable,-0.0014315355598282231,0.012424951558233189
T23,0.023847695390781562,-3.0159389945744213,unstable,-0.0014315355598282231,0.012424951558233189
T23,0.023947895791583167,-0.12455529770656604,stable,-0.0014315355598282231,0.012424951558233189
T23,0.023947895791583167,-3.017037355883227,unstable,-0.0014315355598282231,0.012424951558233189
T23,0.02404809619238477,-0.12347602097646648,stable,-0.0014315355598282231,0.012424951558233189
T23,0.02404809619238477,-3.018116632613326,unstable,-0.0014315355598282231,0.012424951558233189
T23,0.02414829659318637,-0.1224153344493688,stable,-0.0014315355598282231,0.012424951558233189
T23,0.02414829659318637,-3.0191773191404243,unstable,-0.0014315355598282231,0.012424951558233189
T23,0.024248496993987977,-0.12137276072121805,stable,-0.0014315355598282231,0.012424951558233189
T23,0.024248496993987977,-3.0202198928685746,unstable,-0.0014315355598282231,0.012424951558233189
T23,0.02434869739478958,-0.12034783863573573,stable,-0.0014315355598282231,0.012424951558233189
T23,0.02434869739478958,-3.0212448149540574,unstable,-0.0014315355598282231,0.012424951558233189
T23,0.024448897795591184,-0.1193401225973747,stable,-0.0014315355598282231,0.012424951558233189
T23,0.024448897795591184,-3.022252530992418,unstable,-0.0014315355598282231,0.012424951558233189
T23,0.024549098196392786,-0.11834918191892596,stable,-0.0014315355598282231,0.012424951558233189
T23,0.024549098196392786,-3.0232434716708667,unstable,-0.0014315355598282231,0.012424951558233189
T23,0.024649298597194388,-0.11737460020175128,stable,-0.0014315355598282231,0.012424951558233189
T23,0.024649298597194388,-3.024218053388042,unstable,-0.0014315355598282231,0.012424951558233189
T23,0.024749498997995993,-0.11641597474674947,stable,-0.0014315355598282231,0.012424951558233189
T23,0.024749498997995993,-3.025176678843044,unstable,-0.0014315355598282231,0.012424951558233189
T23,0.024849699398797595,-0.1154729159942911,stable,-0.0014315355598282231,0.012424951558233189
T23,0.024849699398797595,-3.0261197375955025,unstable,-0.0014315355598282231,0.012424951558233189
T23,0.024949899799599197,-0.11454504699146373,stable,-0.0014315355598282231,0.012424951558233189
T23,0.024949899799599197,-3.0270476065983294,unstable,-0.0014315355598282231,0.012424951558233189
T23,0.025050100200400802,-0.11363200288508768,stable,-0.0014315355598282231,0.012424951558233189
T23,0.025050100200400802,-3.0279606507047054,unstable,-0.0014315355598282231,0.012424951558233189
T23,0.025150300601202404,-0.11273343043905992,stable,-0.0014315355598282231,0.012424951558233189
T23,0.025150300601202404,-3.028859223150733,unstable,-0.0014315355598282231,0.012424951558233189
T23,0.02525050100200401,-0.11184898757466,stable,-0.0014315355598282231,0.012424951558233189
T23,0.02525050100200401,-3.0297436660151327,unstable,-0.0014315355598282231,0.012424951558233189
T23,0.02535070140280561,-0.11097834293256348,stable,-0.0014315355598282231,0.012424951558233189
T23,0.02535070140280561,-3.0306143106572296,unstable,-0.0014315355598282231,0.012424951558233189
T23,0.025450901803607213,-0.11012117545536837,stable,-0.0014315355598282231,0.012424951558233189
T23,0.025450901803607213,-3.0314714781344243,unstable,-0.0014315355598282231,0.012424951558233189
T23,0.02555110220440882,-0.10927717398951975,stable,-0.0014315355598282231,0.012424951558233189
T23,0.02555110220440882,-3.032315479600273,unstable,-0.0014315355598282231,0.012424951558233189
T23,0.02565130260521042,-0.10844603690558641,stable,-0.0014315355598282231,0.012424951558233189
T23,0.02565130260521042,-3.0331466166842063,unstable,-0.0014315355598282231,0.012424951558233189
T23,0.025751503006012023,-0.1076274717359138,stable,-0.0014315355598282231,0.012424951558233189
T23,0.025751503006012023,-3.0339651818538798,unstable,-0.0014315355598282231,0.012424951558233189
T23,0.025851703406813628,-0.10682119482872077,stable,-0.0014315355598282231,0.012424951558233189
T23,0.025851703406813628,-3.034771458761073,unstable,-0.0014315355598282231,0.012424951558233189
T23,0.02595190380761523,-0.10602693101778593,stable,-0.0014315355598282231,0.012424951558233189
T23,0.02595190380761523,-3.0355657225720076,unstable,-0.0014315355598282231,0.012424951558233189
T23,0.026052104208416832,-0.10524441330689749,stable,-0.0014315355598282231,0.012424951558233189
T23,0.026052104208416832,-3.036348240282896,unstable,-0.0014315355598282231,0.012424951558233189
T23,0.026152304609218437,-0.10447338256831085,stable,-0.0014315355598282231,0.012424951558233189
T23,0.026152304609218437,-3.0371192710214823,unstable,-0.0014315355598282231,0.012424951558233189
T23,0.02625250501002004,-0.10371358725448454,stable,-0.0014315355598282231,0.012424951558233189
T23,0.02625250501002004,-3.037879066335309,unstable,-0.0014315355598282231,0.012424951558233189
T23,0.026352705410821645,-0.1029647831224203,stable,-0.0014315355598282231,0.012424951558233189
T23,0.026352705410821645,-3.038627870467373,unstable,-0.0014315355598282231,0.012424951558233189
T23,0.026452905811623247,-0.10222673296996776,stable,-0.0014315355598282231,0.012424951558233189
T23,0.026452905811623247,-3.039365920619826,unstable,-0.0014315355598282231,0.012424951558233189
T23,0.02655310621242485,-0.1014992063834903,stable,-0.0014315355598282231,0.012424951558233189
T23,0.02655310621242485,-3.040093447206303,unstable,-0.0014315355598282231,0.012424951558233189
T23,0.026653306613226454,-0.10078197949632273,stable,-0.0014315355598282231,0.012424951558233189
T23,0.026653306613226454,-3.0408106740934704,unstable,-0.0014315355598282231,0.012424951558233189
T23,0.026753507014028056,-0.10007483475748868,stable,-0.0014315355598282231,0.012424951558233189
T23,0.026753507014028056,-3.041517818832304,unstable,-0.0014315355598282231,0.012424951558233189
T23,0.026853707414829658,-0.09937756071016857,stable,-0.0014315355598282231,0.012424951558233189
T23,0.026853707414829658,-3.0422150928796245,unstable,-0.0014315355598282231,0.012424951558233189
T23,0.026953907815631263,-0.09868995177944395,stable,-0.0014315355598282231,0.012424951558233189
T23,0.026953907815631263,-3.042902701810349,unstable,-0.0014315355598282231,0.012424951558233189
T23,0.027054108216432865,-0.09801180806886345,stable,-0.0014315355598282231,0.012424951558233189
T23,0.027054108216432865,-3.04358084552093,unstable,-0.0014315355598282231,0.012424951558233189
T23,0.02715430861723447,-0.09734293516541159,stable,-0.0014315355598282231,0.012424951558233189
T23,0.02715430861723447,-3.044249718424382,unstable,-0.0014315355598282231,0.012424951558233189
T23,0.027254509018036072,-0.09668314395246957,stable,-0.0014315355598282231,0.012424951558233189
T23,0.027254509018036072,-3.044909509637323,unstable,-0.0014315355598282231,0.012424951558233189
T23,0.027354709418837674,-0.09603225043039476,stable,-0.0014315355598282231,0.012424951558233189
T23,0.027354709418837674,-3.0455604031593984,unstable,-0.0014315355598282231,0.012424951558233189
T23,0.02745490981963928,-0.09539007554435308,stable,-0.0014315355598282231,0.012424951558233189
T23,0.02745490981963928,-3.04620257804544,unstable,-0.0014315355598282231,0.012424951558233189
T23,0.02755511022044088,-0.09475644501907077,stable,-0.0014315355598282231,0.012424951558233189
T23,0.02755511022044088,-3.0468362085707223,unstable,-0.0014315355598282231,0.012424951558233189
T23,0.027655310621242483,-0.0941311892001746,stable,-0.0014315355598282231,0.012424951558233189
T23,0.027655310621242483,-3.0474614643896185,unstable,-0.0014315355598282231,0.012424951558233189
T23,0.02775551102204409,-0.09351414290182314,stable,-0.0014315355598282231,0.012424951558233189
T23,0.02775551102204409,-3.0480785106879704,unstable,-0.0014315355598282231,0.012424951558233189
T23,0.02785571142284569,-0.092905145260334,stable,-0.0014315355598282231,0.012424951558233189
T23,0.02785571142284569,-3.0486875083294596,unstable,-0.0014315355598282231,0.012424951558233189
T23,0.027955911823647296,-0.09230403959353728,stable,-0.0014315355598282231,0.012424951558233189
T23,0.027955911823647296,-3.0492886139962554,unstable,-0.0014315355598282231,0.012424951558233189
T23,0.028056112224448898,-0.09171067326559212,stable,-0.0014315355598282231,0.012424951558233189
T23,0.028056112224448898,-3.0498819803242014,unstable,-0.0014315355598282231,0.012424951558233189
T23,0.0281563126252505,-0.09112489755702047,stable,-0.0014315355598282231,0.012424951558233189
T23,0.0281563126252505,-3.0504677560327726,unstable,-0.0014315355598282231,0.012424951558233189
T23,0.028256513026052105,-0.09054656753972834,stable,-0.0014315355598282231,0.012424951558233189
T23,0.028256513026052105,-3.0510460860500643,unstable,-0.0014315355598282231,0.012424951558233189
T23,0.028356713426853707,-0.08997554195678603,stable,-0.0014315355598282231,0.012424951558233189
T23,0.028356713426853707,-3.051617111633007,unstable,-0.0014315355598282231,0.012424951558233189
T23,0.02845691382765531,-0.08941168310676062,stable,-0.0014315355598282231,0.012424951558233189
T23,0.02845691382765531,-3.0521809704830325,unstable,-0.0014315355598282231,0.012424951558233189
T23,0.028557114228456915,-0.0888548567324019,stable,-0.0014315355598282231,0.012424951558233189
T23,0.028557114228456915,-3.052737796857391,unstable,-0.0014315355598282231,0.012424951558233189
T23,0.028657314629258517,-0.08830493191348765,stable,-0.0014315355598282231,0.012424951558233189
T23,0.028657314629258517,-3.0532877216763055,unstable,-0.0014315355598282231,0.012424951558233189
T23,0.028757515030060122,-0.08776178096365062,stable,-0.0014315355598282231,0.012424951558233189
T23,0.028757515030060122,-3.0538308726261425,unstable,-0.0014315355598282231,0.012424951558233189
T23,0.028857715430861724,-0.08722527933101576,stable,-0.0014315355598282231,0.012424951558233189
T23,0.028857715430861724,-3.054367374258778,unstable,-0.0014315355598282231,0.012424951558233189
T23,0.028957915831663326,-0.08669530550248128,stable,-0.0014315355598282231,0.012424951558233189
T23,0.028957915831663326,-3.0548973480873123,unstable,-0.0014315355598282231,0.012424951558233189
T23,0.02905811623246493,-0.08617174091149149,stable,-0.0014315355598282231,0.012424951558233189
T23,0.02905811623246493,-3.0554209126783016,unstable,-0.0014315355598282231,0.012424951558233189
T23,0.029158316633266533,-0.08565446984915326,stable,-0.0014315355598282231,0.012424951558233189
T23,0.029158316633266533,-3.05593818374064,unstable,-0.0014315355598282231,0.012424951558233189
T23,0.029258517034068135,-0.08514337937855254,stable,-0.0014315355598282231,0.012424951558233189
T23,0.029258517034068135,-3.056449274211241,unstable,-0.0014315355598282231,0.012424951558233189
T23,0.02935871743486974,-0.0846383592521418,stable,-0.0014315355598282231,0.012424951558233189
T23,0.02935871743486974,-3.0569542943376513,unstable,-0.0014315355598282231,0.012424951558233189
T23,0.029458917835671342,-0.08413930183206464,stable,-0.0014315355598282231,0.012424951558233189
T23,0.029458917835671342,-3.0574533517577285,unstable,-0.0014315355598282231,0.012424951558233189
T23,0.029559118236472944,-0.08364610201330258,stable,-0.0014315355598282231,0.012424951558233189
T23,0.029559118236472944,-3.0579465515764905,unstable,-0.0014315355598282231,0.012424951558233189
T23,0.02965931863727455,-0.08315865714952331,stable,-0.0014315355598282231,0.012424951558233189
T23,0.02965931863727455,-3.05843399644027,unstable,-0.0014315355598282231,0.012424951558233189
T23,0.02975951903807615,-0.08267686698152321,stable,-0.0014315355598282231,0.012424951558233189
T23,0.02975951903807615,-3.05891578660827,unstable,-0.0014315355598282231,0.012424951558233189
T23,0.029859719438877757,-0.0822006335681551,stable,-0.0014315355598282231,0.012424951558233189
T23,0.029859719438877757,-3.0593920200216385,unstable,-0.0014315355598282231,0.012424951558233189
T23,0.02995991983967936,-0.08172986121964554,stable,-0.0014315355598282231,0.012424951558233189
T23,0.02995991983967936,-3.059862792370147,unstable,-0.0014315355598282231,0.012424951558233189
T23,0.03006012024048096,-0.08126445643320235,stable,-0.0014315355598282231,0.012424951558233189
T23,0.03006012024048096,-3.0603281971565908,unstable,-0.0014315355598282231,0.012424951558233189
T23,0.030160320641282566,-0.08080432783082259,stable,-0.0014315355598282231,0.012424951558233189
T23,0.030160320641282566,-3.0607883257589705,unstable,-0.0014315355598282231,0.012424951558233189
T23,0.030260521042084168,-0.08034938609921172,stable,-0.0014315355598282231,0.012424951558233189
T23,0.030260521042084168,-3.061243267490582,unstable,-0.0014315355598282231,0.012424951558233189
T23,0.03036072144288577,-0.07989954393173315,stable,-0.0014315355598282231,0.012424951558233189
T23,0.03036072144288577,-3.0616931096580604,unstable,-0.0014315355598282231,0.012424951558233189
T23,0.030460921843687375,-0.07945471597230913,stable,-0.0014315355598282231,0.012424951558233189
T23,0.030460921843687375,-3.062137937617484,unstable,-0.0014315355598282231,0.012424951558233189
T23,0.030561122244488977,-0.07901481876119121,stable,-0.0014315355598282231,0.012424951558233189
T23,0.030561122244488977,-3.062577834828602,unstable,-0.0014315355598282231,0.012424951558233189
T23,0.030661322645290583,-0.07857977068253463,stable,-0.0014315355598282231,0.012424951558233189
T23,0.030661322645290583,-3.063012882907259,unstable,-0.0014315355598282231,0.012424951558233189
T23,0.030761523046092185,-0.07814949191370513,stable,-0.0014315355598282231,0.012424951558233189
T23,0.030761523046092185,-3.063443161676088,unstable,-0.0014315355598282231,0.012424951558233189
T23,0.030861723446893786,-0.0777239043762461,stable,-0.0014315355598282231,0.012424951558233189
T23,0.030861723446893786,-3.0638687492135475,unstable,-0.0014315355598282231,0.012424951558233189
T23,0.030961923847695392,-0.07730293168845348,stable,-0.0014315355598282231,0.012424951558233189
T23,0.030961923847695392,-3.064289721901339,unstable,-0.0014315355598282231,0.012424951558233189
T23,0.031062124248496994,-0.07688649911948664,stable,-0.0014315355598282231,0.012424951558233189
T23,0.031062124248496994,-3.064706154470306,unstable,-0.0014315355598282231,0.012424951558233189
T23,0.031162324649298596,-0.07647453354496259,stable,-0.0014315355598282231,0.012424951558233189
T23,0.031162324649298596,-3.065118120044831,unstable,-0.0014315355598282231,0.012424951558233189
T23,0.0312625250501002,-0.07606696340398145,stable,-0.0014315355598282231,0.012424951558233189
T23,0.0312625250501002,-3.0655256901858117,unstable,-0.0014315355598282231,0.012424951558233189
T23,0.0313627254509018,-0.07566371865751886,stable,-0.0014315355598282231,0.012424951558233189
T23,0.0313627254509018,-3.0659289349322743,unstable,-0.0014315355598282231,0.012424951558233189
T23,0.031462925851703405,-0.0752647307481471,stable,-0.0014315355598282231,0.012424951558233189
T23,0.031462925851703405,-3.066327922841646,unstable,-0.0014315355598282231,0.012424951558233189
T23,0.03156312625250501,-0.07486993256102581,stable,-0.0014315355598282231,0.012424951558233189
T23,0.03156312625250501,-3.0667227210287678,unstable,-0.0014315355598282231,0.012424951558233189
T23,0.031663326653306616,-0.0744792583861229,stable,-0.0014315355598282231,0.012424951558233189
T23,0.031663326653306616,-3.0671133952036698,unstable,-0.0014315355598282231,0.012424951558233189
T23,0.03176352705410822,-0.07409264388161585,stable,-0.0014315355598282231,0.012424951558233189
T23,0.03176352705410822,-3.0675000097081773,unstable,-0.0014315355598282231,0.012424951558233189
T23,0.03186372745490982,-0.07371002603843291,stable,-0.0014315355598282231,0.012424951558233189
T23,0.03186372745490982,-3.06788262755136,unstable,-0.0014315355598282231,0.012424951558233189
T23,0.03196392785571142,-0.07333134314589218,stable,-0.0014315355598282231,0.012424951558233189
T23,0.03196392785571142,-3.0682613104439014,unstable,-0.0014315355598282231,0.012424951558233189
T23,0.03206412825651302,-0.07295653475839892,stable,-0.0014315355598282231,0.012424951558233189
T23,0.03206412825651302,-3.068636118831394,unstable,-0.0014315355598282231,0.012424951558233189
T23,0.03216432865731463,-0.07258554166316555,stable,-0.0014315355598282231,0.012424951558233189
T23,0.03216432865731463,-3.069007111926627,unstable,-0.0014315355598282231,0.012424951558233189
T23,0.032264529058116234,-0.07221830584891187,stable,-0.0014315355598282231,0.012424951558233189
T23,0.032264529058116234,-3.0693743477408812,unstable,-0.0014315355598282231,0.012424951558233189
T23,0.032364729458917836,-0.07185477047551903,stable,-0.0014315355598282231,0.012424951558233189
T23,0.032364729458917836,-3.069737883114274,unstable,-0.0014315355598282231,0.012424951558233189
T23,0.03246492985971944,-0.07149487984459757,stable,-0.0014315355598282231,0.012424951558233189
T23,0.03246492985971944,-3.0700977737451955,unstable,-0.0014315355598282231,0.012424951558233189
T23,0.03256513026052104,-0.07113857937093826,stable,-0.0014315355598282231,0.012424951558233189
T23,0.03256513026052104,-3.070454074218855,unstable,-0.0014315355598282231,0.012424951558233189
T23,0.03266533066132264,-0.07078581555481955,stable,-0.0014315355598282231,0.012424951558233189
T23,0.03266533066132264,-3.070806838034974,unstable,-0.0014315355598282231,0.012424951558233189
T23,0.03276553106212425,-0.0704365359551331,stable,-0.0014315355598282231,0.012424951558233189
T23,0.03276553106212425,-3.0711561176346596,unstable,-0.0014315355598282231,0.012424951558233189
T23,0.03286573146292585,-0.07009068916330996,stable,-0.0014315355598282231,0.012424951558233189
T23,0.03286573146292585,-3.071501964426483,unstable,-0.0014315355598282231,0.012424951558233189
T23,0.032965931863727455,-0.06974822477800924,stable,-0.0014315355598282231,0.012424951558233189
T23,0.032965931863727455,-3.071844428811784,unstable,-0.0014315355598282231,0.012424951558233189
T23,0.033066132264529056,-0.06940909338055246,stable,-0.0014315355598282231,0.012424951558233189
T23,0.033066132264529056,-3.0721835602092407,unstable,-0.0014315355598282231,0.012424951558233189
T23,0.03316633266533066,-0.06907324651107283,stable,-0.0014315355598282231,0.012424951558233189
T23,0.03316633266533066,-3.0725194070787207,unstable,-0.0014315355598282231,0.012424951558233189
T23,0.03326653306613227,-0.06874063664535246,stable,-0.0014315355598282231,0.012424951558233189
T23,0.03326653306613227,-3.0728520169444407,unstable,-0.0014315355598282231,0.012424951558233189
T23,0.03336673346693387,-0.06841121717233589,stable,-0.0014315355598282231,0.012424951558233189
T23,0.03336673346693387,-3.073181436417457,unstable,-0.0014315355598282231,0.012424951558233189
T23,0.03346693386773547,-0.0680849423722818,stable,-0.0014315355598282231,0.012424951558233189
T23,0.03346693386773547,-3.073507711217511,unstable,-0.0014315355598282231,0.012424951558233189
T23,0.03356713426853707,-0.06776176739554485,stable,-0.0014315355598282231,0.012424951558233189
T23,0.03356713426853707,-3.073830886194248,unstable,-0.0014315355598282231,0.012424951558233189
T23,0.033667334669338675,-0.0674416482419593,stable,-0.0014315355598282231,0.012424951558233189
T23,0.033667334669338675,-3.074151005347834,unstable,-0.0014315355598282231,0.012424951558233189
T23,0.033767535070140284,-0.06712454174080573,stable,-0.0014315355598282231,0.012424951558233189
T23,0.033767535070140284,-3.0744681118489874,unstable,-0.0014315355598282231,0.012424951558233189
T23,0.033867735470941886,-0.06681040553134387,stable,-0.0014315355598282231,0.012424951558233189
T23,0.033867735470941886,-3.0747822480584492,unstable,-0.0014315355598282231,0.012424951558233189
T23,0.03396793587174349,-0.06649919804389048,stable,-0.0014315355598282231,0.012424951558233189
T23,0.03396793587174349,-3.075093455545902,unstable,-0.0014315355598282231,0.012424951558233189
T23,0.03406813627254509,-0.06619087848142735,stable,-0.0014315355598282231,0.012424951558233189
T23,0.03406813627254509,-3.075401775108366,unstable,-0.0014315355598282231,0.012424951558233189
T23,0.03416833667334669,-0.06588540680171784,stable,-0.0014315355598282231,0.012424951558233189
T23,0.03416833667334669,-3.0757072467880757,unstable,-0.0014315355598282231,0.012424951558233189
T23,0.03426853707414829,-0.06558274369991945,stable,-0.0014315355598282231,0.012424951558233189
T23,0.03426853707414829,-3.0760099098898737,unstable,-0.0014315355598282231,0.012424951558233189
T23,0.0343687374749499,-0.06528285059167738,stable,-0.0014315355598282231,0.012424951558233189
T23,0.0343687374749499,-3.076309802998116,unstable,-0.0014315355598282231,0.012424951558233189
T23,0.034468937875751504,-0.06498568959667583,stable,-0.0014315355598282231,0.012424951558233189
T23,0.034468937875751504,-3.0766069639931173,unstable,-0.0014315355598282231,0.012424951558233189
T23,0.034569138276553106,-0.06469122352264511,stable,-0.0014315355598282231,0.012424951558233189
T23,0.034569138276553106,-3.0769014300671476,unstable,-0.0014315355598282231,0.012424951558233189
T23,0.03466933867735471,-0.06439941584979758,stable,-0.0014315355598282231,0.012424951558233189
T23,0.03466933867735471,-3.077193237739996,unstable,-0.0014315355598282231,0.012424951558233189
T23,0.03476953907815631,-0.06411023071568689,stable,-0.0014315355598282231,0.012424951558233189
T23,0.03476953907815631,-3.0774824228741062,unstable,-0.0014315355598282231,0.012424951558233189
T23,0.03486973947895792,-0.06382363290047444,stable,-0.0014315355598282231,0.012424951558233189
T23,0.03486973947895792,-3.0777690206893187,unstable,-0.0014315355598282231,0.012424951558233189
T23,0.03496993987975952,-0.06353958781259106,stable,-0.0014315355598282231,0.012424951558233189
T23,0.03496993987975952,-3.078053065777202,unstable,-0.0014315355598282231,0.012424951558233189
T23,0.03507014028056112,-0.0632580614747793,stable,-0.0014315355598282231,0.012424951558233189
T23,0.03507014028056112,-3.078334592115014,unstable,-0.0014315355598282231,0.012424951558233189
T23,0.035170340681362725,-0.06297902051050919,stable,-0.0014315355598282231,0.012424951558233189
T23,0.035170340681362725,-3.078613633079284,unstable,-0.0014315355598282231,0.012424951558233189
T23,0.035270541082164326,-0.06270243213075011,stable,-0.0014315355598282231,0.012424951558233189
T23,0.035270541082164326,-3.0788902214590426,unstable,-0.0014315355598282231,0.012424951558233189
T23,0.03537074148296593,-0.06242826412109448,stable,-0.0014315355598282231,0.012424951558233189
T23,0.03537074148296593,-3.0791643894686986,unstable,-0.0014315355598282231,0.012424951558233189
T23,0.03547094188376754,-0.062156484829214875,stable,-0.0014315355598282231,0.012424951558233189
T23,0.03547094188376754,-3.0794361687605782,unstable,-0.0014315355598282231,0.012424951558233189
T23,0.03557114228456914,-0.06188706315265069,stable,-0.0014315355598282231,0.012424951558233189
T23,0.03557114228456914,-3.0797055904371424,unstable,-0.0014315355598282231,0.012424951558233189
T23,0.03567134268537074,-0.061619968526913205,stable,-0.0014315355598282231,0.012424951558233189
T23,0.03567134268537074,-3.07997268506288,unstable,-0.0014315355598282231,0.012424951558233189
T23,0.03577154308617234,-0.06135517091389575,stable,-0.0014315355598282231,0.012424951558233189
T23,0.03577154308617234,-3.080237482675898,unstable,-0.0014315355598282231,0.012424951558233189
T23,0.035871743486973945,-0.061092640790583186,stable,-0.0014315355598282231,0.012424951558233189
T23,0.035871743486973945,-3.0805000127992095,unstable,-0.0014315355598282231,0.012424951558233189
T23,0.035971943887775554,-0.0608323491380518,stable,-0.0014315355598282231,0.012424951558233189
T23,0.035971943887775554,-3.0807603044517418,unstable,-0.0014315355598282231,0.012424951558233189
T23,0.036072144288577156,-0.06057426743075034,stable,-0.0014315355598282231,0.012424951558233189
T23,0.036072144288577156,-3.0810183861590428,unstable,-0.0014315355598282231,0.012424951558233189
T23,0.03617234468937876,-0.06031836762605103,stable,-0.0014315355598282231,0.012424951558233189
T23,0.03617234468937876,-3.081274285963742,unstable,-0.0014315355598282231,0.012424951558233189
T23,0.03627254509018036,-0.06006462215406794,stable,-0.0014315355598282231,0.012424951558233189
T23,0.03627254509018036,-3.0815280314357256,unstable,-0.0014315355598282231,0.012424951558233189
T23,0.03637274549098196,-0.05981300390773159,stable,-0.0014315355598282231,0.012424951558233189
T23,0.03637274549098196,-3.081779649682062,unstable,-0.0014315355598282231,0.012424951558233189
T23,0.03647294589178357,-0.05956348623311092,stable,-0.0014315355598282231,0.012424951558233189
T23,0.03647294589178357,-3.0820291673566818,unstable,-0.0014315355598282231,0.012424951558233189
T23,0.03657314629258517,-0.059316042919979495,stable,-0.0014315355598282231,0.012424951558233189
T23,0.03657314629258517,-3.0822766106698136,unstable,-0.0014315355598282231,0.012424951558233189
T23,0.036673346693386774,-0.059070648192613984,stable,-0.0014315355598282231,0.012424951558233189
T23,0.036673346693386774,-3.0825220053971787,unstable,-0.0014315355598282231,0.012424951558233189
T23,0.036773547094188376,-0.05882727670082444,stable,-0.0014315355598282231,0.012424951558233189
T23,0.036773547094188376,-3.0827653768889682,unstable,-0.0014315355598282231,0.012424951558233189
T23,0.03687374749498998,-0.058585903511203075,stable,-0.0014315355598282231,0.012424951558233189
T23,0.03687374749498998,-3.0830067500785905,unstable,-0.0014315355598282231,0.012424951558233189
T23,0.03697394789579158,-0.058346504098587104,stable,-0.0014315355598282231,0.012424951558233189
T23,0.03697394789579158,-3.083246149491206,unstable,-0.0014315355598282231,0.012424951558233189
T23,0.03707414829659319,-0.05810905433773694,stable,-0.0014315355598282231,0.012424951558233189
T23,0.03707414829659319,-3.083483599252056,unstable,-0.0014315355598282231,0.012424951558233189
T23,0.03717434869739479,-0.05787353049520805,stable,-0.0014315355598282231,0.012424951558233189
T23,0.03717434869739479,-3.0837191230945855,unstable,-0.0014315355598282231,0.012424951558233189
T23,0.03727454909819639,-0.0576399092214297,stable,-0.0014315355598282231,0.012424951558233189
T23,0.03727454909819639,-3.0839527443683634,unstable,-0.0014315355598282231,0.012424951558233189
T23,0.037374749498997994,-0.05740816754296629,stable,-0.0014315355598282231,0.012424951558233189
T23,0.037374749498997994,-3.0841844860468264,unstable,-0.0014315355598282231,0.012424951558233189
T23,0.037474949899799596,-0.05717828285497495,stable,-0.0014315355598282231,0.012424951558233189
T23,0.037474949899799596,-3.0844143707348177,unstable,-0.0014315355598282231,0.012424951558233189
T23,0.037575150300601205,-0.05695023291383361,stable,-0.0014315355598282231,0.012424951558233189
T23,0.037575150300601205,-3.0846424206759595,unstable,-0.0014315355598282231,0.012424951558233189
T23,0.03767535070140281,-0.056723995829954355,stable,-0.0014315355598282231,0.012424951558233189
T23,0.03767535070140281,-3.0848686577598388,unstable,-0.0014315355598282231,0.012424951558233189
T23,0.03777555110220441,-0.056499550060761905,stable,-0.0014315355598282231,0.012424951558233189
T23,0.03777555110220441,-3.085093103529031,unstable,-0.0014315355598282231,0.012424951558233189
T23,0.03787575150300601,-0.056276874403841326,stable,-0.0014315355598282231,0.012424951558233189
T23,0.03787575150300601,-3.085315779185952,unstable,-0.0014315355598282231,0.012424951558233189
T23,0.03797595190380761,-0.05605594799024782,stable,-0.0014315355598282231,0.012424951558233189
T23,0.03797595190380761,-3.0855367055995453,unstable,-0.0014315355598282231,0.012424951558233189
T23,0.03807615230460922,-0.05583675027797064,stable,-0.0014315355598282231,0.012424951558233189
T23,0.03807615230460922,-3.0857559033118225,unstable,-0.0014315355598282231,0.012424951558233189
T23,0.038176352705410824,-0.05561926104555548,stable,-0.0014315355598282231,0.012424951558233189
T23,0.038176352705410824,-3.085973392544238,unstable,-0.0014315355598282231,0.012424951558233189
T23,0.038276553106212426,-0.05540346038587041,stable,-0.0014315355598282231,0.012424951558233189
T23,0.038276553106212426,-3.086189193203923,unstable,-0.0014315355598282231,0.012424951558233189
T23,0.03837675350701403,-0.05518932870002047,stable,-0.0014315355598282231,0.012424951558233189
T23,0.03837675350701403,-3.0864033248897726,unstable,-0.0014315355598282231,0.012424951558233189
T23,0.03847695390781563,-0.05497684669140135,stable,-0.0014315355598282231,0.012424951558233189
T23,0.03847695390781563,-3.0866158068983918,unstable,-0.0014315355598282231,0.012424951558233189
T23,0.03857715430861723,-0.05476599535989024,stable,-0.0014315355598282231,0.012424951558233189
T23,0.03857715430861723,-3.086826658229903,unstable,-0.0014315355598282231,0.012424951558233189
T23,0.03867735470941884,-0.05455675599617216,stable,-0.0014315355598282231,0.012424951558233189
T23,0.03867735470941884,-3.087035897593621,unstable,-0.0014315355598282231,0.012424951558233189
T23,0.03877755511022044,-0.05434911017619326,stable,-0.0014315355598282231,0.012424951558233189
T23,0.03877755511022044,-3.0872435434135994,unstable,-0.0014315355598282231,0.012424951558233189
T23,0.038877755511022044,-0.05414303975574253,stable,-0.0014315355598282231,0.012424951558233189
T23,0.038877755511022044,-3.0874496138340506,unstable,-0.0014315355598282231,0.012424951558233189
T23,0.038977955911823646,-0.05393852686515643,stable,-0.0014315355598282231,0.012424951558233189
T23,0.038977955911823646,-3.0876541267246367,unstable,-0.0014315355598282231,0.012424951558233189
T23,0.03907815631262525,-0.05373555390414353,stable,-0.0014315355598282231,0.012424951558233189
T23,0.03907815631262525,-3.0878570996856496,unstable,-0.0014315355598282231,0.012424951558233189
T23,0.03917835671342686,-0.053534103536723165,stable,-0.0014315355598282231,0.012424951558233189
T23,0.03917835671342686,-3.08805855005307,unstable,-0.0014315355598282231,0.012424951558233189
T23,0.03927855711422846,-0.05333415868628366,stable,-0.0014315355598282231,0.012424951558233189
T23,0.03927855711422846,-3.08825849490351,unstable,-0.0014315355598282231,0.012424951558233189
T23,0.03937875751503006,-0.053135702530743956,stable,-0.0014315355598282231,0.012424951558233189
T23,0.03937875751503006,-3.088456951059049,unstable,-0.0014315355598282231,0.012424951558233189
T23,0.03947895791583166,-0.05293871849782894,stable,-0.0014315355598282231,0.012424951558233189
T23,0.03947895791583166,-3.0886539350919637,unstable,-0.0014315355598282231,0.012424951558233189
T23,0.039579158316633264,-0.05274319026044694,stable,-0.0014315355598282231,0.012424951558233189
T23,0.039579158316633264,-3.088849463329346,unstable,-0.0014315355598282231,0.012424951558233189
T23,0.039679358717434866,-0.05254910173216931,stable,-0.0014315355598282231,0.012424951558233189
T23,0.039679358717434866,-3.089043551857624,unstable,-0.0014315355598282231,0.012424951558233189
T23,0.039779559118236475,-0.05235643706281179,stable,-0.0014315355598282231,0.012424951558233189
T23,0.039779559118236475,-3.089236216526981,unstable,-0.0014315355598282231,0.012424951558233189
T23,0.03987975951903808,-0.05216518063410991,stable,-0.0014315355598282231,0.012424951558233189
T23,0.03987975951903808,-3.089427472955683,unstable,-0.0014315355598282231,0.012424951558233189
T23,0.03997995991983968,-0.05197531705549263,stable,-0.0014315355598282231,0.012424951558233189
T23,0.03997995991983968,-3.0896173365343005,unstable,-0.0014315355598282231,0.012424951558233189
T23,0.04008016032064128,-0.05178683115994387,stable,-0.0014315355598282231,0.012424951558233189
T23,0.04008016032064128,-3.089805822429849,unstable,-0.0014315355598282231,0.012424951558233189
T23,0.04018036072144288,-0.051599707999959055,stable,-0.0014315355598282231,0.012424951558233189
T23,0.04018036072144288,-3.0899929455898345,unstable,-0.0014315355598282231,0.012424951558233189
T23,0.04028056112224449,-0.05141393284358431,stable,-0.0014315355598282231,0.012424951558233189
T23,0.04028056112224449,-3.0901787207462093,unstable,-0.0014315355598282231,0.012424951558233189
T23,0.040380761523046094,-0.051229491170543984,stable,-0.0014315355598282231,0.012424951558233189
T23,0.040380761523046094,-3.0903631624192496,unstable,-0.0014315355598282231,0.012424951558233189
T23,0.040480961923847696,-0.0510463686684508,stable,-0.0014315355598282231,0.012424951558233189
T23,0.040480961923847696,-3.0905462849213423,unstable,-0.0014315355598282231,0.012424951558233189
T23,0.0405811623246493,-0.050864551229098165,stable,-0.0014315355598282231,0.012424951558233189
T23,0.0405811623246493,-3.0907281023606945,unstable,-0.0014315355598282231,0.012424951558233189
T23,0.0406813627254509,-0.050684024944827044,stable,-0.0014315355598282231,0.012424951558233189
T23,0.0406813627254509,-3.090908628644966,unstable,-0.0014315355598282231,0.012424951558233189
T23,0.04078156312625251,-0.05050477610497861,stable,-0.0014315355598282231,0.012424951558233189
T23,0.04078156312625251,-3.0910878774848145,unstable,-0.0014315355598282231,0.012424951558233189
T23,0.04088176352705411,-0.05032679119241168,stable,-0.0014315355598282231,0.012424951558233189
T23,0.04088176352705411,-3.091265862397382,unstable,-0.0014315355598282231,0.012424951558233189
T23,0.04098196392785571,-0.050150056880103655,stable,-0.0014315355598282231,0.012424951558233189
T23,0.04098196392785571,-3.0914425967096895,unstable,-0.0014315355598282231,0.012424951558233189
T23,0.041082164328657314,-0.049974560027814974,stable,-0.0014315355598282231,0.012424951558233189
T23,0.041082164328657314,-3.091618093561978,unstable,-0.0014315355598282231,0.012424951558233189
T23,0.041182364729458916,-0.04980028767882905,stable,-0.0014315355598282231,0.012424951558233189
T23,0.041182364729458916,-3.0917923659109636,unstable,-0.0014315355598282231,0.012424951558233189
T23,0.04128256513026052,-0.04962722705675704,stable,-0.0014315355598282231,0.012424951558233189
T23,0.04128256513026052,-3.0919654265330365,unstable,-0.0014315355598282231,0.012424951558233189
T23,0.04138276553106213,-0.04945536556241015,stable,-0.0014315355598282231,0.012424951558233189
T23,0.04138276553106213,-3.0921372880273825,unstable,-0.0014315355598282231,0.012424951558233189
T23,0.04148296593186373,-0.04928469077073849,stable,-0.0014315355598282231,0.012424951558233189
T23,0.04148296593186373,-3.0923079628190546,unstable,-0.0014315355598282231,0.012424951558233189
T23,0.04158316633266533,-0.04911519042782908,stable,-0.0014315355598282231,0.012424951558233189
T23,0.04158316633266533,-3.0924774631619645,unstable,-0.0014315355598282231,0.012424951558233189
T23,0.04168336673346693,-0.04894685244797081,stable,-0.0014315355598282231,0.012424951558233189
T23,0.04168336673346693,-3.0926458011418223,unstable,-0.0014315355598282231,0.012424951558233189
T23,0.041783567134268534,-0.048779664910775455,stable,-0.0014315355598282231,0.012424951558233189
T23,0.041783567134268534,-3.092812988679018,unstable,-0.0014315355598282231,0.012424951558233189
T23,0.04188376753507014,-0.04861361605836034,stable,-0.0014315355598282231,0.012424951558233189
T23,0.04188376753507014,-3.0929790375314328,unstable,-0.0014315355598282231,0.012424951558233189
T23,0.041983967935871745,-0.04844869429258747,stable,-0.0014315355598282231,0.012424951558233189
T23,0.041983967935871745,-3.0931439592972056,unstable,-0.0014315355598282231,0.012424951558233189
T23,0.04208416833667335,-0.048284888172356766,stable,-0.0014315355598282231,0.012424951558233189
T23,0.04208416833667335,-3.0933077654174364,unstable,-0.0014315355598282231,0.012424951558233189
T23,0.04218436873747495,-0.04812218641096022,stable,-0.0014315355598282231,0.012424951558233189
T23,0.04218436873747495,-3.0934704671788325,unstable,-0.0014315355598282231,0.012424951558233189
T23,0.04228456913827655,-0.04796057787348085,stable,-0.0014315355598282231,0.012424951558233189
T23,0.04228456913827655,-3.0936320757163127,unstable,-0.0014315355598282231,0.012424951558233189
T23,0.04238476953907815,-0.047800051574252045,stable,-0.0014315355598282231,0.012424951558233189
T23,0.04238476953907815,-3.093792602015541,unstable,-0.0014315355598282231,0.012424951558233189
T23,0.04248496993987976,-0.04764059667436138,stable,-0.0014315355598282231,0.012424951558233189
T23,0.04248496993987976,-3.093952056915432,unstable,-0.0014315355598282231,0.012424951558233189
T23,0.042585170340681364,-0.04748220247921031,stable,-0.0014315355598282231,0.012424951558233189
T23,0.042585170340681364,-3.0941104511105824,unstable,-0.0014315355598282231,0.012424951558233189
T23,0.042685370741482966,-0.047324858436117445,stable,-0.0014315355598282231,0.012424951558233189
T23,0.042685370741482966,-3.0942677951536757,unstable,-0.0014315355598282231,0.012424951558233189
T23,0.04278557114228457,-0.04716855413197063,stable,-0.0014315355598282231,0.012424951558233189
T23,0.04278557114228457,-3.0944240994578225,unstable,-0.0014315355598282231,0.012424951558233189
T23,0.04288577154308617,-0.04701327929092969,stable,-0.0014315355598282231,0.012424951558233189
T23,0.04288577154308617,-3.0945793742988634,unstable,-0.0014315355598282231,0.012424951558233189
T23,0.04298597194388778,-0.046859023772166886,stable,-0.0014315355598282231,0.012424951558233189
T23,0.04298597194388778,-3.0947336298176262,unstable,-0.0014315355598282231,0.012424951558233189
T23,0.04308617234468938,-0.04670577756765937,stable,-0.0014315355598282231,0.012424951558233189
T23,0.04308617234468938,-3.0948868760221337,unstable,-0.0014315355598282231,0.012424951558233189
T23,0.04318637274549098,-0.046553530800018894,stable,-0.0014315355598282231,0.012424951558233189
T23,0.04318637274549098,-3.0950391227897747,unstable,-0.0014315355598282231,0.012424951558233189
T23,0.043286573146292584,-0.04640227372036865,stable,-0.0014315355598282231,0.012424951558233189
T23,0.043286573146292584,-3.0951903798694245,unstable,-0.0014315355598282231,0.012424951558233189
T23,0.043386773547094186,-0.04625199670625779,stable,-0.0014315355598282231,0.012424951558233189
T23,0.043386773547094186,-3.0953406568835353,unstable,-0.0014315355598282231,0.012424951558233189
T23,0.043486973947895795,-0.04610269025961822,stable,-0.0014315355598282231,0.012424951558233189
T23,0.043486973947895795,-3.0954899633301753,unstable,-0.0014315355598282231,0.012424951558233189
T23,0.0435871743486974,-0.04595434500476214,stable,-0.0014315355598282231,0.012424951558233189
T23,0.0435871743486974,-3.0956383085850305,unstable,-0.0014315355598282231,0.012424951558233189
T23,0.043687374749499,-0.04580695168641302,stable,-0.0014315355598282231,0.012424951558233189
T23,0.043687374749499,-3.09578570190338,unstable,-0.0014315355598282231,0.012424951558233189
T23,0.0437875751503006,-0.04566050116778264,stable,-0.0014315355598282231,0.012424951558233189
T23,0.0437875751503006,-3.0959321524220105,unstable,-0.0014315355598282231,0.012424951558233189
T23,0.0438877755511022,-0.04551498442867663,stable,-0.0014315355598282231,0.012424951558233189
T23,0.0438877755511022,-3.096077669161117,unstable,-0.0014315355598282231,0.012424951558233189
T23,0.043987975951903804,-0.04537039256364128,stable,-0.0014315355598282231,0.012424951558233189
T23,0.043987975951903804,-3.096222261026152,unstable,-0.0014315355598282231,0.012424951558233189
T23,0.04408817635270541,-0.04522671678014589,stable,-0.0014315355598282231,0.012424951558233189
T23,0.04408817635270541,-3.0963659368096472,unstable,-0.0014315355598282231,0.012424951558233189
T23,0.044188376753507015,-0.04508394839679486,stable,-0.0014315355598282231,0.012424951558233189
T23,0.044188376753507015,-3.0965087051929983,unstable,-0.0014315355598282231,0.012424951558233189
T23,0.04428857715430862,-0.04494207884157886,stable,-0.0014315355598282231,0.012424951558233189
T23,0.04428857715430862,-3.096650574748214,unstable,-0.0014315355598282231,0.012424951558233189
T23,0.04438877755511022,-0.04480109965015666,stable,-0.0014315355598282231,0.012424951558233189
T23,0.04438877755511022,-3.096791553939637,unstable,-0.0014315355598282231,0.012424951558233189
T23,0.04448897795591182,-0.0446610024641676,stable,-0.0014315355598282231,0.012424951558233189
T23,0.04448897795591182,-3.096931651125626,unstable,-0.0014315355598282231,0.012424951558233189
T23,0.04458917835671343,-0.04452177902958088,stable,-0.0014315355598282231,0.012424951558233189
T23,0.04458917835671343,-3.0970708745602122,unstable,-0.0014315355598282231,0.012424951558233189
T23,0.04468937875751503,-0.044383421195068884,stable,-0.0014315355598282231,0.012424951558233189
T23,0.04468937875751503,-3.0972092323947242,unstable,-0.0014315355598282231,0.012424951558233189
T23,0.044789579158316634,-0.044245920910416014,stable,-0.0014315355598282231,0.012424951558233189
T23,0.044789579158316634,-3.0973467326793767,unstable,-0.0014315355598282231,0.012424951558233189
T23,0.044889779559118236,-0.04410927022495503,stable,-0.0014315355598282231,0.012424951558233189
T23,0.044889779559118236,-3.097483383364838,unstable,-0.0014315355598282231,0.012424951558233189
T23,0.04498997995991984,-0.043973461286032745,stable,-0.0014315355598282231,0.012424951558233189
T23,0.04498997995991984,-3.0976191923037604,unstable,-0.0014315355598282231,0.012424951558233189
T23,0.04509018036072144,-0.04383848633750276,stable,-0.0014315355598282231,0.012424951558233189
T23,0.04509018036072144,-3.0977541672522904,unstable,-0.0014315355598282231,0.012424951558233189
T23,0.04519038076152305,-0.043704337718247555,stable,-0.0014315355598282231,0.012424951558233189
T23,0.04519038076152305,-3.097888315871545,unstable,-0.0014315355598282231,0.012424951558233189
T23,0.04529058116232465,-0.043571007860728095,stable,-0.0014315355598282231,0.012424951558233189
T23,0.04529058116232465,-3.098021645729065,unstable,-0.0014315355598282231,0.012424951558233189
T23,0.04539078156312625,-0.04343848928955696,stable,-0.0014315355598282231,0.012424951558233189
T23,0.04539078156312625,-3.0981541643002366,unstable,-0.0014315355598282231,0.012424951558233189
T23,0.045490981963927854,-0.04330677462010213,stable,-0.0014315355598282231,0.012424951558233189
T23,0.045490981963927854,-3.0982858789696905,unstable,-0.0014315355598282231,0.012424951558233189
T23,0.045591182364729456,-0.04317585655710987,stable,-0.0014315355598282231,0.012424951558233189
T23,0.045591182364729456,-3.0984167970326837,unstable,-0.0014315355598282231,0.012424951558233189
T23,0.045691382765531065,-0.04304572789336003,stable,-0.0014315355598282231,0.012424951558233189
T23,0.045691382765531065,-3.098546925696433,unstable,-0.0014315355598282231,0.012424951558233189
T23,0.04579158316633267,-0.04291638150833821,stable,-0.0014315355598282231,0.012424951558233189
T23,0.04579158316633267,-3.0986762720814554,unstable,-0.0014315355598282231,0.012424951558233189
T23,0.04589178356713427,-0.042787810366939016,stable,-0.0014315355598282231,0.012424951558233189
T23,0.04589178356713427,-3.0988048432228545,unstable,-0.0014315355598282231,0.012424951558233189
T23,0.04599198396793587,-0.04266000751818533,stable,-0.0014315355598282231,0.012424951558233189
T23,0.04599198396793587,-3.0989326460716082,unstable,-0.0014315355598282231,0.012424951558233189
T23,0.04609218436873747,-0.04253296609397639,stable,-0.0014315355598282231,0.012424951558233189
T23,0.04609218436873747,-3.099059687495817,unstable,-0.0014315355598282231,0.012424951558233189
T23,0.04619238476953908,-0.04240667930785591,stable,-0.0014315355598282231,0.012424951558233189
T23,0.04619238476953908,-3.099185974281937,unstable,-0.0014315355598282231,0.012424951558233189
T23,0.04629258517034068,-0.042281140453799715,stable,-0.0014315355598282231,0.012424951558233189
T23,0.04629258517034068,-3.0993115131359934,unstable,-0.0014315355598282231,0.012424951558233189
T23,0.046392785571142285,-0.042156342905031785,stable,-0.0014315355598282231,0.012424951558233189
T23,0.046392785571142285,-3.0994363106847613,unstable,-0.0014315355598282231,0.012424951558233189
T23,0.04649298597194389,-0.04203228011285143,stable,-0.0014315355598282231,0.012424951558233189
T23,0.04649298597194389,-3.099560373476942,unstable,-0.0014315355598282231,0.012424951558233189
T23,0.04659318637274549,-0.04190894560549152,stable,-0.0014315355598282231,0.012424951558233189
T23,0.04659318637274549,-3.099683707984301,unstable,-0.0014315355598282231,0.012424951558233189
T23,0.04669338677354709,-0.04178633298698742,stable,-0.0014315355598282231,0.012424951558233189
T23,0.04669338677354709,-3.0998063206028057,unstable,-0.0014315355598282231,0.012424951558233189
T23,0.0467935871743487,-0.04166443593607294,stable,-0.0014315355598282231,0.012424951558233189
T23,0.0467935871743487,-3.09992821765372,unstable,-0.0014315355598282231,0.012424951558233189
T23,0.0468937875751503,-0.041543248205091476,stable,-0.0014315355598282231,0.012424951558233189
T23,0.0468937875751503,-3.100049405384702,unstable,-0.0014315355598282231,0.012424951558233189
T23,0.046993987975951904,-0.04142276361892838,stable,-0.0014315355598282231,0.012424951558233189
T23,0.046993987975951904,-3.1001698899708643,unstable,-0.0014315355598282231,0.012424951558233189
T23,0.047094188376753505,-0.0413029760739585,stable,-0.0014315355598282231,0.012424951558233189
T23,0.047094188376753505,-3.1002896775158346,unstable,-0.0014315355598282231,0.012424951558233189
T23,0.04719438877755511,-0.04118387953701719,stable,-0.0014315355598282231,0.012424951558233189
T23,0.04719438877755511,-3.1004087740527755,unstable,-0.0014315355598282231,0.012424951558233189
T23,0.047294589178356716,-0.041065468044385156,stable,-0.0014315355598282231,0.012424951558233189
T23,0.047294589178356716,-3.100527185545408,unstable,-0.0014315355598282231,0.012424951558233189
T23,0.04739478957915832,-0.04094773570079013,stable,-0.0014315355598282231,0.012424951558233189
T23,0.04739478957915832,-3.100644917889003,unstable,-0.0014315355598282231,0.012424951558233189
T23,0.04749498997995992,-0.04083067667843032,stable,-0.0014315355598282231,0.012424951558233189
T23,0.04749498997995992,-3.100761976911363,unstable,-0.0014315355598282231,0.012424951558233189
T23,0.04759519038076152,-0.04071428521600984,stable,-0.0014315355598282231,0.012424951558233189
T23,0.04759519038076152,-3.100878368373783,unstable,-0.0014315355598282231,0.012424951558233189
T23,0.047695390781563124,-0.04059855561779324,stable,-0.0014315355598282231,0.012424951558233189
T23,0.047695390781563124,-3.1009940979720003,unstable,-0.0014315355598282231,0.012424951558233189
T23,0.04779559118236473,-0.0404834822526734,stable,-0.0014315355598282231,0.012424951558233189
T23,0.04779559118236473,-3.1011091713371197,unstable,-0.0014315355598282231,0.012424951558233189
T23,0.047895791583166335,-0.04036905955326109,stable,-0.0014315355598282231,0.012424951558233189
T23,0.047895791583166335,-3.101223594036532,unstable,-0.0014315355598282231,0.012424951558233189
T23,0.04799599198396794,-0.040255282014982186,stable,-0.0014315355598282231,0.012424951558233189
T23,0.04799599198396794,-3.101337371574811,unstable,-0.0014315355598282231,0.012424951558233189
T23,0.04809619238476954,-0.04014214419519613,stable,-0.0014315355598282231,0.012424951558233189
T23,0.04809619238476954,-3.1014505093945974,unstable,-0.0014315355598282231,0.012424951558233189
T23,0.04819639278557114,-0.0400296407123264,stable,-0.0014315355598282231,0.012424951558233189
T23,0.04819639278557114,-3.1015630128774667,unstable,-0.0014315355598282231,0.012424951558233189
T23,0.04829659318637274,-0.03991776624500609,stable,-0.0014315355598282231,0.012424951558233189
T23,0.04829659318637274,-3.101674887344787,unstable,-0.0014315355598282231,0.012424951558233189
T23,0.04839679358717435,-0.03980651553123904,stable,-0.0014315355598282231,0.012424951558233189
T23,0.04839679358717435,-3.1017861380585536,unstable,-0.0014315355598282231,0.012424951558233189
T23,0.04849699398797595,-0.03969588336757335,stable,-0.0014315355598282231,0.012424951558233189
T23,0.04849699398797595,-3.10189677022222,unstable,-0.0014315355598282231,0.012424951558233189
T23,0.048597194388777555,-0.039585864608287835,stable,-0.0014315355598282231,0.012424951558233189
T23,0.048597194388777555,-3.1020067889815053,unstable,-0.0014315355598282231,0.012424951558233189
T23,0.04869739478957916,-0.039476454164595776,stable,-0.0014315355598282231,0.012424951558233189
T23,0.04869739478957916,-3.102116199425197,unstable,-0.0014315355598282231,0.012424951558233189
T23,0.04879759519038076,-0.03936764700385842,stable,-0.0014315355598282231,0.012424951558233189
T23,0.04879759519038076,-3.1022250065859343,unstable,-0.0014315355598282231,0.012424951558233189
T23,0.04889779559118237,-0.03925943814881139,stable,-0.0014315355598282231,0.012424951558233189
T23,0.04889779559118237,-3.102333215440982,unstable,-0.0014315355598282231,0.012424951558233189
T23,0.04899799599198397,-0.0391518226768075,stable,-0.0014315355598282231,0.012424951558233189
T23,0.04899799599198397,-3.102440830912986,unstable,-0.0014315355598282231,0.012424951558233189
T23,0.04909819639278557,-0.03904479571906627,stable,-0.0014315355598282231,0.012424951558233189
T23,0.04909819639278557,-3.102547857870727,unstable,-0.0014315355598282231,0.012424951558233189
T23,0.049198396793587174,-0.03893835245994248,stable,-0.0014315355598282231,0.012424951558233189
T23,0.049198396793587174,-3.102654301129851,unstable,-0.0014315355598282231,0.012424951558233189
T23,0.049298597194388775,-0.03883248813619966,stable,-0.0014315355598282231,0.012424951558233189
T23,0.049298597194388775,-3.102760165453594,unstable,-0.0014315355598282231,0.012424951558233189
T23,0.04939879759519038,-0.038727198036301314,stable,-0.0014315355598282231,0.012424951558233189
T23,0.04939879759519038,-3.1028654555534914,unstable,-0.0014315355598282231,0.012424951558233189
T23,0.049498997995991986,-0.03862247749971015,stable,-0.0014315355598282231,0.012424951558233189
T23,0.049498997995991986,-3.102970176090083,unstable,-0.0014315355598282231,0.012424951558233189
T23,0.04959919839679359,-0.03851832191620064,stable,-0.0014315355598282231,0.012424951558233189
T23,0.04959919839679359,-3.103074331673593,unstable,-0.0014315355598282231,0.012424951558233189
T23,0.04969939879759519,-0.03841472672517954,stable,-0.0014315355598282231,0.012424951558233189
T23,0.04969939879759519,-3.103177926864614,unstable,-0.0014315355598282231,0.012424951558233189
T23,0.04979959919839679,-0.03831168741502289,stable,-0.0014315355598282231,0.012424951558233189
T23,0.04979959919839679,-3.1032809661747702,unstable,-0.0014315355598282231,0.012424951558233189
T23,0.049899799599198394,-0.038209199522417414,stable,-0.0014315355598282231,0.012424951558233189
T23,0.049899799599198394,-3.1033834540673757,unstable,-0.0014315355598282231,0.012424951558233189
T23,0.05,-0.03810725863171749,stable,-0.0014315355598282231,0.012424951558233189
T23,0.05,-3.103485394958076,unstable,-0.0014315355598282231,0.012424951558233189
T25,0.0,-0.35957442349731084,unstable,0.004372041082693734,0.012424951558233189
T25,0.0,-2.7820182300924827,stable,0.004372041082693734,0.012424951558233189
T25,0.0001002004008016032,-0.3626323968823155,unstable,0.004372041082693734,0.012424951558233189
T25,0.0001002004008016032,-2.778960256707478,stable,0.004372041082693734,0.012424951558233189
T25,0.0002004008016032064,-0.3657441407019264,unstable,0.004372041082693734,0.012424951558233189
T25,0.0002004008016032064,-2.775848512887867,stable,0.004372041082693734,0.012424951558233189
T25,0.0003006012024048096,-0.3689111234469755,unstable,0.004372041082693734,0.012424951558233189
T25,0.0003006012024048096,-2.772681530142817,stable,0.004372041082693734,0.012424951558233189
T25,0.0004008016032064128,-0.3721348690480095,unstable,0.004372041082693734,0.012424951558233189
T25,0.0004008016032064128,-2.7694577845417836,stable,0.004372041082693734,0.012424951558233189
T25,0.000501002004008016,-0.3754169595900083,unstable,0.004372041082693734,0.012424951558233189
T25,0.000501002004008016,-2.7661756939997844,stable,0.004372041082693734,0.012424951558233189
T25,0.0006012024048096192,-0.37875903819267487,unstable,0.004372041082693734,0.012424951558233189
T25,0.0006012024048096192,-2.7628336153971187,stable,0.004372041082693734,0.012424951558233189
T25,0.0007014028056112224,-0.382162812068513,unstable,0.004372041082693734,0.012424951558233189
T25,0.0007014028056112224,-2.75942984152128,stable,0.004372041082693734,0.012424951558233189
T25,0.0008016032064128256,-0.3856300557719896,unstable,0.004372041082693734,0.012424951558233189
T25,0.0008016032064128256,-2.7559625978178035,stable,0.004372041082693734,0.012424951558233189
T25,0.0009018036072144289,-0.3891626146542544,unstable,0.004372041082693734,0.012424951558233189
T25,0.0009018036072144289,-2.7524300389355387,stable,0.004372041082693734,0.012424951558233189
T25,0.001002004008016032,-0.39276240853917965,unstable,0.004372041082693734,0.012424951558233189
T25,0.001002004008016032,-2.7488302450506135,stable,0.004372041082693734,0.012424951558233189
T25,0.0011022044088176352,-0.39643143563794014,unstable,0.004372041082693734,0.012424951558233189
T25,0.0011022044088176352,-2.7451612179518534,stable,0.004372041082693734,0.012424951558233189
T25,0.0012024048096192384,-0.40017177672091186,unstable,0.004372041082693734,0.012424951558233189
T25,0.0012024048096192384,-2.7414208768688813,stable,0.004372041082693734,0.012424951558233189
T25,0.0013026052104208416,-0.4039855995674606,unstable,0.004372041082693734,0.012424951558233189
T25,0.0013026052104208416,-2.737607054022332,stable,0.004372041082693734,0.012424951558233189
T25,0.0014028056112224449,-0.4078751637161142,unstable,0.004372041082693734,0.012424951558233189
T25,0.0014028056112224449,-2.733717489873679,stable,0.004372041082693734,0.012424951558233189
T25,0.001503006012024048,-0.411842825539801,unstable,0.004372041082693734,0.012424951558233189
T25,0.001503006012024048,-2.729749828049992,stable,0.004372041082693734,0.012424951558233189
T25,0.0016032064128256513,-0.41589104367324037,unstable,0.004372041082693734,0.012424951558233189
T25,0.0016032064128256513,-2.7257016099165527,stable,0.004372041082693734,0.012424951558233189
T25,0.0017034068136272545,-0.4200223848222566,unstable,0.004372041082693734,0.012424951558233189
T25,0.0017034068136272545,-2.721570268767536,stable,0.004372041082693734,0.012424951558233189
T25,0.0018036072144288577,-0.4242395299878039,unstable,0.004372041082693734,0.012424951558233189
T25,0.0018036072144288577,-2.717353123601989,stable,0.004372041082693734,0.012424951558233189
T25,0.001903807615230461,-0.42854528114082147,unstable,0.004372041082693734,0.012424951558233189
T25,0.001903807615230461,-2.7130473724489717,stable,0.004372041082693734,0.012424951558233189
T25,0.002004008016032064,-0.43294256838781386,unstable,0.004372041082693734,0.012424951558233189
T25,0.002004008016032064,-2.7086500852019793,stable,0.004372041082693734,0.012424951558233189
T25,0.002104208416833667,-0.43743445767126055,unstable,0.004372041082693734,0.012424951558233189
T25,0.002104208416833667,-2.7041581959185326,stable,0.004372041082693734,0.012424951558233189
T25,0.0022044088176352704,-0.4420241590536893,unstable,0.004372041082693734,0.012424951558233189
T25,0.0022044088176352704,-2.699568494536104,stable,0.004372041082693734,0.012424951558233189
T25,0.0023046092184368736,-0.44671503563959325,unstable,0.004372041082693734,0.012424951558233189
T25,0.0023046092184368736,-2.6948776179501994,stable,0.004372041082693734,0.012424951558233189
T25,0.002404809619238477,-0.45151061319537744,unstable,0.004372041082693734,0.012424951558233189
T25,0.002404809619238477,-2.6900820403944152,stable,0.004372041082693734,0.012424951558233189
T25,0.00250501002004008,-0.45641459053433353,unstable,0.004372041082693734,0.012424951558233189
T25,0.00250501002004008,-2.68517806305546,stable,0.004372041082693734,0.012424951558233189
T25,0.0026052104208416833,-0.4614308507413445,unstable,0.004372041082693734,0.012424951558233189
T25,0.0026052104208416833,-2.680161802848449,stable,0.004372041082693734,0.012424951558233189
T25,0.0027054108216432865,-0.46656347332076775,unstable,0.004372041082693734,0.012424951558233189
T25,0.0027054108216432865,-2.675029180269025,stable,0.004372041082693734,0.012424951558233189
T25,0.0028056112224448897,-0.47181674736090784,unstable,0.004372041082693734,0.012424951558233189
T25,0.0028056112224448897,-2.6697759062288853,stable,0.004372041082693734,0.012424951558233189
T25,0.002905811623246493,-0.4771951858198422,unstable,0.004372041082693734,0.012424951558233189
T25,0.002905811623246493,-2.664397467769951,stable,0.004372041082693734,0.012424951558233189
T25,0.003006012024048096,-0.4827035410503413,unstable,0.004372041082693734,0.012424951558233189
T25,0.003006012024048096,-2.658889112539452,stable,0.004372041082693734,0.012424951558233189
T25,0.0031062124248496994,-0.4883468216965139,unstable,0.004372041082693734,0.012424951558233189
T25,0.0031062124248496994,-2.6532458318932797,stable,0.004372041082693734,0.012424951558233189
T25,0.0032064128256513026,-0.4941303111118951,unstable,0.004372041082693734,0.012424951558233189
T25,0.0032064128256513026,-2.6474623424778976,stable,0.004372041082693734,0.012424951558233189
T25,0.003306613226452906,-0.5000595874684022,unstable,0.004372041082693734,0.012424951558233189
T25,0.003306613226452906,-2.641533066121391,stable,0.004372041082693734,0.012424951558233189
T25,0.003406813627254509,-0.5061405457483561,unstable,0.004372041082693734,0.012424951558233189
T25,0.003406813627254509,-2.635452107841437,stable,0.004372041082693734,0.012424951558233189
T25,0.0035070140280561123,-0.5123794218381263,unstable,0.004372041082693734,0.012424951558233189
T25,0.0035070140280561123,-2.6292132317516668,stable,0.004372041082693734,0.012424951558233189
T25,0.0036072144288577155,-0.5187828189726549,unstable,0.004372041082693734,0.012424951558233189
T25,0.0036072144288577155,-2.6228098346171382,stable,0.004372041082693734,0.012424951558233189
T25,0.0037074148296593187,-0.5253577368158595,unstable,0.004372041082693734,0.012424951558233189
T25,0.0037074148296593187,-2.6162349167739336,stable,0.004372041082693734,0.012424951558233189
T25,0.003807615230460922,-0.5321116035037772,unstable,0.004372041082693734,0.012424951558233189
T25,0.003807615230460922,-2.609481050086016,stable,0.004372041082693734,0.012424951558233189
T25,0.003907815631262525,-0.5390523110264316,unstable,0.004372041082693734,0.012424951558233189
T25,0.003907815631262525,-2.602540342563362,stable,0.004372041082693734,0.012424951558233189
T25,0.004008016032064128,-0.546188254382344,unstable,0.004372041082693734,0.012424951558233189
T25,0.004008016032064128,-2.5954043992074496,stable,0.004372041082693734,0.012424951558233189
T25,0.004108216432865732,-0.5535283750080731,unstable,0.004372041082693734,0.012424951558233189
T25,0.004108216432865732,-2.5880642785817205,stable,0.004372041082693734,0.012424951558233189
T25,0.004208416833667334,-0.5610822090665635,unstable,0.004372041082693734,0.012424951558233189
T25,0.004208416833667334,-2.580510444523229,stable,0.004372041082693734,0.012424951558233189
T25,0.004308617234468938,-0.5688599412751025,unstable,0.004372041082693734,0.012424951558233189
T25,0.004308617234468938,-2.572732712314691,stable,0.004372041082693734,0.012424951558233189
T25,0.004408817635270541,-0.5768724650699553,unstable,0.004372041082693734,0.012424951558233189
T25,0.004408817635270541,-2.5647201885198374,stable,0.004372041082693734,0.012424951558233189
T25,0.0045090180360721445,-0.5851314500446629,unstable,0.004372041082693734,0.012424951558233189
T25,0.0045090180360721445,-2.5564612035451297,stable,0.004372041082693734,0.012424951558233189
T25,0.004609218436873747,-0.593649417768221,unstable,0.004372041082693734,0.012424951558233189
T25,0.004609218436873747,-2.547943235821572,stable,0.004372041082693734,0.012424951558233189
T25,0.004709418837675351,-0.6024398272950942,unstable,0.004372041082693734,0.012424951558233189
T25,0.004709418837675351,-2.539152826294699,stable,0.004372041082693734,0.012424951558233189
T25,0.004809619238476954,-0.6115171719305037,unstable,0.004372041082693734,0.012424951558233189
T25,0.004809619238476954,-2.5300754816592894,stable,0.004372041082693734,0.012424951558233189
T25,0.004909819639278557,-0.6208970891235754,unstable,0.004372041082693734,0.012424951558233189
T25,0.004909819639278557,-2.5206955644662177,stable,0.004372041082693734,0.012424951558233189
T25,0.00501002004008016,-0.6305964857433652,unstable,0.004372041082693734,0.012424951558233189
T25,0.00501002004008016,-2.510996167846428,stable,0.004372041082693734,0.012424951558233189
T25,0.005110220440881764,-0.640633681468811,unstable,0.004372041082693734,0.012424951558233189
T25,0.005110220440881764,-2.5009589721209817,stable,0.004372041082693734,0.012424951558233189
T25,0.0052104208416833666,-0.6510285736203869,unstable,0.004372041082693734,0.012424951558233189
T25,0.0052104208416833666,-2.490564079969406,stable,0.004372041082693734,0.012424951558233189
T25,0.00531062124248497,-0.6618028275146886,unstable,0.004372041082693734,0.012424951558233189
T25,0.00531062124248497,-2.4797898260751046,stable,0.004372041082693734,0.012424951558233189
T25,0.005410821643286573,-0.6729800973819327,unstable,0.004372041082693734,0.012424951558233189
T25,0.005410821643286573,-2.4686125562078605,stable,0.004372041082693734,0.012424951558233189
T25,0.005511022044088177,-0.6845862841165835,unstable,0.004372041082693734,0.012424951558233189
T25,0.005511022044088177,-2.457006369473209,stable,0.004372041082693734,0.012424951558233189
T25,0.0056112224448897794,-0.6966498377239727,unstable,0.004372041082693734,0.012424951558233189
T25,0.0056112224448897794,-2.4449428158658204,stable,0.004372041082693734,0.012424951558233189
T25,0.005711422845691383,-0.7092021144074536,unstable,0.004372041082693734,0.012424951558233189
T25,0.005711422845691383,-2.4323905391823395,stable,0.004372041082693734,0.012424951558233189
T25,0.005811623246492986,-0.7222778009895738,unstable,0.004372041082693734,0.012424951558233189
T25,0.005811623246492986,-2.4193148526002197,stable,0.004372041082693734,0.012424951558233189
T25,0.0059118236472945895,-0.7359154230314404,unstable,0.004372041082693734,0.012424951558233189
T25,0.0059118236472945895,-2.4056772305583527,stable,0.004372041082693734,0.012424951558233189
T25,0.006012024048096192,-0.7501579579751665,unstable,0.004372041082693734,0.012424951558233189
T25,0.006012024048096192,-2.3914346956146266,stable,0.004372041082693734,0.012424951558233189
T25,0.006112224448897796,-0.765053581426534,unstable,0.004372041082693734,0.012424951558233189
T25,0.006112224448897796,-2.3765390721632595,stable,0.004372041082693734,0.012424951558233189
T25,0.006212424849699399,-0.7806565841283404,unstable,0.004372041082693734,0.012424951558233189
T25,0.006212424849699399,-2.3609360694614523,stable,0.004372041082693734,0.012424951558233189
T25,0.006312625250501002,-0.7970285104819421,unstable,0.004372041082693734,0.012424951558233189
T25,0.006312625250501002,-2.344564143107851,stable,0.004372041082693734,0.012424951558233189
T25,0.006412825651302605,-0.8142395885703175,unstable,0.004372041082693734,0.012424951558233189
T25,0.006412825651302605,-2.3273530650194756,stable,0.004372041082693734,0.012424951558233189
T25,0.006513026052104208,-0.8323705495622953,unstable,0.004372041082693734,0.012424951558233189
T25,0.006513026052104208,-2.309222104027498,stable,0.004372041082693734,0.012424951558233189
T25,0.006613226452905812,-0.8515149760855611,unstable,0.004372041082693734,0.012424951558233189
T25,0.006613226452905812,-2.2900776775042324,stable,0.004372041082693734,0.012424951558233189
T25,0.006713426853707414,-0.8717823829279938,unstable,0.004372041082693734,0.012424951558233189
T25,0.006713426853707414,-2.2698102706617993,stable,0.004372041082693734,0.012424951558233189
T25,0.006813627254509018,-0.8933023335481698,unstable,0.004372041082693734,0.012424951558233189
T25,0.006813627254509018,-2.2482903200416233,stable,0.004372041082693734,0.012424951558233189
T25,0.006913827655310621,-0.9162300578530176,unstable,0.004372041082693734,0.012424951558233189
T25,0.006913827655310621,-2.225362595736775,stable,0.004372041082693734,0.012424951558233189
T25,0.0070140280561122245,-0.9407543079073855,unstable,0.004372041082693734,0.012424951558233189
T25,0.0070140280561122245,-2.200838345682408,stable,0.004372041082693734,0.012424951558233189
T25,0.007114228456913827,-0.9671086607514892,unstable,0.004372041082693734,0.012424951558233189
T25,0.007114228456913827,-2.1744839928383035,stable,0.004372041082693734,0.012424951558233189
T25,0.007214428857715431,-0.9955883399990944,unstable,0.004372041082693734,0.012424951558233189
T25,0.007214428857715431,-2.1460043135906988,stable,0.004372041082693734,0.012424951558233189
T25,0.007314629258517034,-1.02657629199585,unstable,0.004372041082693734,0.012424951558233189
T25,0.007314629258517034,-2.115016361593943,stable,0.004372041082693734,0.012424951558233189
T25,0.007414829659318637,-1.0605856863403242,unstable,0.004372041082693734,0.012424951558233189
T25,0.007414829659318637,-2.0810069672494684,stable,0.004372041082693734,0.012424951558233189
T25,0.00751503006012024,-1.0983337141438976,unstable,0.004372041082693734,0.012424951558233189
T25,0.00751503006012024,-2.043258939445895,stable,0.004372041082693734,0.012424951558233189
T25,0.007615230460921844,-1.14088079194044,unstable,0.004372041082693734,0.012424951558233189
T25,0.007615230460921844,-2.0007118616493536,stable,0.004372041082693734,0.012424951558233189
T25,0.007715430861723447,-1.189924717377976,unstable,0.004372041082693734,0.012424951558233189
T25,0.007715430861723447,-1.951667936211817,stable,0.004372041082693734,0.012424951558233189
T25,0.00781563126252505,-1.2485356661658293,unstable,0.004372041082693734,0.012424951558233189
T25,0.00781563126252505,-1.8930569874239636,stable,0.004372041082693734,0.012424951558233189
T25,0.007915831663326654,-1.323589373744892,unstable,0.004372041082693734,0.012424951558233189
T25,0.007915831663326654,-1.818003279844901,stable,0.004372041082693734,0.012424951558233189
T25,0.008016032064128256,-1.441365357790898,unstable,0.004372041082693734,0.012424951558233189
T25,0.008016032064128256,-1.7002272957988946,stable,0.004372041082693734,0.012424951558233189
T25,0.016833667334669337,1.4417208558355048,stable,0.004372041082693734,0.012424951558233189
T25,0.016833667334669337,1.6998717977542883,unstable,0.004372041082693734,0.012424951558233189
T25,0.016933867735470943,1.3237684651976362,stable,0.004372041082693734,0.012424951558233189
T25,0.016933867735470943,1.8178241883921569,unstable,0.004372041082693734,0.012424951558233189
T25,0.017034068136272545,1.2486680638594247,stable,0.004372041082693734,0.012424951558233189
T25,0.017034068136272545,1.8929245897303684,unstable,0.004372041082693734,0.012424951558233189
T25,0.017134268537074147,1.1900327635944912,stable,0.004372041082693734,0.012424951558233189
T25,0.017134268537074147,1.951559889995302,unstable,0.004372041082693734,0.012424951558233189
T25,0.017234468937875752,1.140973179567304,stable,0.004372041082693734,0.012424951558233189
T25,0.017234468937875752,2.000619474022489,unstable,0.004372041082693734,0.012424951558233189
T25,0.017334669338677354,1.0984149089280004,stable,0.004372041082693734,0.012424951558233189
T25,0.017334669338677354,2.0431777446617927,unstable,0.004372041082693734,0.012424951558233189
T25,0.01743486973947896,1.0606583506520737,stable,0.004372041082693734,0.012424951558233189
T25,0.01743486973947896,2.0809343029377194,unstable,0.004372041082693734,0.012424951558233189
T25,0.01753507014028056,1.0266421693860108,stable,0.004372041082693734,0.012424951558233189
T25,0.01753507014028056,2.1149504842037823,unstable,0.004372041082693734,0.012424951558233189
T25,0.017635270541082163,0.9956486488685465,stable,0.004372041082693734,0.012424951558233189
T25,0.017635270541082163,2.1459440047212466,unstable,0.004372041082693734,0.012424951558233189
T25,0.01773547094188377,0.9671642940136698,stable,0.004372041082693734,0.012424951558233189
T25,0.01773547094188377,2.1744283595761233,unstable,0.004372041082693734,0.012424951558233189
T25,0.01783567134268537,0.9408059441731682,stable,0.004372041082693734,0.012424951558233189
T25,0.01783567134268537,2.200786709416624,unstable,0.004372041082693734,0.012424951558233189
T25,0.017935871743486972,0.9162782278664459,stable,0.004372041082693734,0.012424951558233189
T25,0.017935871743486972,2.2253144257233473,unstable,0.004372041082693734,0.012424951558233189
T25,0.018036072144288578,0.893347462135897,stable,0.004372041082693734,0.012424951558233189
T25,0.018036072144288578,2.2482451914538952,unstable,0.004372041082693734,0.012424951558233189
T25,0.01813627254509018,0.8718248166916265,stable,0.004372041082693734,0.012424951558233189
T25,0.01813627254509018,2.2697678368981666,unstable,0.004372041082693734,0.012424951558233189
T25,0.018236472945891785,0.8515550023641358,stable,0.004372041082693734,0.012424951558233189
T25,0.018236472945891785,2.2900376512256573,unstable,0.004372041082693734,0.012424951558233189
T25,0.018336673346693387,0.8324084098217153,stable,0.004372041082693734,0.012424951558233189
T25,0.018336673346693387,2.309184243768078,unstable,0.004372041082693734,0.012424951558233189
T25,0.01843687374749499,0.8142754881077745,stable,0.004372041082693734,0.012424951558233189
T25,0.01843687374749499,2.327317165482018,unstable,0.004372041082693734,0.012424951558233189
T25,0.018537074148296594,0.7970626256194562,stable,0.004372041082693734,0.012424951558233189
T25,0.018537074148296594,2.344530027970337,unstable,0.004372041082693734,0.012424951558233189
T25,0.018637274549098196,0.7806890676504321,stable,0.004372041082693734,0.012424951558233189
T25,0.018637274549098196,2.3609035859393614,unstable,0.004372041082693734,0.012424951558233189
T25,0.018737474949899798,0.765084566761824,stable,0.004372041082693734,0.012424951558233189
T25,0.018737474949899798,2.376508086827969,unstable,0.004372041082693734,0.012424951558233189
T25,0.018837675350701404,0.7501875624613041,stable,0.004372041082693734,0.012424951558233189
T25,0.018837675350701404,2.3914050911284885,unstable,0.004372041082693734,0.012424951558233189
T25,0.018937875751503006,0.7359437504990538,stable,0.004372041082693734,0.012424951558233189
T25,0.018937875751503006,2.4056489030907393,unstable,0.004372041082693734,0.012424951558233189
T25,0.01903807615230461,0.7223049438322455,stable,0.004372041082693734,0.012424951558233189
T25,0.01903807615230461,2.4192877097575476,unstable,0.004372041082693734,0.012424951558233189
T25,0.019138276553106213,0.7092281552581956,stable,0.004372041082693734,0.012424951558233189
T25,0.019138276553106213,2.432364498331598,unstable,0.004372041082693734,0.012424951558233189
T25,0.019238476953907815,0.6966748508265095,stable,0.004372041082693734,0.012424951558233189
T25,0.019238476953907815,2.4449178027632836,unstable,0.004372041082693734,0.012424951558233189
T25,0.01933867735470942,0.6846103364571583,stable,0.004372041082693734,0.012424951558233189
T25,0.01933867735470942,2.456982317132635,unstable,0.004372041082693734,0.012424951558233189
T25,0.019438877755511022,0.6730032496311749,stable,0.004372041082693734,0.012424951558233189
T25,0.019438877755511022,2.4685894039586183,unstable,0.004372041082693734,0.012424951558233189
T25,0.019539078156312624,0.6618251348173416,stable,0.004372041082693734,0.012424951558233189
T25,0.019539078156312624,2.4797675187724515,unstable,0.004372041082693734,0.012424951558233189
T25,0.01963927855711423,0.6510500862620905,stable,0.004372041082693734,0.012424951558233189
T25,0.01963927855711423,2.4905425673277026,unstable,0.004372041082693734,0.012424951558233189
T25,0.01973947895791583,0.6406544454426832,stable,0.004372041082693734,0.012424951558233189
T25,0.01973947895791583,2.50093820814711,unstable,0.004372041082693734,0.012424951558233189
T25,0.019839679358717433,0.6306165432343014,stable,0.004372041082693734,0.012424951558233189
T25,0.019839679358717433,2.5109761103554913,unstable,0.004372041082693734,0.012424951558233189
T25,0.01993987975951904,0.6209164789244945,stable,0.004372041082693734,0.012424951558233189
T25,0.01993987975951904,2.520676174665299,unstable,0.004372041082693734,0.012424951558233189
T25,0.02004008016032064,0.6115359298019394,stable,0.004372041082693734,0.012424951558233189
T25,0.02004008016032064,2.5300567237878537,unstable,0.004372041082693734,0.012424951558233189
T25,0.020140280561122246,0.6024579862773156,stable,0.004372041082693734,0.012424951558233189
T25,0.020140280561122246,2.539134667312478,unstable,0.004372041082693734,0.012424951558233189
T25,0.020240480961923848,0.5936670084533677,stable,0.004372041082693734,0.012424951558233189
T25,0.020240480961923848,2.5479256451364254,unstable,0.004372041082693734,0.012424951558233189
T25,0.02034068136272545,0.5851485008150008,stable,0.004372041082693734,0.012424951558233189
T25,0.02034068136272545,2.5564441527747928,unstable,0.004372041082693734,0.012424951558233189
T25,0.020440881763527055,0.5768890023072855,stable,0.004372041082693734,0.012424951558233189
T25,0.020440881763527055,2.5647036512825077,unstable,0.004372041082693734,0.012424951558233189
T25,0.020541082164328657,0.5688759895455031,stable,0.004372041082693734,0.012424951558233189
T25,0.020541082164328657,2.5727166640442896,unstable,0.004372041082693734,0.012424951558233189
T25,0.02064128256513026,0.5610977912839217,stable,0.004372041082693734,0.012424951558233189
T25,0.02064128256513026,2.580494862305871,unstable,0.004372041082693734,0.012424951558233189
T25,0.020741482965931864,0.5535435125793233,stable,0.004372041082693734,0.012424951558233189
T25,0.020741482965931864,2.58804914101047,unstable,0.004372041082693734,0.012424951558233189
T25,0.020841683366733466,0.5462029673368543,stable,0.004372041082693734,0.012424951558233189
T25,0.020841683366733466,2.595389686252939,unstable,0.004372041082693734,0.012424951558233189
T25,0.02094188376753507,0.5390666181316046,stable,0.004372041082693734,0.012424951558233189
T25,0.02094188376753507,2.6025260354581885,unstable,0.004372041082693734,0.012424951558233189
T25,0.021042084168336674,0.5321255223686183,stable,0.004372041082693734,0.012424951558233189
T25,0.021042084168336674,2.609467131221175,unstable,0.004372041082693734,0.012424951558233189
T25,0.021142284569138275,0.5253712839840103,stable,0.004372041082693734,0.012424951558233189
T25,0.021142284569138275,2.6162213696057828,unstable,0.004372041082693734,0.012424951558233189
T25,0.02124248496993988,0.518796010006167,stable,0.004372041082693734,0.012424951558233189
T25,0.02124248496993988,2.6227966435836265,unstable,0.004372041082693734,0.012424951558233189
T25,0.021342685370741483,0.5123922713930869,stable,0.004372041082693734,0.012424951558233189
T25,0.021342685370741483,2.6292003821967063,unstable,0.004372041082693734,0.012424951558233189
T25,0.021442885771543085,0.5061530676432939,stable,0.004372041082693734,0.012424951558233189
T25,0.021442885771543085,2.635439585946499,unstable,0.004372041082693734,0.012424951558233189
T25,0.02154308617234469,0.5000717947463134,stable,0.004372041082693734,0.012424951558233189
T25,0.02154308617234469,2.6415208588434798,unstable,0.004372041082693734,0.012424951558233189
T25,0.021643286573146292,0.4941422160965878,stable,0.004372041082693734,0.012424951558233189
T25,0.021643286573146292,2.6474504374932053,unstable,0.004372041082693734,0.012424951558233189
T25,0.021743486973947897,0.48835843604389906,stable,0.004372041082693734,0.012424951558233189
T25,0.021743486973947897,2.6532342175458936,unstable,0.004372041082693734,0.012424951558233189
T25,0.0218436873747495,0.4827148757952049,stable,0.004372041082693734,0.012424951558233189
T25,0.0218436873747495,2.6588777777945882,unstable,0.004372041082693734,0.012424951558233189
T25,0.0219438877755511,0.47720625141857864,stable,0.004372041082693734,0.012424951558233189
T25,0.0219438877755511,2.664386402171214,unstable,0.004372041082693734,0.012424951558233189
T25,0.022044088176352707,0.4718275537306269,stable,0.004372041082693734,0.012424951558233189
T25,0.022044088176352707,2.669765099859166,unstable,0.004372041082693734,0.012424951558233189
T25,0.02214428857715431,0.4665740298751433,stable,0.004372041082693734,0.012424951558233189
T25,0.02214428857715431,2.6750186237146494,unstable,0.004372041082693734,0.012424951558233189
T25,0.02224448897795591,0.46144116642352717,stable,0.004372041082693734,0.012424951558233189
T25,0.02224448897795591,2.680151487166266,unstable,0.004372041082693734,0.012424951558233189
T25,0.022344689378757516,0.45642467384721597,stable,0.004372041082693734,0.012424951558233189
T25,0.022344689378757516,2.6851679797425767,unstable,0.004372041082693734,0.012424951558233189
T25,0.022444889779559118,0.45152047222946257,stable,0.004372041082693734,0.012424951558233189
T25,0.022444889779559118,2.69007218136033,unstable,0.004372041082693734,0.012424951558233189
T25,0.02254509018036072,0.44672467809869554,stable,0.004372041082693734,0.012424951558233189
T25,0.02254509018036072,2.694867975491098,unstable,0.004372041082693734,0.012424951558233189
T25,0.022645290581162325,0.4420335922786651,stable,0.004372041082693734,0.012424951558233189
T25,0.022645290581162325,2.6995590613111276,unstable,0.004372041082693734,0.012424951558233189
T25,0.022745490981963927,0.43744368866195105,stable,0.004372041082693734,0.012424951558233189
T25,0.022745490981963927,2.7041489649278425,unstable,0.004372041082693734,0.012424951558233189
T25,0.022845691382765532,0.43295160382335895,stable,0.004372041082693734,0.012424951558233189
T25,0.022845691382765532,2.7086410497664346,unstable,0.004372041082693734,0.012424951558233189
T25,0.022945891783567134,0.42855412739848786,stable,0.004372041082693734,0.012424951558233189
T25,0.022945891783567134,2.713038526191305,unstable,0.004372041082693734,0.012424951558233189
T25,0.023046092184368736,0.42424819316045825,stable,0.004372041082693734,0.012424951558233189
T25,0.023046092184368736,2.7173444604293344,unstable,0.004372041082693734,0.012424951558233189
T25,0.02314629258517034,0.42003087073459744,stable,0.004372041082693734,0.012424951558233189
T25,0.02314629258517034,2.7215617828551952,unstable,0.004372041082693734,0.012424951558233189
T25,0.023246492985971944,0.41589935789689747,stable,0.004372041082693734,0.012424951558233189
T25,0.023246492985971944,2.7256932956928956,unstable,0.004372041082693734,0.012424951558233189
T25,0.023346693386773545,0.41185097340739096,stable,0.004372041082693734,0.012424951558233189
T25,0.023346693386773545,2.7297416801824017,unstable,0.004372041082693734,0.012424951558233189
T25,0.02344689378757515,0.40788315033433875,stable,0.004372041082693734,0.012424951558233189
T25,0.02344689378757515,2.7337095032554544,unstable,0.004372041082693734,0.012424951558233189
T25,0.023547094188376753,0.40399342982933106,stable,0.004372041082693734,0.012424951558233189
T25,0.023547094188376753,2.737599223760462,unstable,0.004372041082693734,0.012424951558233189
T25,0.023647294589178358,0.40017945531716137,stable,0.004372041082693734,0.012424951558233189
T25,0.023647294589178358,2.7414131982726317,unstable,0.004372041082693734,0.012424951558233189
T25,0.02374749498997996,0.3964389670676902,stable,0.004372041082693734,0.012424951558233189
T25,0.02374749498997996,2.7451536865221033,unstable,0.004372041082693734,0.012424951558233189
T25,0.023847695390781562,0.39276979711992155,stable,0.004372041082693734,0.012424951558233189
T25,0.023847695390781562,2.7488228564698716,unstable,0.004372041082693734,0.012424951558233189
T25,0.023947895791583167,0.38916986453119184,stable,0.004372041082693734,0.012424951558233189
T25,0.023947895791583167,2.752422789058601,unstable,0.004372041082693734,0.012424951558233189
T25,0.02404809619238477,0.3856371709268003,stable,0.004372041082693734,0.012424951558233189
T25,0.02404809619238477,2.7559554826629924,unstable,0.004372041082693734,0.012424951558233189
T25,0.02414829659318637,0.3821697963275579,stable,0.004372041082693734,0.012424951558233189
T25,0.02414829659318637,2.7594228572622352,unstable,0.004372041082693734,0.012424951558233189
T25,0.024248496993987977,0.3787658952347135,stable,0.004372041082693734,0.012424951558233189
T25,0.024248496993987977,2.7628267583550796,unstable,0.004372041082693734,0.012424951558233189
T25,0.02434869739478958,0.3754236929534387,stable,0.004372041082693734,0.012424951558233189
T25,0.02434869739478958,2.766168960636355,unstable,0.004372041082693734,0.012424951558233189
T25,0.024448897795591184,0.37214148213768095,stable,0.004372041082693734,0.012424951558233189
T25,0.024448897795591184,2.769451171452112,unstable,0.004372041082693734,0.012424951558233189
T25,0.024549098196392786,0.3689176195405941,stable,0.004372041082693734,0.012424951558233189
T25,0.024549098196392786,2.7726750340491986,unstable,0.004372041082693734,0.012424951558233189
T25,0.024649298597194388,0.3657505229560889,stable,0.004372041082693734,0.012424951558233189
T25,0.024649298597194388,2.7758421306337038,unstable,0.004372041082693734,0.012424951558233189
T25,0.024749498997995993,0.36263866833819325,stable,0.004372041082693734,0.012424951558233189
T25,0.024749498997995993,2.7789539852516,unstable,0.004372041082693734,0.012424951558233189
T25,0.024849699398797595,0.35958058708600804,stable,0.004372041082693734,0.012424951558233189
T25,0.024849699398797595,2.7820120665037855,unstable,0.004372041082693734,0.012424951558233189
T25,0.024949899799599197,0.35657486348300127,stable,0.004372041082693734,0.012424951558233189
T25,0.024949899799599197,2.7850177901067923,unstable,0.004372041082693734,0.012424951558233189
T25,0.025050100200400802,0.3536201322802648,stable,0.004372041082693734,0.012424951558233189
T25,0.025050100200400802,2.7879725213095288,unstable,0.004372041082693734,0.012424951558233189
T25,0.025150300601202404,0.35071507641417954,stable,0.004372041082693734,0.012424951558233189
T25,0.025150300601202404,2.790877577175614,unstable,0.004372041082693734,0.012424951558233189
T25,0.02525050100200401,0.34785842484964835,stable,0.004372041082693734,0.012424951558233189
T25,0.02525050100200401,2.7937342287401448,unstable,0.004372041082693734,0.012424951558233189
T25,0.02535070140280561,0.3450489505407446,stable,0.004372041082693734,0.012424951558233189
T25,0.02535070140280561,2.796543703049048,unstable,0.004372041082693734,0.012424951558233189
T25,0.025450901803607213,0.3422854685012222,stable,0.004372041082693734,0.012424951558233189
T25,0.025450901803607213,2.799307185088571,unstable,0.004372041082693734,0.012424951558233189
T25,0.02555110220440882,0.3395668339779063,stable,0.004372041082693734,0.012424951558233189
T25,0.02555110220440882,2.8020258196118863,unstable,0.004372041082693734,0.012424951558233189
T25,0.02565130260521042,0.3368919407204807,stable,0.004372041082693734,0.012424951558233189
T25,0.02565130260521042,2.8047007128693124,unstable,0.004372041082693734,0.012424951558233189
T25,0.025751503006012023,0.3342597193416803,stable,0.004372041082693734,0.012424951558233189
T25,0.025751503006012023,2.8073329342481124,unstable,0.004372041082693734,0.012424951558233189
T25,0.025851703406813628,0.3316691357623074,stable,0.004372041082693734,0.012424951558233189
T25,0.025851703406813628,2.8099235178274853,unstable,0.004372041082693734,0.012424951558233189
T25,0.02595190380761523,0.3291191897358967,stable,0.004372041082693734,0.012424951558233189
T25,0.02595190380761523,2.8124734638538964,unstable,0.004372041082693734,0.012424951558233189
T25,0.026052104208416832,0.32660891344822396,stable,0.004372041082693734,0.012424951558233189
T25,0.026052104208416832,2.814983740141569,unstable,0.004372041082693734,0.012424951558233189
T25,0.026152304609218437,0.3241373701871719,stable,0.004372041082693734,0.012424951558233189
T25,0.026152304609218437,2.817455283402621,unstable,0.004372041082693734,0.012424951558233189
T25,0.02625250501002004,0.32170365307879845,stable,0.004372041082693734,0.012424951558233189
T25,0.02625250501002004,2.8198890005109947,unstable,0.004372041082693734,0.012424951558233189
T25,0.026352705410821645,0.3193068838857118,stable,0.004372041082693734,0.012424951558233189
T25,0.026352705410821645,2.822285769704081,unstable,0.004372041082693734,0.012424951558233189
T25,0.026452905811623247,0.3169462118641415,stable,0.004372041082693734,0.012424951558233189
T25,0.026452905811623247,2.824646441725651,unstable,0.004372041082693734,0.012424951558233189
T25,0.02655310621242485,0.3146208126763259,stable,0.004372041082693734,0.012424951558233189
T25,0.02655310621242485,2.826971840913467,unstable,0.004372041082693734,0.012424951558233189
T25,0.026653306613226454,0.3123298873550584,stable,0.004372041082693734,0.012424951558233189
T25,0.026653306613226454,2.8292627662347343,unstable,0.004372041082693734,0.012424951558233189
T25,0.026753507014028056,0.3100726613174527,stable,0.004372041082693734,0.012424951558233189
T25,0.026753507014028056,2.831519992272341,unstable,0.004372041082693734,0.012424951558233189
T25,0.026853707414829658,0.3078483834251662,stable,0.004372041082693734,0.012424951558233189
T25,0.026853707414829658,2.833744270164627,unstable,0.004372041082693734,0.012424951558233189
T25,0.026953907815631263,0.3056563250885098,stable,0.004372041082693734,0.012424951558233189
T25,0.026953907815631263,2.8359363285012833,unstable,0.004372041082693734,0.012424951558233189
T25,0.027054108216432865,0.30349577941202943,stable,0.004372041082693734,0.012424951558233189
T25,0.027054108216432865,2.8380968741777632,unstable,0.004372041082693734,0.012424951558233189
T25,0.02715430861723447,0.3013660603792987,stable,0.004372041082693734,0.012424951558233189
T25,0.02715430861723447,2.8402265932104944,unstable,0.004372041082693734,0.012424951558233189
T25,0.027254509018036072,0.29926650207481,stable,0.004372041082693734,0.012424951558233189
T25,0.027254509018036072,2.8423261515149836,unstable,0.004372041082693734,0.012424951558233189
T25,0.027354709418837674,0.2971964579409714,stable,0.004372041082693734,0.012424951558233189
T25,0.027354709418837674,2.8443961956488213,unstable,0.004372041082693734,0.012424951558233189
T25,0.02745490981963928,0.2951553000683509,stable,0.004372041082693734,0.012424951558233189
T25,0.02745490981963928,2.8464373535214422,unstable,0.004372041082693734,0.012424951558233189
T25,0.02755511022044088,0.29314241851741496,stable,0.004372041082693734,0.012424951558233189
T25,0.02755511022044088,2.848450235072378,unstable,0.004372041082693734,0.012424951558233189
T25,0.027655310621242483,0.29115722067012406,stable,0.004372041082693734,0.012424951558233189
T25,0.027655310621242483,2.850435432919669,unstable,0.004372041082693734,0.012424951558233189
T25,0.02775551102204409,0.2891991306098296,stable,0.004372041082693734,0.012424951558233189
T25,0.02775551102204409,2.8523935229799635,unstable,0.004372041082693734,0.012424951558233189
T25,0.02785571142284569,0.2872675885280285,stable,0.004372041082693734,0.012424951558233189
T25,0.02785571142284569,2.854325065061765,unstable,0.004372041082693734,0.012424951558233189
T25,0.027955911823647296,0.285362050156607,stable,0.004372041082693734,0.012424951558233189
T25,0.027955911823647296,2.856230603433186,unstable,0.004372041082693734,0.012424951558233189
T25,0.028056112224448898,0.28348198622428233,stable,0.004372041082693734,0.012424951558233189
T25,0.028056112224448898,2.8581106673655103,unstable,0.004372041082693734,0.012424951558233189
T25,0.0281563126252505,0.28162688193603413,stable,0.004372041082693734,0.012424951558233189
T25,0.0281563126252505,2.8599657716537585,unstable,0.004372041082693734,0.012424951558233189
T25,0.028256513026052105,0.2797962364743811,stable,0.004372041082693734,0.012424951558233189
T25,0.028256513026052105,2.8617964171154124,unstable,0.004372041082693734,0.012424951558233189
T25,0.028356713426853707,0.2779895625214275,stable,0.004372041082693734,0.012424951558233189
T25,0.028356713426853707,2.8636030910683656,unstable,0.004372041082693734,0.012424951558233189
T25,0.02845691382765531,0.2762063858006627,stable,0.004372041082693734,0.012424951558233189
T25,0.02845691382765531,2.8653862677891304,unstable,0.004372041082693734,0.012424951558233189
T25,0.028557114228456915,0.27444624463755307,stable,0.004372041082693734,0.012424951558233189
T25,0.028557114228456915,2.86714640895224,unstable,0.004372041082693734,0.012424951558233189
T25,0.028657314629258517,0.27270868953802774,stable,0.004372041082693734,0.012424951558233189
T25,0.028657314629258517,2.868883964051765,unstable,0.004372041082693734,0.012424951558233189
T25,0.028757515030060122,0.2709932827839894,stable,0.004372041082693734,0.012424951558233189
T25,0.028757515030060122,2.870599370805804,unstable,0.004372041082693734,0.012424951558233189
T25,0.028857715430861724,0.2692995980450599,stable,0.004372041082693734,0.012424951558233189
T25,0.028857715430861724,2.8722930555447332,unstable,0.004372041082693734,0.012424951558233189
T25,0.028957915831663326,0.26762722000578165,stable,0.004372041082693734,0.012424951558233189
T25,0.028957915831663326,2.8739654335840115,unstable,0.004372041082693734,0.012424951558233189
T25,0.02905811623246493,0.26597574400755875,stable,0.004372041082693734,0.012424951558233189
T25,0.02905811623246493,2.8756169095822344,unstable,0.004372041082693734,0.012424951558233189
T25,0.029158316633266533,0.26434477570465376,stable,0.004372041082693734,0.012424951558233189
T25,0.029158316633266533,2.8772478778851394,unstable,0.004372041082693734,0.012424951558233189
T25,0.029258517034068135,0.2627339307335923,stable,0.004372041082693734,0.012424951558233189
T25,0.029258517034068135,2.878858722856201,unstable,0.004372041082693734,0.012424951558233189
T25,0.02935871743486974,0.2611428343953581,stable,0.004372041082693734,0.012424951558233189
T25,0.02935871743486974,2.8804498191944354,unstable,0.004372041082693734,0.012424951558233189
T25,0.029458917835671342,0.25957112134980775,stable,0.004372041082693734,0.012424951558233189
T25,0.029458917835671342,2.8820215322399854,unstable,0.004372041082693734,0.012424951558233189
T25,0.029559118236472944,0.25801843532174207,stable,0.004372041082693734,0.012424951558233189
T25,0.029559118236472944,2.883574218268051,unstable,0.004372041082693734,0.012424951558233189
T25,0.02965931863727455,0.25648442881812006,stable,0.004372041082693734,0.012424951558233189
T25,0.02965931863727455,2.885108224771673,unstable,0.004372041082693734,0.012424951558233189
T25,0.02975951903807615,0.2549687628559201,stable,0.004372041082693734,0.012424951558233189
T25,0.02975951903807615,2.8866238907338726,unstable,0.004372041082693734,0.012424951558233189
T25,0.029859719438877757,0.25347110670017203,stable,0.004372041082693734,0.012424951558233189
T25,0.029859719438877757,2.8881215468896215,unstable,0.004372041082693734,0.012424951558233189
T25,0.02995991983967936,0.25199113761172276,stable,0.004372041082693734,0.012424951558233189
T25,0.02995991983967936,2.88960151597807,unstable,0.004372041082693734,0.012424951558233189
T25,0.03006012024048096,0.25052854060430363,stable,0.004372041082693734,0.012424951558233189
T25,0.03006012024048096,2.8910641129854895,unstable,0.004372041082693734,0.012424951558233189
T25,0.030160320641282566,0.2490830082105031,stable,0.004372041082693734,0.012424951558233189
T25,0.030160320641282566,2.89250964537929,unstable,0.004372041082693734,0.012424951558233189
T25,0.030260521042084168,0.24765424025625915,stable,0.004372041082693734,0.012424951558233189
T25,0.030260521042084168,2.893938413333534,unstable,0.004372041082693734,0.012424951558233189
T25,0.03036072144288577,0.24624194364350593,stable,0.004372041082693734,0.012424951558233189
T25,0.03036072144288577,2.895350709946287,unstable,0.004372041082693734,0.012424951558233189
T25,0.030460921843687375,0.24484583214063704,stable,0.004372041082693734,0.012424951558233189
T25,0.030460921843687375,2.896746821449156,unstable,0.004372041082693734,0.012424951558233189
T25,0.030561122244488977,0.24346562618044265,stable,0.004372041082693734,0.012424951558233189
T25,0.030561122244488977,2.89812702740935,unstable,0.004372041082693734,0.012424951558233189
T25,0.030661322645290583,0.24210105266522408,stable,0.004372041082693734,0.012424951558233189
T25,0.030661322645290583,2.899491600924569,unstable,0.004372041082693734,0.012424951558233189
T25,0.030761523046092185,0.24075184477877132,stable,0.004372041082693734,0.012424951558233189
T25,0.030761523046092185,2.9008408088110222,unstable,0.004372041082693734,0.012424951558233189
T25,0.030861723446893786,0.23941774180493303,stable,0.004372041082693734,0.012424951558233189
T25,0.030861723446893786,2.9021749117848596,unstable,0.004372041082693734,0.012424951558233189
T25,0.030961923847695392,0.2380984889524993,stable,0.004372041082693734,0.012424951558233189
T25,0.030961923847695392,2.9034941646372943,unstable,0.004372041082693734,0.012424951558233189
T25,0.031062124248496994,0.23679383718614755,stable,0.004372041082693734,0.012424951558233189
T25,0.031062124248496994,2.9047988164036456,unstable,0.004372041082693734,0.012424951558233189
T25,0.031162324649298596,0.23550354306319488,stable,0.004372041082693734,0.012424951558233189
T25,0.031162324649298596,2.9060891105265982,unstable,0.004372041082693734,0.012424951558233189
T25,0.0312625250501002,0.2342273685759375,stable,0.004372041082693734,0.012424951558233189
T25,0.0312625250501002,2.9073652850138556,unstable,0.004372041082693734,0.012424951558233189
T25,0.0313627254509018,0.23296508099934066,stable,0.004372041082693734,0.012424951558233189
T25,0.0313627254509018,2.9086275725904525,unstable,0.004372041082693734,0.012424951558233189
T25,0.031462925851703405,0.23171645274387176,stable,0.004372041082693734,0.012424951558233189
T25,0.031462925851703405,2.909876200845922,unstable,0.004372041082693734,0.012424951558233189
T25,0.03156312625250501,0.2304812612132756,stable,0.004372041082693734,0.012424951558233189
T25,0.03156312625250501,2.911111392376517,unstable,0.004372041082693734,0.012424951558233189
T25,0.031663326653306616,0.22925928866709055,stable,0.004372041082693734,0.012424951558233189
T25,0.031663326653306616,2.912333364922702,unstable,0.004372041082693734,0.012424951558233189
T25,0.03176352705410822,0.22805032208772946,stable,0.004372041082693734,0.012424951558233189
T25,0.03176352705410822,2.9135423315020637,unstable,0.004372041082693734,0.012424951558233189
T25,0.03186372745490982,0.226854153051939,stable,0.004372041082693734,0.012424951558233189
T25,0.03186372745490982,2.9147385005378545,unstable,0.004372041082693734,0.012424951558233189
T25,0.03196392785571142,0.22567057760647424,stable,0.004372041082693734,0.012424951558233189
T25,0.03196392785571142,2.9159220759833193,unstable,0.004372041082693734,0.012424951558233189
T25,0.03206412825651302,0.22449939614782544,stable,0.004372041082693734,0.012424951558233189
T25,0.03206412825651302,2.9170932574419677,unstable,0.004372041082693734,0.012424951558233189
T25,0.03216432865731463,0.22334041330584142,stable,0.004372041082693734,0.012424951558233189
T25,0.03216432865731463,2.9182522402839517,unstable,0.004372041082693734,0.012424951558233189
T25,0.032264529058116234,0.2221934378311019,stable,0.004372041082693734,0.012424951558233189
T25,0.032264529058116234,2.919399215758691,unstable,0.004372041082693734,0.012424951558233189
T25,0.032364729458917836,0.22105828248590065,stable,0.004372041082693734,0.012424951558233189
T25,0.032364729458917836,2.9205343711038925,unstable,0.004372041082693734,0.012424951558233189
T25,0.03246492985971944,0.21993476393869527,stable,0.004372041082693734,0.012424951558233189
T25,0.03246492985971944,2.9216578896510974,unstable,0.004372041082693734,0.012424951558233189
T25,0.03256513026052104,0.21882270266190762,stable,0.004372041082693734,0.012424951558233189
T25,0.03256513026052104,2.9227699509278855,unstable,0.004372041082693734,0.012424951558233189
T25,0.03266533066132264,0.21772192283293812,stable,0.004372041082693734,0.012424951558233189
T25,0.03266533066132264,2.923870730756855,unstable,0.004372041082693734,0.012424951558233189
T25,0.03276553106212425,0.21663225223828286,stable,0.004372041082693734,0.012424951558233189
T25,0.03276553106212425,2.9249604013515107,unstable,0.004372041082693734,0.012424951558233189
T25,0.03286573146292585,0.21555352218063684,stable,0.004372041082693734,0.012424951558233189
T25,0.03286573146292585,2.9260391314091567,unstable,0.004372041082693734,0.012424951558233189
T25,0.032965931863727455,0.21448556738887703,stable,0.004372041082693734,0.012424951558233189
T25,0.032965931863727455,2.927107086200916,unstable,0.004372041082693734,0.012424951558233189
T25,0.033066132264529056,0.21342822593081712,stable,0.004372041082693734,0.012424951558233189
T25,0.033066132264529056,2.9281644276589756,unstable,0.004372041082693734,0.012424951558233189
T25,0.03316633266533066,0.21238133912863644,stable,0.004372041082693734,0.012424951558233189
T25,0.03316633266533066,2.9292113144611562,unstable,0.004372041082693734,0.012424951558233189
T25,0.03326653306613227,0.2113447514768878,stable,0.004372041082693734,0.012424951558233189
T25,0.03326653306613227,2.930247902112905,unstable,0.004372041082693734,0.012424951558233189
T25,0.03336673346693387,0.21031831056299088,stable,0.004372041082693734,0.012424951558233189
T25,0.03336673346693387,2.931274343026802,unstable,0.004372041082693734,0.012424951558233189
T25,0.03346693386773547,0.20930186699012232,stable,0.004372041082693734,0.012424951558233189
T25,0.03346693386773547,2.932290786599671,unstable,0.004372041082693734,0.012424951558233189
T25,0.03356713426853707,0.2082952743024209,stable,0.004372041082693734,0.012424951558233189
T25,0.03356713426853707,2.9332973792873727,unstable,0.004372041082693734,0.012424951558233189
T25,0.033667334669338675,0.20729838891242247,stable,0.004372041082693734,0.012424951558233189
T25,0.033667334669338675,2.934294264677371,unstable,0.004372041082693734,0.012424951558233189
T25,0.033767535070140284,0.20631107003065186,stable,0.004372041082693734,0.012424951558233189
T25,0.033767535070140284,2.9352815835591413,unstable,0.004372041082693734,0.012424951558233189
T25,0.033867735470941886,0.20533317959729036,stable,0.004372041082693734,0.012424951558233189
T25,0.033867735470941886,2.9362594739925028,unstable,0.004372041082693734,0.012424951558233189
T25,0.03396793587174349,0.20436458221585552,stable,0.004372041082693734,0.012424951558233189
T25,0.03396793587174349,2.937228071373937,unstable,0.004372041082693734,0.012424951558233189
T25,0.03406813627254509,0.2034051450888148,stable,0.004372041082693734,0.012424951558233189
T25,0.03406813627254509,2.9381875085009783,unstable,0.004372041082693734,0.012424951558233189
T25,0.03416833667334669,0.20245473795507296,stable,0.004372041082693734,0.012424951558233189
T25,0.03416833667334669,2.9391379156347206,unstable,0.004372041082693734,0.012424951558233189
T25,0.03426853707414829,0.20151323302927215,stable,0.004372041082693734,0.012424951558233189
T25,0.03426853707414829,2.9400794205605205,unstable,0.004372041082693734,0.012424951558233189
T25,0.0343687374749499,0.20058050494283153,stable,0.004372041082693734,0.012424951558233189
T25,0.0343687374749499,2.941012148646962,unstable,0.004372041082693734,0.012424951558233189
T25,0.034468937875751504,0.19965643068668282,stable,0.004372041082693734,0.012424951558233189
T25,0.034468937875751504,2.9419362229031103,unstable,0.004372041082693734,0.012424951558233189
T25,0.034569138276553106,0.19874088955563352,stable,0.004372041082693734,0.012424951558233189
T25,0.034569138276553106,2.9428517640341596,unstable,0.004372041082693734,0.012424951558233189
T25,0.03466933867735471,0.1978337630943101,stable,0.004372041082693734,0.012424951558233189
T25,0.03466933867735471,2.9437588904954826,unstable,0.004372041082693734,0.012424951558233189
T25,0.03476953907815631,0.19693493504462412,stable,0.004372041082693734,0.012424951558233189
T25,0.03476953907815631,2.9446577185451694,unstable,0.004372041082693734,0.012424951558233189
T25,0.03486973947895792,0.1960442912947169,stable,0.004372041082693734,0.012424951558233189
T25,0.03486973947895792,2.945548362295076,unstable,0.004372041082693734,0.012424951558233189
T25,0.03496993987975952,0.19516171982932828,stable,0.004372041082693734,0.012424951558233189
T25,0.03496993987975952,2.946430933760465,unstable,0.004372041082693734,0.012424951558233189
T25,0.03507014028056112,0.19428711068154492,stable,0.004372041082693734,0.012424951558233189
T25,0.03507014028056112,2.947305542908248,unstable,0.004372041082693734,0.012424951558233189
T25,0.035170340681362725,0.19342035588588669,stable,0.004372041082693734,0.012424951558233189
T25,0.035170340681362725,2.9481722977039064,unstable,0.004372041082693734,0.012424951558233189
T25,0.035270541082164326,0.19256134943268055,stable,0.004372041082693734,0.012424951558233189
T25,0.035270541082164326,2.9490313041571126,unstable,0.004372041082693734,0.012424951558233189
T25,0.03537074148296593,0.19170998722369115,stable,0.004372041082693734,0.012424951558233189
T25,0.03537074148296593,2.9498826663661024,unstable,0.004372041082693734,0.012424951558233189
T25,0.03547094188376754,0.19086616702895443,stable,0.004372041082693734,0.012424951558233189
T25,0.03547094188376754,2.950726486560839,unstable,0.004372041082693734,0.012424951558233189
T25,0.03557114228456914,0.1900297884447899,stable,0.004372041082693734,0.012424951558233189
T25,0.03557114228456914,2.9515628651450037,unstable,0.004372041082693734,0.012424951558233189
T25,0.03567134268537074,0.1892007528529409,stable,0.004372041082693734,0.012424951558233189
T25,0.03567134268537074,2.9523919007368526,unstable,0.004372041082693734,0.012424951558233189
T25,0.03577154308617234,0.1883789633808206,stable,0.004372041082693734,0.012424951558233189
T25,0.03577154308617234,2.9532136902089725,unstable,0.004372041082693734,0.012424951558233189
T25,0.035871743486973945,0.18756432486281627,stable,0.004372041082693734,0.012424951558233189
T25,0.035871743486973945,2.9540283287269773,unstable,0.004372041082693734,0.012424951558233189
T25,0.035971943887775554,0.18675674380262652,stable,0.004372041082693734,0.012424951558233189
T25,0.035971943887775554,2.9548359097871666,unstable,0.004372041082693734,0.012424951558233189
T25,0.036072144288577156,0.18595612833660047,stable,0.004372041082693734,0.012424951558233189
T25,0.036072144288577156,2.955636525253192,unstable,0.004372041082693734,0.012424951558233189
T25,0.03617234468937876,0.1851623881980382,stable,0.004372041082693734,0.012424951558233189
T25,0.03617234468937876,2.956430265391755,unstable,0.004372041082693734,0.012424951558233189
T25,0.03627254509018036,0.18437543468243645,stable,0.004372041082693734,0.012424951558233189
T25,0.03627254509018036,2.9572172189073562,unstable,0.004372041082693734,0.012424951558233189
T25,0.03637274549098196,0.18359518061363778,stable,0.004372041082693734,0.012424951558233189
T25,0.03637274549098196,2.957997472976155,unstable,0.004372041082693734,0.012424951558233189
T25,0.03647294589178357,0.18282154031086506,stable,0.004372041082693734,0.012424951558233189
T25,0.03647294589178357,2.958771113278928,unstable,0.004372041082693734,0.012424951558233189
T25,0.03657314629258517,0.182054429556608,stable,0.004372041082693734,0.012424951558233189
T25,0.03657314629258517,2.959538224033185,unstable,0.004372041082693734,0.012424951558233189
T25,0.036673346693386774,0.18129376556533972,stable,0.004372041082693734,0.012424951558233189
T25,0.036673346693386774,2.960298888024454,unstable,0.004372041082693734,0.012424951558233189
T25,0.036773547094188376,0.18053946695303713,stable,0.004372041082693734,0.012424951558233189
T25,0.036773547094188376,2.9610531866367555,unstable,0.004372041082693734,0.012424951558233189
T25,0.03687374749498998,0.17979145370748117,stable,0.004372041082693734,0.012424951558233189
T25,0.03687374749498998,2.961801199882312,unstable,0.004372041082693734,0.012424951558233189
T25,0.03697394789579158,0.17904964715931015,stable,0.004372041082693734,0.012424951558233189
T25,0.03697394789579158,2.962543006430483,unstable,0.004372041082693734,0.012424951558233189
T25,0.03707414829659319,0.17831396995381343,stable,0.004372041082693734,0.012424951558233189
T25,0.03707414829659319,2.9632786836359797,unstable,0.004372041082693734,0.012424951558233189
T25,0.03717434869739479,0.17758434602343032,stable,0.004372041082693734,0.012424951558233189
T25,0.03717434869739479,2.9640083075663632,unstable,0.004372041082693734,0.012424951558233189
T25,0.03727454909819639,0.17686070056094394,stable,0.004372041082693734,0.012424951558233189
T25,0.03727454909819639,2.964731953028849,unstable,0.004372041082693734,0.012424951558233189
T25,0.037374749498997994,0.17614295999334528,stable,0.004372041082693734,0.012424951558233189
T25,0.037374749498997994,2.9654496935964474,unstable,0.004372041082693734,0.012424951558233189
T25,0.037474949899799596,0.17543105195634867,stable,0.004372041082693734,0.012424951558233189
T25,0.037474949899799596,2.966161601633445,unstable,0.004372041082693734,0.012424951558233189
T25,0.037575150300601205,0.17472490526953788,stable,0.004372041082693734,0.012424951558233189
T25,0.037575150300601205,2.9668677483202552,unstable,0.004372041082693734,0.012424951558233189
T25,0.03767535070140281,0.17402444991212818,stable,0.004372041082693734,0.012424951558233189
T25,0.03767535070140281,2.967568203677665,unstable,0.004372041082693734,0.012424951558233189
T25,0.03777555110220441,0.1733296169993226,stable,0.004372041082693734,0.012424951558233189
T25,0.03777555110220441,2.9682630365904705,unstable,0.004372041082693734,0.012424951558233189
T25,0.03787575150300601,0.17264033875925033,stable,0.004372041082693734,0.012424951558233189
T25,0.03787575150300601,2.968952314830543,unstable,0.004372041082693734,0.012424951558233189
T25,0.03797595190380761,0.17195654851046394,stable,0.004372041082693734,0.012424951558233189
T25,0.03797595190380761,2.9696361050793296,unstable,0.004372041082693734,0.012424951558233189
T25,0.03807615230460922,0.17127818063998568,stable,0.004372041082693734,0.012424951558233189
T25,0.03807615230460922,2.9703144729498074,unstable,0.004372041082693734,0.012424951558233189
T25,0.038176352705410824,0.1706051705818834,stable,0.004372041082693734,0.012424951558233189
T25,0.038176352705410824,2.97098748300791,unstable,0.004372041082693734,0.012424951558233189
T25,0.038276553106212426,0.16993745479636413,stable,0.004372041082693734,0.012424951558233189
T25,0.038276553106212426,2.971655198793429,unstable,0.004372041082693734,0.012424951558233189
T25,0.03837675350701403,0.16927497074936682,stable,0.004372041082693734,0.012424951558233189
T25,0.03837675350701403,2.9723176828404263,unstable,0.004372041082693734,0.012424951558233189
T25,0.03847695390781563,0.16861765689264407,stable,0.004372041082693734,0.012424951558233189
T25,0.03847695390781563,2.9729749966971486,unstable,0.004372041082693734,0.012424951558233189
T25,0.03857715430861723,0.16796545264431817,stable,0.004372041082693734,0.012424951558233189
T25,0.03857715430861723,2.973627200945475,unstable,0.004372041082693734,0.012424951558233189
T25,0.03867735470941884,0.16731829836989576,stable,0.004372041082693734,0.012424951558233189
T25,0.03867735470941884,2.9742743552198974,unstable,0.004372041082693734,0.012424951558233189
T25,0.03877755511022044,0.1666761353637325,stable,0.004372041082693734,0.012424951558233189
T25,0.03877755511022044,2.9749165182260606,unstable,0.004372041082693734,0.012424951558233189
T25,0.038877755511022044,0.1660389058309324,stable,0.004372041082693734,0.012424951558233189
T25,0.038877755511022044,2.9755537477588607,unstable,0.004372041082693734,0.012424951558233189
T25,0.038977955911823646,0.16540655286967132,stable,0.004372041082693734,0.012424951558233189
T25,0.038977955911823646,2.9761861007201222,unstable,0.004372041082693734,0.012424951558233189
T25,0.03907815631262525,0.16477902045393034,stable,0.004372041082693734,0.012424951558233189
T25,0.03907815631262525,2.976813633135863,unstable,0.004372041082693734,0.012424951558233189
T25,0.03917835671342686,0.16415625341663365,stable,0.004372041082693734,0.012424951558233189
T25,0.03917835671342686,2.9774364001731595,unstable,0.004372041082693734,0.012424951558233189
T25,0.03927855711422846,0.16353819743317421,stable,0.004372041082693734,0.012424951558233189
T25,0.03927855711422846,2.9780544561566185,unstable,0.004372041082693734,0.012424951558233189
T25,0.03937875751503006,0.1629247990053182,stable,0.004372041082693734,0.012424951558233189
T25,0.03937875751503006,2.978667854584475,unstable,0.004372041082693734,0.012424951558233189
T25,0.03947895791583166,0.16231600544548064,stable,0.004372041082693734,0.012424951558233189
T25,0.03947895791583166,2.979276648144312,unstable,0.004372041082693734,0.012424951558233189
T25,0.039579158316633264,0.16171176486135908,stable,0.004372041082693734,0.012424951558233189
T25,0.039579158316633264,2.9798808887284345,unstable,0.004372041082693734,0.012424951558233189
T25,0.039679358717434866,0.16111202614091757,stable,0.004372041082693734,0.012424951558233189
T25,0.039679358717434866,2.980480627448875,unstable,0.004372041082693734,0.012424951558233189
T25,0.039779559118236475,0.16051673893770957,stable,0.004372041082693734,0.012424951558233189
T25,0.039779559118236475,2.9810759146520835,unstable,0.004372041082693734,0.012424951558233189
T25,0.03987975951903808,0.159925853656536,stable,0.004372041082693734,0.012424951558233189
T25,0.03987975951903808,2.981666799933257,unstable,0.004372041082693734,0.012424951558233189
T25,0.03997995991983968,0.15933932143942275,stable,0.004372041082693734,0.012424951558233189
T25,0.03997995991983968,2.9822533321503704,unstable,0.004372041082693734,0.012424951558233189
T25,0.04008016032064128,0.15875709415191164,stable,0.004372041082693734,0.012424951558233189
T25,0.04008016032064128,2.9828355594378815,unstable,0.004372041082693734,0.012424951558233189
T25,0.04018036072144288,0.1581791243696622,stable,0.004372041082693734,0.012424951558233189
T25,0.04018036072144288,2.9834135292201314,unstable,0.004372041082693734,0.012424951558233189
T25,0.04028056112224449,0.1576053653653462,stable,0.004372041082693734,0.012424951558233189
T25,0.04028056112224449,2.983987288224447,unstable,0.004372041082693734,0.012424951558233189
T25,0.040380761523046094,0.15703577109583522,stable,0.004372041082693734,0.012424951558233189
T25,0.040380761523046094,2.9845568824939583,unstable,0.004372041082693734,0.012424951558233189
T25,0.040480961923847696,0.15647029618967068,stable,0.004372041082693734,0.012424951558233189
T25,0.040480961923847696,2.9851223574001224,unstable,0.004372041082693734,0.012424951558233189
T25,0.0405811623246493,0.15590889593481005,stable,0.004372041082693734,0.012424951558233189
T25,0.0405811623246493,2.985683757654983,unstable,0.004372041082693734,0.012424951558233189
T25,0.0406813627254509,0.15535152626663873,stable,0.004372041082693734,0.012424951558233189
T25,0.0406813627254509,2.9862411273231544,unstable,0.004372041082693734,0.012424951558233189
T25,0.04078156312625251,0.15479814375624734,stable,0.004372041082693734,0.012424951558233189
T25,0.04078156312625251,2.9867945098335458,unstable,0.004372041082693734,0.012424951558233189
T25,0.04088176352705411,0.15424870559896142,stable,0.004372041082693734,0.012424951558233189
T25,0.04088176352705411,2.9873439479908317,unstable,0.004372041082693734,0.012424951558233189
T25,0.04098196392785571,0.1537031696031197,stable,0.004372041082693734,0.012424951558233189
T25,0.04098196392785571,2.987889483986674,unstable,0.004372041082693734,0.012424951558233189
T25,0.041082164328657314,0.15316149417909575,stable,0.004372041082693734,0.012424951558233189
T25,0.041082164328657314,2.9884311594106974,unstable,0.004372041082693734,0.012424951558233189
T25,0.041182364729458916,0.15262363832855508,stable,0.004372041082693734,0.012424951558233189
T25,0.041182364729458916,2.9889690152612385,unstable,0.004372041082693734,0.012424951558233189
T25,0.04128256513026052,0.15208956163394172,stable,0.004372041082693734,0.012424951558233189
T25,0.04128256513026052,2.989503091955852,unstable,0.004372041082693734,0.012424951558233189
T25,0.04138276553106213,0.15155922424818957,stable,0.004372041082693734,0.012424951558233189
T25,0.04138276553106213,2.9900334293416035,unstable,0.004372041082693734,0.012424951558233189
T25,0.04148296593186373,0.1510325868846536,stable,0.004372041082693734,0.012424951558233189
T25,0.04148296593186373,2.9905600667051395,unstable,0.004372041082693734,0.012424951558233189
T25,0.04158316633266533,0.1505096108072541,stable,0.004372041082693734,0.012424951558233189
T25,0.04158316633266533,2.991083042782539,unstable,0.004372041082693734,0.012424951558233189
T25,0.04168336673346693,0.14999025782082587,stable,0.004372041082693734,0.012424951558233189
T25,0.04168336673346693,2.9916023957689672,unstable,0.004372041082693734,0.012424951558233189
T25,0.041783567134268534,0.1494744902616758,stable,0.004372041082693734,0.012424951558233189
T25,0.041783567134268534,2.992118163328117,unstable,0.004372041082693734,0.012424951558233189
T25,0.04188376753507014,0.14896227098833448,stable,0.004372041082693734,0.012424951558233189
T25,0.04188376753507014,2.992630382601458,unstable,0.004372041082693734,0.012424951558233189
T25,0.041983967935871745,0.14845356337250193,stable,0.004372041082693734,0.012424951558233189
T25,0.041983967935871745,2.9931390902172907,unstable,0.004372041082693734,0.012424951558233189
T25,0.04208416833667335,0.14794833129018192,stable,0.004372041082693734,0.012424951558233189
T25,0.04208416833667335,2.9936443222996107,unstable,0.004372041082693734,0.012424951558233189
T25,0.04218436873747495,0.14744653911300132,stable,0.004372041082693734,0.012424951558233189
T25,0.04218436873747495,2.9941461144767914,unstable,0.004372041082693734,0.012424951558233189
T25,0.04228456913827655,0.14694815169970576,stable,0.004372041082693734,0.012424951558233189
T25,0.04228456913827655,2.994644501890088,unstable,0.004372041082693734,0.012424951558233189
T25,0.04238476953907815,0.14645313438783347,stable,0.004372041082693734,0.012424951558233189
T25,0.04238476953907815,2.9951395192019596,unstable,0.004372041082693734,0.012424951558233189
T25,0.04248496993987976,0.14596145298555907,stable,0.004372041082693734,0.012424951558233189
T25,0.04248496993987976,2.995631200604234,unstable,0.004372041082693734,0.012424951558233189
T25,0.042585170340681364,0.1454730737637031,stable,0.004372041082693734,0.012424951558233189
T25,0.042585170340681364,2.9961195798260896,unstable,0.004372041082693734,0.012424951558233189
T25,0.042685370741482966,0.14498796344790543,stable,0.004372041082693734,0.012424951558233189
T25,0.042685370741482966,2.996604690141888,unstable,0.004372041082693734,0.012424951558233189
T25,0.04278557114228457,0.14450608921095798,stable,0.004372041082693734,0.012424951558233189
T25,0.04278557114228457,2.9970865643788347,unstable,0.004372041082693734,0.012424951558233189
T25,0.04288577154308617,0.14402741866529079,stable,0.004372041082693734,0.012424951558233189
T25,0.04288577154308617,2.9975652349245028,unstable,0.004372041082693734,0.012424951558233189
T25,0.04298597194388778,0.14355191985561078,stable,0.004372041082693734,0.012424951558233189
T25,0.04298597194388778,2.9980407337341823,unstable,0.004372041082693734,0.012424951558233189
T25,0.04308617234468938,0.1430795612516902,stable,0.004372041082693734,0.012424951558233189
T25,0.04308617234468938,2.9985130923381025,unstable,0.004372041082693734,0.012424951558233189
T25,0.04318637274549098,0.14261031174129446,stable,0.004372041082693734,0.012424951558233189
T25,0.04318637274549098,2.9989823418484987,unstable,0.004372041082693734,0.012424951558233189
T25,0.043286573146292584,0.14214414062325886,stable,0.004372041082693734,0.012424951558233189
T25,0.043286573146292584,2.9994485129665343,unstable,0.004372041082693734,0.012424951558233189
T25,0.043386773547094186,0.14168101760069352,stable,0.004372041082693734,0.012424951558233189
T25,0.043386773547094186,2.9999116359890996,unstable,0.004372041082693734,0.012424951558233189
T25,0.043486973947895795,0.14122091277433224,stable,0.004372041082693734,0.012424951558233189
T25,0.043486973947895795,3.000371740815461,unstable,0.004372041082693734,0.012424951558233189
T25,0.0435871743486974,0.1407637966360058,stable,0.004372041082693734,0.012424951558233189
T25,0.0435871743486974,3.0008288569537873,unstable,0.004372041082693734,0.012424951558233189
T25,0.043687374749499,0.1403096400622479,stable,0.004372041082693734,0.012424951558233189
T25,0.043687374749499,3.0012830135275452,unstable,0.004372041082693734,0.012424951558233189
T25,0.0437875751503006,0.13985841430802548,stable,0.004372041082693734,0.012424951558233189
T25,0.0437875751503006,3.0017342392817676,unstable,0.004372041082693734,0.012424951558233189
T25,0.0438877755511022,0.13941009100059,stable,0.004372041082693734,0.012424951558233189
T25,0.0438877755511022,3.002182562589203,unstable,0.004372041082693734,0.012424951558233189
T25,0.043987975951903804,0.1389646421334514,stable,0.004372041082693734,0.012424951558233189
T25,0.043987975951903804,3.0026280114563413,unstable,0.004372041082693734,0.012424951558233189
T25,0.04408817635270541,0.13852204006046698,stable,0.004372041082693734,0.012424951558233189
T25,0.04408817635270541,3.003070613529326,unstable,0.004372041082693734,0.012424951558233189
T25,0.044188376753507015,0.138082257490046,stable,0.004372041082693734,0.012424951558233189
T25,0.044188376753507015,3.003510396099747,unstable,0.004372041082693734,0.012424951558233189
T25,0.04428857715430862,0.13764526747946526,stable,0.004372041082693734,0.012424951558233189
T25,0.04428857715430862,3.003947386110328,unstable,0.004372041082693734,0.012424951558233189
T25,0.04438877755511022,0.13721104342929413,stable,0.004372041082693734,0.012424951558233189
T25,0.04438877755511022,3.0043816101604985,unstable,0.004372041082693734,0.012424951558233189
T25,0.04448897795591182,0.1367795590779286,stable,0.004372041082693734,0.012424951558233189
T25,0.04448897795591182,3.0048130945118645,unstable,0.004372041082693734,0.012424951558233189
T25,0.04458917835671343,0.1363507884962254,stable,0.004372041082693734,0.012424951558233189
T25,0.04458917835671343,3.005241865093568,unstable,0.004372041082693734,0.012424951558233189
T25,0.04468937875751503,0.1359247060822426,stable,0.004372041082693734,0.012424951558233189
T25,0.04468937875751503,3.0056679475075505,unstable,0.004372041082693734,0.012424951558233189
T25,0.044789579158316634,0.13550128655607807,stable,0.004372041082693734,0.012424951558233189
T25,0.044789579158316634,3.006091367033715,unstable,0.004372041082693734,0.012424951558233189
T25,0.044889779559118236,0.13508050495480584,stable,0.004372041082693734,0.012424951558233189
T25,0.044889779559118236,3.0065121486349877,unstable,0.004372041082693734,0.012424951558233189
T25,0.04498997995991984,0.13466233662750904,stable,0.004372041082693734,0.012424951558233189
T25,0.04498997995991984,3.0069303169622845,unstable,0.004372041082693734,0.012424951558233189
T25,0.04509018036072144,0.13424675723040336,stable,0.004372041082693734,0.012424951558233189
T25,0.04509018036072144,3.0073458963593893,unstable,0.004372041082693734,0.012424951558233189
T25,0.04519038076152305,0.13383374272205595,stable,0.004372041082693734,0.012424951558233189
T25,0.04519038076152305,3.0077589108677376,unstable,0.004372041082693734,0.012424951558233189
T25,0.04529058116232465,0.13342326935869053,stable,0.004372041082693734,0.012424951558233189
T25,0.04529058116232465,3.0081693842311026,unstable,0.004372041082693734,0.012424951558233189
T25,0.04539078156312625,0.1330153136895822,stable,0.004372041082693734,0.012424951558233189
T25,0.04539078156312625,3.008577339900211,unstable,0.004372041082693734,0.012424951558233189
T25,0.045490981963927854,0.13260985255253432,stable,0.004372041082693734,0.012424951558233189
T25,0.045490981963927854,3.0089828010372592,unstable,0.004372041082693734,0.012424951558233189
T25,0.045591182364729456,0.13220686306944485,stable,0.004372041082693734,0.012424951558233189
T25,0.045591182364729456,3.009385790520348,unstable,0.004372041082693734,0.012424951558233189
T25,0.045691382765531065,0.13180632264194747,stable,0.004372041082693734,0.012424951558233189
T25,0.045691382765531065,3.009786330947845,unstable,0.004372041082693734,0.012424951558233189
T25,0.04579158316633267,0.13140820894713956,stable,0.004372041082693734,0.012424951558233189
T25,0.04579158316633267,3.010184444642654,unstable,0.004372041082693734,0.012424951558233189
T25,0.04589178356713427,0.13101249993338282,stable,0.004372041082693734,0.012424951558233189
T25,0.04589178356713427,3.0105801536564103,unstable,0.004372041082693734,0.012424951558233189
T25,0.04599198396793587,0.13061917381618615,stable,0.004372041082693734,0.012424951558233189
T25,0.04599198396793587,3.0109734797736074,unstable,0.004372041082693734,0.012424951558233189
T25,0.04609218436873747,0.13022820907415777,stable,0.004372041082693734,0.012424951558233189
T25,0.04609218436873747,3.0113644445156353,unstable,0.004372041082693734,0.012424951558233189
T25,0.04619238476953908,0.12983958444503552,stable,0.004372041082693734,0.012424951558233189
T25,0.04619238476953908,3.011753069144758,unstable,0.004372041082693734,0.012424951558233189
T25,0.04629258517034068,0.1294532789217877,stable,0.004372041082693734,0.012424951558233189
T25,0.04629258517034068,3.0121393746680054,unstable,0.004372041082693734,0.012424951558233189
T25,0.046392785571142285,0.12906927174878202,stable,0.004372041082693734,0.012424951558233189
T25,0.046392785571142285,3.012523381841011,unstable,0.004372041082693734,0.012424951558233189
T25,0.04649298597194389,0.12868754241802716,stable,0.004372041082693734,0.012424951558233189
T25,0.04649298597194389,3.012905111171766,unstable,0.004372041082693734,0.012424951558233189
T25,0.04659318637274549,0.12830807066548022,stable,0.004372041082693734,0.012424951558233189
T25,0.04659318637274549,3.013284582924313,unstable,0.004372041082693734,0.012424951558233189
T25,0.04669338677354709,0.1279308364674181,stable,0.004372041082693734,0.012424951558233189
T25,0.04669338677354709,3.013661817122375,unstable,0.004372041082693734,0.012424951558233189
T25,0.0467935871743487,0.12755582003687804,stable,0.004372041082693734,0.012424951558233189
T25,0.0467935871743487,3.0140368335529146,unstable,0.004372041082693734,0.012424951558233189
T25,0.0468937875751503,0.12718300182015652,stable,0.004372041082693734,0.012424951558233189
T25,0.0468937875751503,3.014409651769636,unstable,0.004372041082693734,0.012424951558233189
T25,0.046993987975951904,0.12681236249337502,stable,0.004372041082693734,0.012424951558233189
T25,0.046993987975951904,3.014780291096418,unstable,0.004372041082693734,0.012424951558233189
T25,0.047094188376753505,0.12644388295910236,stable,0.004372041082693734,0.012424951558233189
T25,0.047094188376753505,3.0151487706306908,unstable,0.004372041082693734,0.012424951558233189
T25,0.04719438877755511,0.12607754434303997,stable,0.004372041082693734,0.012424951558233189
T25,0.04719438877755511,3.0155151092467527,unstable,0.004372041082693734,0.012424951558233189
T25,0.047294589178356716,0.12571332799076185,stable,0.004372041082693734,0.012424951558233189
T25,0.047294589178356716,3.0158793255990313,unstable,0.004372041082693734,0.012424951558233189
T25,0.04739478957915832,0.12535121546451533,stable,0.004372041082693734,0.012424951558233189
T25,0.04739478957915832,3.0162414381252773,unstable,0.004372041082693734,0.012424951558233189
T25,0.04749498997995992,0.12499118854007474,stable,0.004372041082693734,0.012424951558233189
T25,0.04749498997995992,3.0166014650497184,unstable,0.004372041082693734,0.012424951558233189
T25,0.04759519038076152,0.12463322920365272,stable,0.004372041082693734,0.012424951558233189
T25,0.04759519038076152,3.0169594243861404,unstable,0.004372041082693734,0.012424951558233189
T25,0.047695390781563124,0.1242773196488609,stable,0.004372041082693734,0.012424951558233189
T25,0.047695390781563124,3.0173153339409318,unstable,0.004372041082693734,0.012424951558233189
T25,0.04779559118236473,0.12392344227372831,stable,0.004372041082693734,0.012424951558233189
T25,0.04779559118236473,3.017669211316065,unstable,0.004372041082693734,0.012424951558233189
T25,0.047895791583166335,0.12357157967776766,stable,0.004372041082693734,0.012424951558233189
T25,0.047895791583166335,3.018021073912026,unstable,0.004372041082693734,0.012424951558233189
T25,0.04799599198396794,0.12322171465909282,stable,0.004372041082693734,0.012424951558233189
T25,0.04799599198396794,3.0183709389307003,unstable,0.004372041082693734,0.012424951558233189
T25,0.04809619238476954,0.12287383021158815,stable,0.004372041082693734,0.012424951558233189
T25,0.04809619238476954,3.0187188233782045,unstable,0.004372041082693734,0.012424951558233189
T25,0.04819639278557114,0.122527909522121,stable,0.004372041082693734,0.012424951558233189
T25,0.04819639278557114,3.0190647440676717,unstable,0.004372041082693734,0.012424951558233189
T25,0.04829659318637274,0.1221839359678083,stable,0.004372041082693734,0.012424951558233189
T25,0.04829659318637274,3.0194087176219853,unstable,0.004372041082693734,0.012424951558233189
T25,0.04839679358717435,0.12184189311332405,stable,0.004372041082693734,0.012424951558233189
T25,0.04839679358717435,3.0197507604764695,unstable,0.004372041082693734,0.012424951558233189
T25,0.04849699398797595,0.12150176470825613,stable,0.004372041082693734,0.012424951558233189
T25,0.04849699398797595,3.020090888881537,unstable,0.004372041082693734,0.012424951558233189
T25,0.048597194388777555,0.12116353468450658,stable,0.004372041082693734,0.012424951558233189
T25,0.048597194388777555,3.0204291189052865,unstable,0.004372041082693734,0.012424951558233189
T25,0.04869739478957916,0.12082718715373453,stable,0.004372041082693734,0.012424951558233189
T25,0.04869739478957916,3.0207654664360586,unstable,0.004372041082693734,0.012424951558233189
T25,0.04879759519038076,0.12049270640484488,stable,0.004372041082693734,0.012424951558233189
T25,0.04879759519038076,3.0210999471849487,unstable,0.004372041082693734,0.012424951558233189
T25,0.04889779559118237,0.1201600769015152,stable,0.004372041082693734,0.012424951558233189
T25,0.04889779559118237,3.0214325766882784,unstable,0.004372041082693734,0.012424951558233189
T25,0.04899799599198397,0.11982928327976916,stable,0.004372041082693734,0.012424951558233189
T25,0.04899799599198397,3.0217633703100244,unstable,0.004372041082693734,0.012424951558233189
T25,0.04909819639278557,0.11950031034558561,stable,0.004372041082693734,0.012424951558233189
T25,0.04909819639278557,3.022092343244207,unstable,0.004372041082693734,0.012424951558233189
T25,0.049198396793587174,0.11917314307254889,stable,0.004372041082693734,0.012424951558233189
T25,0.049198396793587174,3.022419510517244,unstable,0.004372041082693734,0.012424951558233189
T25,0.049298597194388775,0.11884776659954088,stable,0.004372041082693734,0.012424951558233189
T25,0.049298597194388775,3.0227448869902522,unstable,0.004372041082693734,0.012424951558233189
T25,0.04939879759519038,0.11852416622846595,stable,0.004372041082693734,0.012424951558233189
T25,0.04939879759519038,3.0230684873613267,unstable,0.004372041082693734,0.012424951558233189
T25,0.049498997995991986,0.11820232742201986,stable,0.004372041082693734,0.012424951558233189
T25,0.049498997995991986,3.023390326167773,unstable,0.004372041082693734,0.012424951558233189
T25,0.04959919839679359,0.11788223580148749,stable,0.004372041082693734,0.012424951558233189
T25,0.04959919839679359,3.0237104177883056,unstable,0.004372041082693734,0.012424951558233189
T25,0.04969939879759519,0.11756387714458505,stable,0.004372041082693734,0.012424951558233189
T25,0.04969939879759519,3.024028776445208,unstable,0.004372041082693734,0.012424951558233189
T25,0.04979959919839679,0.11724723738333154,stable,0.004372041082693734,0.012424951558233189
T25,0.04979959919839679,3.0243454162064616,unstable,0.004372041082693734,0.012424951558233189
T25,0.049899799599198394,0.11693230260195664,stable,0.004372041082693734,0.012424951558233189
T25,0.049899799599198394,3.024660350987837,unstable,0.004372041082693734,0.012424951558233189
T25,0.05,0.1166190590348446,stable,0.004372041082693734,0.012424951558233189
T25,0.05,3.0249735945549485,unstable,0.004372041082693734,0.012424951558233189
